Sequence,Length,Rank (x),Reads (x),RPM (x),Rank (y),Reads (y),RPM (y),Rank (z),Reads (z),RPM (z),Enrichment (y/x),Enrichment (z/y),Enrichment (z/x),energy,RBM_likelihood_R1,RBM_likelihood_R2,RBM_likelihood_R3,RBM_likelihood_R4
CTGTTACCGGGGACATCCGA,20,431,43,94.4,655,5,27.31,989,3,10.9,0.289300847,0.399121201,0.115466102,-98.22091654,-27.330276,-27.66436,-17.229698,-13.820274
CTGATACCGGGCAGGTCCGA,20,35,1123,2465.38,97,81,442.48,306,18,65.4,0.179477403,0.147803291,0.026527351,-96.6973046,-27.357285,-27.52575,-18.267616,-12.98946
CTGTTACCAGGTAGGACCGA,20,1303,12,26.34,,,,1930,1,3.63,,,0.137813212,-86.12067763,-26.939247,-27.01596,-22.017532,-19.736614
CTGCTGCCGGGTTGGTCCGA,20,8113,1,2.2,,,,1255,2,7.27,,,3.304545455,-88.57700487,-28.18312,-26.796646,-19.768585,-16.992031
CTGTTTCCGGGTGAGTCCGA,20,,,,,,,708,5,18.17,,,,-88.00088994,-28.217613,-27.38742,-21.562859,-17.56023
CTGCTACCCGGTAGGTCCGA,20,787,21,46.1,904,3,16.39,639,6,21.8,0.355531453,1.330079317,0.472885033,-96.43707658,-27.749786,-27.742813,-15.977043,-15.765076
CTGCTACCGGGTAATTCGGA,20,,,,,,,1930,1,3.63,,,,-99.89649414,-27.757545,-27.753525,-16.289764,-15.563217
CTGTTACCGGGAAGGCCCGA,20,255,99,217.34,655,5,27.31,830,4,14.53,0.125655655,0.532039546,0.066853777,-99.08465312,-27.16121,-28.074959,-18.56115,-14.571922
CTGCTACCGGGTTGATCCGA,20,637,26,57.08,904,3,16.39,989,3,10.9,0.287140855,0.665039658,0.190960056,-100.6626259,-27.156418,-25.568832,-14.170959,-10.810158
CTGTTGCCGGGGACGTCCGA,20,4644,2,4.39,,,,1930,1,3.63,,,0.826879271,-87.30173427,-28.389053,-28.938759,-22.141953,-18.466084
CTGTTACGGGGCAGGTCCGA,20,688,24,52.69,1665,1,5.46,989,3,10.9,0.103624976,1.996336996,0.206870374,-88.28874899,-27.873108,-28.021324,-21.770851,-19.004429
CTGCTACCGGAGAAGTCCGA,20,2216,6,13.17,,,,1930,1,3.63,,,0.275626424,-105.4947475,-27.043655,-27.576935,-14.01149,-10.184658
CTGCTACCGGGTCGGCCCGA,20,925,18,39.52,,,,1930,1,3.63,,,0.091852227,-98.13606114,-27.681122,-28.505264,-17.762672,-13.779938
CTGCTATCGGGTAGGTCCGA,20,1205,13,28.54,904,3,16.39,544,8,29.07,0.57428171,1.773642465,1.018570427,-97.41994467,-27.619286,-27.239685,-19.881577,-17.12564
CTGCTACCGGGGGGGTCCGA,20,1133,14,30.73,743,4,21.85,830,4,14.53,0.711031565,0.664988558,0.472827856,-100.2520336,-28.03846,-29.267464,-18.142525,-13.216873
CTGTTTCCCGGTAGATCGGA,20,,,,,,,1930,1,3.63,,,,-83.99683725,-28.482712,-27.993607,-22.051498,-19.795406
CTGCTGCCGGGTCAGTCCGA,20,,,,,,,1930,1,3.63,,,,-93.2330502,-28.29953,-28.190742,-19.399086,-16.110027
CTGTTACGGGGTAGGTCCGA,20,146,244,535.67,246,21,114.72,240,26,94.47,0.214161704,0.823483264,0.176358579,-89.75506675,-27.706001,-27.008865,-20.570663,-17.496494
CTGTTTCCGGGTAGGACCGA,20,872,19,41.71,1665,1,5.46,1930,1,3.63,0.13090386,0.664835165,0.087029489,-83.95243705,-27.789627,-27.45813,-21.69062,-18.980537
CTGCTACCCGGCAGGTCCGA,20,,,,,,,1930,1,3.63,,,,-96.07614097,-27.900574,-29.036118,-16.743683,-16.836517
CTGTTACCAGGTGAGTCCGA,20,,,,1665,1,5.46,1930,1,3.63,,0.664835165,,-90.03779566,-27.330177,-26.728348,-20.954567,-17.96434
CTGATACCGGGTAGGTCCGA,20,8,10395,22820.73,16,1239,6768.31,46,286,1039.12,0.296586043,0.153527247,0.045534039,-98.07427175,-27.194885,-26.346298,-16.965271,-11.3731575
CTGCTACTGGGTGAGTCCGA,20,,,,1665,1,5.46,1255,2,7.27,,1.331501832,,-97.94933761,-27.132942,-26.502762,-18.93348,-16.593117
CTGTTTCTCGGTAGGTCCGA,20,3487,3,6.59,1665,1,5.46,1255,2,7.27,0.828528073,1.331501832,1.103186646,-72.17658195,-28.055809,-27.015465,-25.045609,-25.471409
CTGCTACCGGGTCAATCCGA,20,4644,2,4.39,904,3,16.39,830,4,14.53,3.733485194,0.886516168,3.309794989,-104.0596977,-27.145271,-26.679314,-13.856964,-10.510689
CTGTTTCCGGATAGGTCCGA,20,1303,12,26.34,,,,1255,2,7.27,,,0.276006074,-85.53153776,-27.996826,-26.698135,-21.846252,-18.723095
CTGTTACCGGGAGAGTTCGA,20,,,,,,,1930,1,3.63,,,,-93.45696151,-28.192123,-29.139305,-20.196365,-18.541908
CTGTTTCCTGGTACTTCCGA,20,,,,,,,1930,1,3.63,,,,-73.00774979,-27.963356,-26.106697,-24.364662,-23.936619
CTGTTACCGGTGAGGTCCGA,20,665,25,54.88,904,3,16.39,1930,1,3.63,0.298651603,0.22147651,0.066144315,-95.61029551,-27.648308,-27.00624,-18.364632,-13.993877
CTGATACCGGGTACGTCCGA,20,36,1100,2414.89,68,146,797.56,160,48,174.4,0.330267631,0.218666934,0.07221861,-96.82315104,-27.053734,-26.625717,-16.965744,-11.56041
CTGCTTCCCGGTTAGTCCGA,20,,,,,,,1930,1,3.63,,,,-85.3486869,-28.33966,-27.26918,-20.168037,-21.075363
CTGCTACCGGGAGAGTCCGA,20,4644,2,4.39,904,3,16.39,442,11,39.97,3.733485194,2.438682123,9.104783599,-106.9528266,-27.465508,-28.20485,-14.793816,-10.517544
CTGGTACCGGGTAAGTCCGA,20,287,81,177.82,904,3,16.39,708,5,18.17,0.092171859,1.108602807,0.102181982,-99.65198994,-27.268463,-26.85022,-18.017029,-14.955753
CTGCTACCGGCCAAGTCCGA,20,2500,5,10.98,1665,1,5.46,1930,1,3.63,0.49726776,0.664835165,0.330601093,-104.2046463,-27.499382,-28.122902,-14.140572,-10.941765
CTGCTATCGGGTACGTCCGA,20,,,,,,,1930,1,3.63,,,,-97.00960526,-27.478432,-27.083473,-19.278534,-16.473892
CTGTTTCCCGCTAGATTCGA,20,,,,,,,1930,1,3.63,,,,-75.89566613,-28.880074,-28.866158,-23.677727,-26.73388
CTGCCACCGGGCGGGTCCGA,20,8113,1,2.2,,,,1255,2,7.27,,,3.304545455,-92.4811421,-28.667336,-30.199554,-24.686615,-20.003914
CTGTTACGGGGTACGTCCGA,20,872,19,41.71,904,3,16.39,639,6,21.8,0.392951331,1.330079317,0.522656437,-88.63641864,-27.59317,-27.285866,-20.336845,-17.273724
CTGTTACCGGGTCGGACCGA,20,246,112,245.88,,,,1930,1,3.63,,,0.014763299,-90.67422349,-27.441437,-27.881935,-19.663605,-15.000252
CTGTTACTGGGTTTGTCCGA,20,8113,1,2.2,,,,1930,1,3.63,,,1.65,-84.90082888,-27.186699,-25.14338,-21.94857,-19.408024
CTGTTACCGAGTGAGTCCGA,20,,,,,,,1930,1,3.63,,,,-90.47726206,-27.440987,-26.867752,-19.398941,-17.405151
CTGTTACCGGGGAAGCCCGA,20,2923,4,8.78,1665,1,5.46,989,3,10.9,0.621867882,1.996336996,1.241457859,-100.4115962,-27.000755,-28.065056,-17.61016,-13.672272
CTGCCACCGGGTGGGTCCGA,20,,,,1665,1,5.46,830,4,14.53,,2.661172161,,-93.66237746,-28.275177,-28.19329,-22.008354,-17.759815
CTGTTACCGGGGAGATCCGA,20,80,439,963.76,214,26,142.03,639,6,21.8,0.147370715,0.1534887,0.022619739,-98.42279078,-27.436287,-27.585548,-16.921722,-12.993118
CTGATTCCGGGTTAGTCCGA,20,4644,2,4.39,,,,1930,1,3.63,,,0.826879271,-87.82094919,-27.752563,-26.274323,-21.290611,-17.33308
CTGTTACCGGGTAAGTCGGA,20,1657,9,19.76,,,,1930,1,3.63,,,0.183704453,-97.26170563,-27.862526,-27.910774,-18.3936,-16.747932
CTGCTACCGGCTAAGTCCGA,20,364,54,118.55,156,40,218.51,154,52,188.93,1.843188528,0.864628621,1.593673555,-105.5647247,-27.352646,-27.484146,-13.680237,-10.031479
CTGTTACTTGGTACGTCCGA,20,,,,,,,1930,1,3.63,,,,-78.4076766,-27.0904,-25.757408,-23.106697,-22.54871
CTGTTACCGGGTAGCCCCGA,20,369,53,116.35,,,,1255,2,7.27,,,0.062483885,-93.69541085,-27.25261,-27.436775,-19.37259,-15.864979
CTGTTACTGGATAGGTTCGA,20,8113,1,2.2,,,,1930,1,3.63,,,1.65,-80.74586279,-27.535606,-26.435379,-23.039055,-22.128353
CTGTTACCGGGGAGCTCCGA,20,237,123,270.03,1665,1,5.46,1930,1,3.63,0.020219976,0.664835165,0.013442951,-95.37905296,-27.904366,-28.7527,-19.114746,-15.353893
CTGCTACCGGTTGAGTCCGA,20,3487,3,6.59,,,,1930,1,3.63,,,0.550834598,-101.4649119,-27.448425,-26.617867,-15.99321,-12.098278
CTGTTACCGGGTAGACCCGA,20,163,214,469.81,904,3,16.39,1930,1,3.63,0.034886443,0.22147651,0.007726528,-97.71752539,-26.895172,-26.92363,-17.932243,-14.104771
CTGCTACCGGGATGGTCCGA,20,525,33,72.45,238,23,125.64,202,34,123.53,1.734161491,0.983205985,1.705037957,-102.6666742,-27.326363,-26.390694,-14.53157,-10.376019
CTGTTACCGGGTAAGTCCGA,20,3,17686,38827.07,3,15975,87266.95,2,46086,167443.58,2.247580103,1.918751372,4.312547406,-101.3105111,-27.371353,-26.834015,-16.50792,-11.399059
CTGTTACCAGGTTCGTCCGA,20,8113,1,2.2,,,,1255,2,7.27,,,3.304545455,-84.70142732,-27.624168,-26.107399,-21.6475,-19.29596
CTGTTACCGGGTTGGTGCGA,20,1800,8,17.56,,,,1930,1,3.63,,,0.206719818,-90.47124827,-27.258759,-26.049461,-18.479813,-17.317554
CTGTTACCGCGCAGGTCCGA,20,688,24,52.69,,,,1930,1,3.63,,,0.068893528,-90.87117116,-27.916428,-28.597221,-19.366768,-17.90149
CTGTTACTGGGTAACTCCGA,20,,,,,,,1930,1,3.63,,,,-90.52902357,-27.017227,-26.351723,-21.0663,-18.446388
CTGTTACCGGGCAAGTCCGA,20,37,1076,2362.2,32,516,2818.76,28,849,3084.66,1.193277453,1.09433226,1.305842012,-100.233546,-27.50592,-27.760735,-17.275719,-12.599056
CTGTTTCCGGGTTCGTCCGA,20,8113,1,2.2,1665,1,5.46,1930,1,3.63,2.481818182,0.664835165,1.65,-82.32498207,-28.512238,-26.785843,-22.005295,-18.620464
CTGTTACCGGGTTTATCCGA,20,3487,3,6.59,,,,1930,1,3.63,,,0.550834598,-93.7514991,-27.4124,-25.95147,-19.375557,-15.428856
CTGTTACCGCGTAGGTCCGA,20,182,181,397.36,408,10,54.63,639,6,21.8,0.137482384,0.399048142,0.05486209,-91.85891308,-27.779366,-27.361183,-18.06897,-16.662441
CTGTTACCGGATGGGTCCGA,20,484,36,79.03,1665,1,5.46,830,4,14.53,0.069087688,2.661172161,0.183854233,-93.60482785,-27.462463,-26.608208,-19.127045,-14.567181
CTGCTTCTGGGTAAGTCCGA,20,,,,1665,1,5.46,1255,2,7.27,,1.331501832,,-90.5927463,-27.744698,-26.998886,-21.962212,-20.760063
CTGTTATCCGGTAAGTCCGA,20,,,,,,,1930,1,3.63,,,,-87.67621688,-27.44381,-26.67472,-21.329788,-21.462952
CTGTTACCCGGTATGTCCGA,20,1205,13,28.54,,,,1930,1,3.63,,,0.127189909,-90.68331463,-27.411255,-25.979385,-17.918228,-17.653545
CTGTCACCGGGAAGGTCCGA,20,872,19,41.71,904,3,16.39,1930,1,3.63,0.392951331,0.22147651,0.087029489,-91.64048986,-27.806808,-28.041153,-23.391365,-18.214077
CTGCTACCGGGTAGGGCCGA,20,192,167,366.62,904,3,16.39,1930,1,3.63,0.04470569,0.22147651,0.00990126,-98.52146832,-27.276917,-27.95266,-16.70829,-14.37978
CTGTTACCGAGTTGGTCCGA,20,1303,12,26.34,1665,1,5.46,989,3,10.9,0.207289294,1.996336996,0.413819286,-86.4415606,-27.397675,-25.42115,-18.924873,-18.140118
CTGCTACCGGGACAGTCCGA,20,3487,3,6.59,743,4,21.85,708,5,18.17,3.315629742,0.831578947,2.757207891,-105.884336,-27.234467,-27.757133,-14.33493,-10.015545
CTGCTACCGGGTGAATCCGA,20,,,,1665,1,5.46,1930,1,3.63,,0.664835165,,-104.8043496,-26.92302,-26.504776,-13.748344,-10.015129
CTGTTTCCCGGTAGATCCGA,20,,,,,,,1930,1,3.63,,,,-81.80263486,-28.014885,-26.753937,-21.118477,-21.826828
CTGCTTCCGGGGACGTCCGA,20,,,,,,,1930,1,3.63,,,,-92.7798077,-28.368553,-28.94728,-20.139679,-17.241627
CTGCTACCGGGTACGGCCGA,20,1800,8,17.56,,,,1930,1,3.63,,,0.206719818,-98.28550601,-27.048943,-27.629745,-15.383194,-13.607418
CTGTTTCCGGGTTGGTCCGA,20,484,36,79.03,443,9,49.16,319,17,61.77,0.622042262,1.256509357,0.781601923,-82.47214843,-28.174255,-26.152626,-21.500763,-18.311321
CTGCTACCGGGTGGGCCCGA,20,1303,12,26.34,,,,989,3,10.9,,,0.413819286,-99.61163108,-27.371155,-28.316666,-17.63565,-14.07
CTGTTTCCGGGTAAGTGCGA,20,8113,1,2.2,,,,1930,1,3.63,,,1.65,-87.15960731,-27.867165,-27.434158,-21.151497,-20.205677
CTGCTACCCGGCAGGTCGGA,20,8113,1,2.2,,,,1255,2,7.27,,,3.304545455,-98.82259991,-28.360298,-29.908073,-16.690407,-14.156784
CTGCTACCGGGCAAGTTCGA,20,,,,,,,1930,1,3.63,,,,-99.2332592,-27.915718,-28.872765,-16.65741,-15.828995
CTGATACCGGGTAGGTCGGA,20,2216,6,13.17,,,,1930,1,3.63,,,0.275626424,-94.05632614,-27.668587,-27.408394,-18.892769,-16.702381
CTGTTACCAGGTTGGTCCGA,20,1800,8,17.56,1165,2,10.93,830,4,14.53,0.622437358,1.32936871,0.827448747,-84.77016315,-27.313705,-25.315392,-20.419289,-18.18253
CTGCTATCGAATAAGTCCGA,20,,,,,,,1930,1,3.63,,,,-91.05127532,-26.789337,-26.402397,-20.463066,-20.16618
CTGCTACCGGGATCGTCCGA,20,,,,,,,1930,1,3.63,,,,-102.1166991,-27.602333,-27.184685,-15.1315,-11.04958
CTGTAACCGGGTGGGTCCGA,20,2923,4,8.78,,,,1930,1,3.63,,,0.413439636,-86.40253043,-27.63755,-27.62535,-22.840408,-19.065926
CTGTTTCCGGGCTGGTCCGA,20,,,,1665,1,5.46,708,5,18.17,,3.327838828,,-81.4021917,-28.47493,-27.491531,-22.864304,-19.49485
CTGCTACCGGGTAAGTTCGA,20,4644,2,4.39,904,3,16.39,442,11,39.97,3.733485194,2.438682123,9.104783599,-99.94787177,-27.807037,-27.878517,-15.932785,-14.812355
CTGCTACCGGGTAATTCCGA,20,872,19,41.71,1165,2,10.93,1255,2,7.27,0.262047471,0.665141812,0.174298729,-103.7166207,-27.171692,-26.318573,-14.59478,-11.045246
CTGCTACCCGGTAGGTCGGA,20,719,23,50.49,443,9,49.16,106,86,312.46,0.97365815,6.355980472,6.188552189,-99.3723048,-28.202538,-28.649109,-15.771492,-12.985241
CTGCTACTGGGTTGGTCCGA,20,4644,2,4.39,,,,1255,2,7.27,,,1.656036446,-93.63684873,-27.179054,-25.391808,-19.074936,-17.241665
CTGTTACTGGGAAAGTCCGA,20,2216,6,13.17,,,,1255,2,7.27,,,0.552012149,-95.26414512,-26.977982,-26.605423,-19.73571,-17.313946
CTGTTACCTGGTAGATCCGA,20,1514,10,21.95,1665,1,5.46,1930,1,3.63,0.248747153,0.664835165,0.165375854,-87.79115685,-27.016266,-25.454262,-18.899185,-17.638332
CTGCTACCGGGTAGAACCGA,20,457,40,87.81,1665,1,5.46,1930,1,3.63,0.062179706,0.664835165,0.041339255,-102.4979502,-26.560486,-27.045105,-15.035805,-11.104759
CTGGTACGGGGTAGGTCCGA,20,1800,8,17.56,1665,1,5.46,1930,1,3.63,0.310933941,0.664835165,0.206719818,-88.44886345,-27.568947,-26.713234,-21.088501,-19.682613
CTGTTTCCGAGTAAGTCCGA,20,,,,,,,1255,2,7.27,,,,-83.14847277,-27.926697,-27.026611,-22.408722,-21.21141
CTGTTACCGGGTACACCCGA,20,1657,9,19.76,,,,1930,1,3.63,,,0.183704453,-97.29568988,-26.634285,-26.730011,-17.770378,-14.320175
CTGCTACCGGATAGATCCGA,20,535,32,70.25,1665,1,5.46,1255,2,7.27,0.07772242,1.331501832,0.103487544,-103.0576383,-26.75225,-25.951607,-13.980049,-10.221146
CTGTTTCCGGGAAAGTCCGA,20,3487,3,6.59,1165,2,10.93,830,4,14.53,1.658573596,1.32936871,2.204855842,-94.17628926,-27.894402,-27.552055,-19.989944,-16.458355
CTGCTTCCGGGTTGGTCCGA,20,3487,3,6.59,,,,1930,1,3.63,,,0.550834598,-87.92488501,-28.211243,-26.62635,-19.700401,-17.804447
CTGTTTCTCGCTAGGTCCGA,20,,,,,,,1930,1,3.63,,,,-71.66136285,-28.160004,-27.124115,-24.700134,-25.43604
CTGCTACCGCGTACGTCCGA,20,4644,2,4.39,1665,1,5.46,1930,1,3.63,1.243735763,0.664835165,0.826879271,-96.64643793,-27.559372,-27.965302,-15.643829,-14.770073
CTGTTACCGAGGAGGTCCGA,20,1999,7,15.37,,,,1930,1,3.63,,,0.236174366,-88.05917511,-27.674667,-27.931473,-20.157135,-18.547363
CTGTTACCGGGGCGGTCCGA,20,104,354,777.16,443,9,49.16,1255,2,7.27,0.063255958,0.147884459,0.009354573,-93.29796279,-28.019287,-28.781425,-20.289658,-15.142216
CTGATACCGGCTAGGTCCGA,20,46,702,1541.14,146,45,245.82,830,4,14.53,0.159505301,0.059108291,0.009428086,-96.6818862,-27.381477,-26.647552,-16.643814,-11.255676
CTGTTACCGGGTGGGCCCGA,20,448,41,90.01,743,4,21.85,416,12,43.6,0.242750805,1.995423341,0.484390623,-93.63543734,-27.41069,-27.957153,-20.071114,-16.291725
CTGCCACCGGGGAAGTCCGA,20,,,,,,,1930,1,3.63,,,,-100.8713196,-27.90596,-29.163185,-21.62059,-17.032257
CTGCTTCCGGGTAAGTGCGA,20,,,,,,,1930,1,3.63,,,,-94.00312156,-27.773193,-27.778435,-19.032478,-19.402107
CTGCCACTGGGTAGGTCCGA,20,8113,1,2.2,,,,1930,1,3.63,,,1.65,-89.39951322,-27.661568,-26.926414,-23.67591,-21.207344
CTGTTTCCGGGGACGTCCGA,20,8113,1,2.2,,,,1930,1,3.63,,,1.65,-86.67718945,-28.412476,-28.603043,-22.294136,-18.349854
CTGCTACCGGTTAGGCCCGA,20,8113,1,2.2,,,,1930,1,3.63,,,1.65,-97.69032701,-27.25927,-27.450607,-17.674438,-14.555584
CTGTCACCGGGGACAACCGA,20,,,,,,,1930,1,3.63,,,,-87.94267558,-26.976112,-28.496819,-24.407822,-20.518024
CTGTTACCGGGGTAGTCCGA,20,688,24,52.69,443,9,49.16,416,12,43.6,0.933004365,0.886899919,0.827481496,-98.48852128,-27.58422,-27.129738,-17.4832,-12.582584
CTGTTACCGGATAGATCCGA,20,187,173,379.8,1165,2,10.93,1930,1,3.63,0.028778304,0.332113449,0.009557662,-98.38855851,-26.921104,-25.649857,-16.619331,-12.613087
CTGCTTCCGAGTAAGTCCGA,20,,,,,,,1930,1,3.63,,,,-88.71594494,-27.784508,-27.403763,-20.389053,-20.397095
CTGTTACGTGGTATGCCCGA,20,,,,,,,1930,1,3.63,,,,-77.50002185,-26.512505,-25.169128,-21.611343,-20.848576
CTGCTTCCGGGCTGGTCCGA,20,,,,,,,1930,1,3.63,,,,-87.16041612,-28.492981,-27.959175,-21.01332,-18.863224
CTGTTACCGGGATCGTCCGA,20,1133,14,30.73,1665,1,5.46,1930,1,3.63,0.177676538,0.664835165,0.11812561,-96.44640284,-27.658752,-26.921837,-17.922653,-13.250164
CTGTTACCAGGAAAGTCCGA,20,3487,3,6.59,,,,1930,1,3.63,,,0.550834598,-95.27373766,-27.066101,-27.063362,-19.895119,-17.635468
CTGTTACCGCGCAGTTCCGA,20,8113,1,2.2,,,,1930,1,3.63,,,1.65,-87.69878056,-27.84452,-27.860077,-19.433311,-19.144165
CTGCTACCAGGTTGGTCCGA,20,,,,,,,1255,2,7.27,,,,-90.20937556,-27.298622,-25.657784,-18.50769,-16.814034
CTGTTACCGGGTTGCTCCGA,20,276,85,186.61,1665,1,5.46,1930,1,3.63,0.029258882,0.664835165,0.019452334,-91.65796711,-27.519226,-25.907967,-17.983482,-14.591999
CTGTTGCCGCGTGGGTCCGA,20,,,,,,,1930,1,3.63,,,,-77.57296522,-28.598251,-28.165077,-22.31997,-21.669003
CTGTTACCCGGTAGGTCGGA,20,115,333,731.05,589,6,32.78,989,3,10.9,0.044839614,0.332519829,0.014910061,-94.20725781,-28.257683,-28.351143,-19.596756,-16.661564
CTGTTACTGGGTTGGTCCGA,20,597,28,61.47,743,4,21.85,639,6,21.8,0.355457947,0.99771167,0.354644542,-86.52174084,-27.167877,-25.07521,-20.848236,-18.47815
CTGTTACCGGGTAATTCCGA,20,244,117,256.86,743,4,21.85,505,9,32.7,0.085065795,1.496567506,0.127306704,-98.1171667,-27.299576,-26.086212,-17.4337,-13.464653
CTGTTACCGGGTAAGTTCGA,20,751,22,48.3,408,10,54.63,217,29,105.37,1.131055901,1.928793703,2.181573499,-93.59245351,-27.928131,-27.849365,-18.829056,-17.131123
CTGATACTGGGTGCGTCCGA,20,,,,,,,1930,1,3.63,,,,-86.65790646,-26.923416,-26.06607,-21.150192,-17.947071
CTGTTTCTGCGTAGGTCCGA,20,,,,,,,1930,1,3.63,,,,-72.36681619,-27.964752,-26.90487,-25.03585,-25.009537
CTGCTACCGGGTAAGTCCGA,20,26,1444,3170.09,13,1833,10013.17,5,14668,53293.03,3.158639029,5.322293539,16.8112041,-106.9712499,-27.23806,-27.1167,-13.754074,-9.515835
CTGTTACCGGGATGGTCCGA,20,87,422,926.44,58,180,983.29,84,114,414.19,1.061363931,0.421228732,0.447076983,-97.10856725,-27.363098,-26.134422,-17.147804,-12.406551
CTGTTACCGGCGAGATCCGA,20,787,21,46.1,1165,2,10.93,1930,1,3.63,0.237093275,0.332113449,0.078741866,-98.50665006,-27.38935,-27.674568,-16.51146,-12.79763
CTGTTACCGTATAAGTCCGA,20,4644,2,4.39,,,,1930,1,3.63,,,0.826879271,-89.49255974,-27.078102,-26.011902,-19.627594,-16.940414
CTGATACCGGGTATGTCCGA,20,71,470,1031.82,278,18,98.33,989,3,10.9,0.095297629,0.110851215,0.010563858,-96.59758699,-26.850563,-25.151772,-15.973,-10.909313
CTGTTTCCGAGTAAGTTCGA,20,,,,,,,1930,1,3.63,,,,-76.46273617,-28.494347,-28.360222,-24.391006,-23.040295
CTGCTACCGGGTAGACCCGA,20,326,65,142.7,1665,1,5.46,1930,1,3.63,0.038262088,0.664835165,0.025437982,-104.0022393,-26.773575,-27.313828,-15.240158,-11.314487
CTGTTACCGGATACATCCGA,20,1999,7,15.37,,,,1930,1,3.63,,,0.236174366,-97.81792739,-26.625214,-25.674599,-16.953331,-13.390148
CTGATACCGGGGAGGACCGA,20,1133,14,30.73,,,,1930,1,3.63,,,0.11812561,-95.38539282,-26.945549,-28.249237,-19.44712,-13.998184
CTGATACCGGGCATGTCCGA,20,971,17,37.32,,,,1255,2,7.27,,,0.194801715,-95.38345122,-27.06041,-26.373009,-17.035728,-12.220749
CTGTTTCCGGGGAGGTCCGA,20,1014,16,35.13,,,,1930,1,3.63,,,0.103330487,-86.69441095,-28.430916,-28.490746,-22.547646,-18.728966
CTGCTACCGAGTTGGTCCGA,20,8113,1,2.2,1665,1,5.46,1930,1,3.63,2.481818182,0.664835165,1.65,-91.395247,-27.371803,-25.743286,-16.806343,-16.31902
CTGTTACCGGGACAGTCCGA,20,321,68,149.28,214,26,142.03,388,13,47.23,0.951433548,0.33253538,0.316385316,-99.96579794,-27.374374,-27.512283,-17.219032,-12.235424
CTGTTACCGAGAAAGTCCGA,20,8113,1,2.2,,,,1930,1,3.63,,,1.65,-95.26804908,-27.113197,-27.140587,-17.899055,-16.645775
CTGTTACCGGGTAGGGCCGA,20,25,1475,3238.15,743,4,21.85,830,4,14.53,0.00674768,0.664988558,0.00448713,-93.29090888,-27.346352,-27.650848,-19.200241,-16.687012
CTGTTTCCCGGTAGATTCGA,20,,,,,,,1930,1,3.63,,,,-75.17377613,-28.686287,-28.550865,-23.908035,-26.456926
CTGTTACCGCGTACGTTCGA,20,8113,1,2.2,,,,1930,1,3.63,,,1.65,-85.89523774,-28.135277,-28.583763,-20.398964,-18.39265
CTGCTACCGGGCAAGTCCGA,20,289,80,175.63,197,30,163.88,90,105,381.49,0.93309799,2.32786185,2.172123214,-106.1997726,-27.35427,-28.03669,-14.425148,-10.486988
CTGTTTCTGGGTAAGTCCGA,20,2500,5,10.98,1165,2,10.93,830,4,14.53,0.995446266,1.32936871,1.323315118,-82.86385263,-27.849655,-26.665337,-23.73275,-21.196728
CTGCTACCGGATGGGTCCGA,20,1303,12,26.34,1665,1,5.46,830,4,14.53,0.207289294,2.661172161,0.551632498,-97.96538752,-27.37558,-26.900047,-16.727974,-12.69376
CTGATACCGGGGTGGTCCGA,20,477,37,81.23,1165,2,10.93,1930,1,3.63,0.134556198,0.332113449,0.044687923,-95.33720602,-27.245628,-26.426033,-17.487747,-12.382526
CTGTTACCGGGGGCGTCCGA,20,719,23,50.49,1165,2,10.93,1930,1,3.63,0.216478511,0.332113449,0.071895425,-94.5733994,-28.126503,-29.300514,-20.694939,-15.450596
CTGTTATCGGGTACGTCCGA,20,1133,14,30.73,1665,1,5.46,639,6,21.8,0.177676538,3.992673993,0.709404491,-89.81354107,-27.64019,-26.861076,-21.391983,-17.654278
CTGTAACCGGGGAAGTCCGA,20,8113,1,2.2,,,,1930,1,3.63,,,1.65,-93.13888607,-27.376709,-28.628593,-22.536621,-18.3937
CTGTTACCGGTTTGGTCCGA,20,304,74,162.46,1665,1,5.46,1930,1,3.63,0.033608273,0.664835165,0.022343962,-91.97339355,-27.590828,-25.430428,-18.964218,-15.029926
CTGCTACGGGGTACGTCCGA,20,8113,1,2.2,1665,1,5.46,1255,2,7.27,2.481818182,1.331501832,3.304545455,-95.67577524,-27.480476,-27.505264,-17.864304,-15.296509
CTGTCACCGGGTAAGACCGA,20,,,,,,,1930,1,3.63,,,,-90.83948747,-27.078018,-27.766289,-23.26271,-18.331207
CTGTTACCGGGAGAGTCCGA,20,484,36,79.03,208,27,147.49,210,31,112.63,1.866253322,0.763644993,1.425155004,-101.3130548,-27.614098,-28.011612,-17.749397,-12.693394
CTGTAACCGGGTAGCTCCGA,20,1397,11,24.15,1665,1,5.46,1930,1,3.63,0.226086957,0.664835165,0.150310559,-86.671877,-27.536713,-27.793785,-22.314857,-19.517899
CTGATACCGGGTAGGTTCGA,20,1999,7,15.37,1165,2,10.93,1930,1,3.63,0.711125569,0.332113449,0.236174366,-91.18666524,-27.704636,-26.775063,-18.922173,-16.636894
CTGATTCCGGGAAGGTCCGA,20,,,,,,,1930,1,3.63,,,,-90.14274256,-27.671783,-27.386848,-20.952034,-16.861782
CTGCTACCGGGGAGATCCGA,20,498,35,76.84,538,7,38.24,708,5,18.17,0.49765747,0.475156904,0.236465383,-104.1896189,-27.33062,-27.832237,-14.00811,-10.261673
CTGTTACCCGGTACGTCCGA,20,1205,13,28.54,,,,1930,1,3.63,,,0.127189909,-91.07234106,-27.688927,-27.496872,-18.973969,-18.638145
CTGCATCCGGGTAGGTCCGA,20,,,,,,,1930,1,3.63,,,,-82.78654927,-27.996857,-28.015251,-23.73661,-21.092842
CTGTTACCGGGAAGGACCGA,20,194,164,360.04,1665,1,5.46,1930,1,3.63,0.015164982,0.664835165,0.010082213,-97.74324985,-27.064514,-27.987984,-18.32492,-13.984421
CTGTTACCGGCTAAGTCCGA,20,60,564,1238.18,227,24,131.11,1255,2,7.27,0.105889289,0.055449622,0.005871521,-100.9835442,-27.509285,-27.167274,-16.28962,-11.67691
CTGTTTCCGGGTTTGTCCGA,20,3487,3,6.59,1665,1,5.46,1255,2,7.27,0.828528073,1.331501832,1.103186646,-81.36902092,-28.203537,-26.019844,-22.876793,-18.836666
CTGCTACCGGGGAAGCCCGA,20,2500,5,10.98,,,,1930,1,3.63,,,0.330601093,-107.2552116,-26.882713,-28.332169,-14.695847,-11.048374
CTGTCACCGGGTGGGTCCGA,20,1014,16,35.13,589,6,32.78,989,3,10.9,0.933105608,0.332519829,0.310276117,-86.59541469,-28.024681,-27.624298,-23.521713,-18.409336
CTGATGCCGGGAATGTCCGA,20,,,,,,,1930,1,3.63,,,,-88.91543464,-27.359314,-26.604012,-19.988396,-15.637341
CTGATTCCGGGGAAGTCCGA,20,,,,1665,1,5.46,1930,1,3.63,,0.664835165,,-92.02079682,-27.646011,-27.786148,-20.880226,-16.54177
CTGTTACCGGGTTGATCCGA,20,150,242,531.28,408,10,54.63,574,7,25.43,0.102827134,0.465495149,0.047865532,-95.43349006,-27.198334,-25.216614,-16.4645,-12.930061
CTGTTACCGGGGAAGACCGA,20,1303,12,26.34,,,,1930,1,3.63,,,0.137813212,-98.80457917,-27.005424,-28.002823,-17.340698,-12.934986
CTGTTATCGGGCAGGTCCGA,20,872,19,41.71,1665,1,5.46,639,6,21.8,0.13090386,3.992673993,0.522656437,-88.73250826,-27.876228,-27.791939,-22.76484,-19.552761
CTGTTACCGGAGAAGTCCGA,20,2500,5,10.98,,,,989,3,10.9,,,0.992714026,-100.2667661,-27.209572,-27.372368,-16.855621,-12.573647
CTGTTACCGCGTATGTCCGA,20,545,31,68.06,,,,1930,1,3.63,,,0.053335292,-90.82790083,-27.389137,-26.102875,-17.339851,-16.314804
CTGTTACTCGGTTATTCCGA,20,,,,,,,1930,1,3.63,,,,-79.78569248,-27.195,-25.10617,-21.859657,-22.763123
CTGTTACCCGGTAGGTCCGA,20,139,255,559.82,344,13,71.02,364,14,50.87,0.126862206,0.716277105,0.090868493,-91.75688199,-27.820175,-27.379807,-18.475441,-18.206696
CTGTTGCCGGGTTGGTCCGA,20,2216,6,13.17,538,7,38.24,1930,1,3.63,2.903568717,0.094926778,0.275626424,-83.31535983,-28.134995,-26.09729,-20.7667,-17.377419
CTGCTACCGGGGACATCCGA,20,,,,1165,2,10.93,830,4,14.53,,1.32936871,,-104.099934,-27.209404,-27.88295,-14.313751,-11.015556
CTGCTGCCGGGAAAGTCCGA,20,,,,,,,1255,2,7.27,,,,-100.8028563,-27.719246,-28.424347,-18.14289,-15.426975
CTGCTACCGGCTGGGCCCGA,20,,,,,,,1930,1,3.63,,,,-96.12552732,-27.55655,-28.806488,-17.855194,-15.243492
CTGTTTCCGGCTAACTTCGA,20,,,,,,,1930,1,3.63,,,,-81.35492847,-28.801605,-29.428513,-24.59996,-24.435585
CTGTTACCCCGTAAGTCCGA,20,,,,,,,1930,1,3.63,,,,-88.3020084,-27.887695,-27.80339,-18.5999,-21.056038
CTGTTTCTGGCTAAGTTCGA,20,,,,,,,1930,1,3.63,,,,-74.95344272,-28.40834,-28.090797,-25.18077,-25.641905
CTGTTACCGGGTCAATCCGA,20,872,19,41.71,904,3,16.39,1930,1,3.63,0.392951331,0.22147651,0.087029489,-98.47013069,-27.28923,-26.372704,-16.615692,-12.609863
CTGTTACTGGGTGAGTCCGA,20,,,,,,,1930,1,3.63,,,,-90.75256483,-27.23433,-26.257843,-21.231796,-17.900154
CTGTTACCGGGGGGGTCCGA,20,165,210,461.02,278,18,98.33,574,7,25.43,0.213287927,0.258618936,0.055160297,-94.79372557,-28.061836,-29.019508,-20.651901,-15.419788
CTGCCACCGGGTAAGCCCGA,20,,,,,,,1930,1,3.63,,,,-100.1520973,-27.261627,-28.444138,-21.710884,-17.7128
CTGTTATCGGGTAGGTCCGA,20,138,256,562.01,147,44,240.36,130,64,232.53,0.427679223,0.967423864,0.413747086,-90.33606983,-27.765297,-26.991272,-21.903954,-18.264107
CTGTTTCCAGGGAAGACCGA,20,,,,,,,1930,1,3.63,,,,-79.93158323,-27.446144,-27.573792,-23.622269,-21.840591
CTGCTACGGGGTAGGTCCGA,20,1205,13,28.54,743,4,21.85,708,5,18.17,0.765592151,0.831578947,0.636650315,-96.68223399,-27.608948,-27.221443,-18.19091,-15.492596
CTGATACCGGCAGCGACCGA,20,,,,,,,1930,1,3.63,,,,-93.42521789,-26.695099,-28.57087,-18.613335,-13.677654
CTGTTACCCGGTAGGCCCGA,20,1303,12,26.34,,,,1930,1,3.63,,,0.137813212,-90.44898845,-27.476295,-27.929161,-20.048042,-19.471512
CTGCTACTGGGTACGTCCGA,20,8113,1,2.2,,,,1930,1,3.63,,,1.65,-96.25931346,-27.073456,-26.457619,-18.570122,-16.377026
CTGTTACCGGGTAGGTGCGA,20,220,132,289.79,904,3,16.39,1930,1,3.63,0.056558197,0.22147651,0.012526312,-93.78312956,-27.370552,-27.184357,-18.396355,-17.068928
CTGTTACCAGGTACGTCCGA,20,719,23,50.49,408,10,54.63,574,7,25.43,1.081996435,0.465495149,0.503664092,-88.76644077,-27.258972,-26.686775,-21.136368,-18.673973
CTGCTACCGGGAAGGTCCGA,20,47,701,1538.94,75,132,721.08,102,90,327,0.468556279,0.453486437,0.212483918,-105.9492176,-27.423752,-27.726204,-14.565727,-10.311005
CTGTTACCGGGTTAGTCCGA,20,113,336,737.64,77,127,693.77,55,220,799.32,0.940526544,1.152139758,1.083618025,-98.01620771,-27.553825,-26.243103,-17.610458,-12.501751
CTGTTTCCGGGCACGTCCGA,20,4644,2,4.39,,,,1930,1,3.63,,,0.826879271,-85.56503788,-28.448067,-28.518097,-22.526253,-18.950813
CTGTTACCGGGGAATTCCGA,20,2216,6,13.17,,,,1930,1,3.63,,,0.275626424,-97.86658587,-27.434212,-27.375969,-17.616768,-13.993664
CTGCCACCGGGCAAGTCCGA,20,,,,1665,1,5.46,1930,1,3.63,,0.664835165,,-99.97623894,-27.892128,-29.22039,-21.937141,-17.896687
CTGTTACCGAGCAGGTCCGA,20,872,19,41.71,1165,2,10.93,1930,1,3.63,0.262047471,0.332113449,0.087029489,-87.3129136,-27.509789,-27.663574,-20.429344,-19.052528
CTGTTACCGGGGAAGTTCGA,20,8113,1,2.2,1665,1,5.46,1930,1,3.63,2.481818182,0.664835165,1.65,-93.43349764,-28.068245,-29.057869,-19.470825,-17.97958
CTGTTACCGGGTCGGTCCGA,20,13,6044,13268.73,24,768,4195.37,53,232,842.92,0.316184744,0.200916725,0.063526803,-93.25190062,-27.975502,-27.382446,-19.187386,-13.974358
CTGTTACCGAGTAGGTCCGA,20,169,203,445.66,143,47,256.75,146,57,207.1,0.576111834,0.806621227,0.464704034,-89.01694318,-27.485085,-26.651169,-19.246124,-17.672382
CTGCCACCGGGTAAGTCCGA,20,2923,4,8.78,589,6,32.78,291,19,69.03,3.733485194,2.10585723,7.862186788,-100.644898,-27.777634,-28.093521,-20.862328,-16.52827
CTGCTACCGGCTGGGTCCGA,20,665,25,54.88,1665,1,5.46,639,6,21.8,0.099489796,3.992673993,0.397230321,-98.13024213,-27.824348,-27.836128,-16.416695,-12.386112
CTGTTACCGGGCAGGTGCGA,20,1800,8,17.56,1665,1,5.46,1930,1,3.63,0.310933941,0.664835165,0.206719818,-92.03219045,-27.560043,-28.334343,-19.484985,-18.282188
CTGCTTCCGGGTAGGTTCGA,20,8113,1,2.2,,,,1930,1,3.63,,,1.65,-85.27062005,-28.745316,-28.712112,-21.926208,-22.29554
CTGTTACCGCGTTGGTCCGA,20,1999,7,15.37,,,,1930,1,3.63,,,0.236174366,-88.98198495,-27.739906,-26.126472,-17.684471,-16.787712
CTGTTACCGGGCTAGTCCGA,20,787,21,46.1,1165,2,10.93,989,3,10.9,0.237093275,0.997255261,0.236442516,-96.60686991,-27.819016,-27.36148,-18.381134,-13.438549
CTGTTTCCGGGTACGTCCGA,20,477,37,81.23,655,5,27.31,217,29,105.37,0.336205835,3.858293665,1.297180845,-86.48909423,-28.136635,-27.250183,-21.370857,-17.428741
CTGTTACCGGGTATATCCGA,20,171,201,441.27,1665,1,5.46,1930,1,3.63,0.012373377,0.664835165,0.008226256,-97.24708628,-27.068848,-25.678314,-17.156654,-13.624256
CTGTTTCTGGGTAGCTCCGA,20,8113,1,2.2,,,,1930,1,3.63,,,1.65,-76.04258333,-28.007286,-26.915535,-25.347008,-23.075
CTGCTACCGGTAAGATCCGA,20,4644,2,4.39,,,,1930,1,3.63,,,0.826879271,-104.8392188,-26.952187,-26.388939,-14.257668,-10.635567
CTGATATCGACAAAGCCCGA,20,,,,,,,1930,1,3.63,,,,-84.06997139,-25.995888,-26.359695,-20.836906,-21.101665
CTGCTACTGCGTAAGTCCGA,20,,,,,,,1930,1,3.63,,,,-94.41671593,-26.803337,-26.621368,-18.270775,-18.730164
CTGTTACCAGGCAGGTCCGA,20,751,22,48.3,743,4,21.85,830,4,14.53,0.452380952,0.664988558,0.300828157,-87.14962473,-27.48735,-27.7052,-22.052307,-19.977867
CTGATACCGGGTAGGACCGA,20,98,372,816.67,367,12,65.55,1930,1,3.63,0.080264979,0.055377574,0.00444488,-95.50764729,-26.73056,-27.049217,-18.482674,-13.290199
CTGTTTCCGGGTAGGTCCGA,20,114,335,735.44,69,145,792.09,54,225,817.49,1.077028718,1.032067063,1.111565865,-86.59884518,-28.259407,-27.24015,-21.667145,-17.993298
CTGCTTCCGGGATAGTCCGA,20,,,,,,,1930,1,3.63,,,,-96.47344971,-27.909332,-27.154907,-18.261345,-15.997768
CTGTTACCGGGTCCGTCCGA,20,103,355,779.35,208,27,147.49,574,7,25.43,0.18924745,0.172418469,0.032629756,-92.75440036,-28.1455,-27.558563,-19.182106,-14.236847
CTGTTACCGAGTACGTCCGA,20,498,35,76.84,589,6,32.78,708,5,18.17,0.426600729,0.554301403,0.236465383,-88.75161128,-27.333694,-26.847145,-19.525925,-18.098545
CTGTTACGGGATAGGTCCGA,20,2500,5,10.98,,,,1930,1,3.63,,,0.330601093,-87.94121974,-27.469604,-26.443954,-20.437721,-17.625359
CTGTCACCGGGTAAGTTCGA,20,8113,1,2.2,,,,1930,1,3.63,,,1.65,-84.1958663,-28.170235,-28.019562,-23.676712,-21.182022
CTGTTACCGGCTAGATCCGA,20,59,570,1251.35,134,53,289.52,442,11,39.97,0.231366125,0.138056093,0.031941503,-98.61269367,-27.362518,-26.53267,-16.154068,-12.483414
CTGTTACGGGGTGAGTCCGA,20,,,,,,,1930,1,3.63,,,,-90.58371368,-27.66343,-27.170845,-20.560997,-16.543213
CTGCTACCGGGTGTGTCCGA,20,751,22,48.3,,,,1255,2,7.27,,,0.150517598,-99.56198008,-27.411797,-26.180214,-16.014389,-11.608242
CTGCTATCGGGTGAGTCCGA,20,,,,,,,1930,1,3.63,,,,-98.51864367,-27.5186,-27.211182,-19.472519,-16.474297
CTGCTACCGGGGAAGTCCGA,20,310,71,155.87,104,71,387.85,38,579,2103.67,2.488291525,5.423926776,13.49631103,-107.1708182,-27.36827,-28.157448,-14.082787,-9.700459
CTGCTACTGGGTAGGTCCGA,20,1514,10,21.95,589,6,32.78,232,27,98.1,1.493394077,2.992678462,4.469248292,-97.02475499,-27.207695,-26.407883,-19.117836,-16.567307
CTGTTTCCGCGTAAGTCCGA,20,8113,1,2.2,,,,1930,1,3.63,,,1.65,-85.35493469,-28.182793,-27.544586,-21.016235,-19.968243
CTGTTACCGGGAAGGTTCGA,20,1514,10,21.95,,,,1930,1,3.63,,,0.165375854,-92.62783362,-28.06028,-28.352432,-19.989738,-18.22882
CTGCTACCGGGTTAGTTCGA,20,,,,,,,1930,1,3.63,,,,-96.53006216,-28.06266,-27.430878,-17.416267,-16.119305
CTGCTACCGGGAACGTCCGA,20,296,77,169.04,344,13,71.02,574,7,25.43,0.420137246,0.35806815,0.150437766,-105.4366579,-27.246735,-28.005798,-14.417305,-10.250839
CTGCTACCGGGTAAGCCGGA,20,,,,,,,1930,1,3.63,,,,-103.5860812,-27.05481,-27.938477,-14.900536,-14.220291
CTGTTTCCGGGCAGGTCCGA,20,484,36,79.03,385,11,60.09,364,14,50.87,0.760344173,0.846563488,0.643679615,-85.86126109,-28.43058,-28.196983,-22.676895,-19.417923
CTGTTACCAGGTAGGTCCGA,20,119,314,689.34,153,41,223.97,157,50,181.66,0.324904982,0.811090771,0.263527432,-88.7977612,-27.408249,-26.557976,-20.816246,-18.40807
CTGATACCGGGTGAGTCCGA,20,688,24,52.69,443,9,49.16,471,10,36.33,0.933004365,0.73901546,0.68950465,-98.91276532,-27.130455,-26.65512,-17.087914,-11.363136
CTGATACCGGGTCAGTCCGA,20,421,44,96.6,743,4,21.85,1255,2,7.27,0.226190476,0.332723112,0.075258799,-97.37861464,-27.301353,-26.76744,-17.393517,-11.518997
CTGATACCGAGTAAGTCCGA,20,2923,4,8.78,,,,1930,1,3.63,,,0.413439636,-93.21559019,-26.81971,-26.283798,-17.96437,-15.810875
CTGCTACCGGGTAGATCCGA,20,44,834,1830.93,106,70,382.39,142,58,210.73,0.208850147,0.551086587,0.115094515,-104.2495573,-27.098557,-26.525024,-13.821861,-9.9821205
CTGCTACCGGGTAAGCCCGA,20,324,67,147.09,1665,1,5.46,198,35,127.16,0.037120131,23.28937729,0.864504725,-106.9242285,-26.743698,-27.355408,-14.254272,-10.78915
CTGCTACCGGGTCTGTCCGA,20,825,20,43.91,,,,1255,2,7.27,,,0.16556593,-97.85130451,-27.833824,-26.796913,-16.37313,-12.264259
CTGCTACCCGGTTGGTCCGA,20,,,,1665,1,5.46,1930,1,3.63,,0.664835165,,-92.02600171,-27.785782,-26.5158,-16.236977,-16.256874
CTGCTACCGGATAATTCCGA,20,4644,2,4.39,,,,1930,1,3.63,,,0.826879271,-102.7519662,-26.840332,-25.72908,-14.791138,-11.255478
CTGCTGCCGGGTAGGTCCGA,20,545,31,68.06,443,9,49.16,388,13,47.23,0.72230385,0.960740439,0.693946518,-92.96910838,-28.183174,-28.057365,-19.9421,-16.73658
CTGTTACCGGGACGATCCGA,20,431,43,94.4,344,13,71.02,442,11,39.97,0.752330508,0.562799211,0.423411017,-97.2171978,-27.32943,-27.298874,-17.647743,-13.24242
CTGCTGCCGGGCAGGTCCGA,20,2923,4,8.78,,,,1255,2,7.27,,,0.828018223,-92.59676417,-28.340553,-29.20665,-21.14801,-18.36184
CTGATACCGGGTTGGTCCGA,20,70,475,1042.79,100,78,426.09,364,14,50.87,0.40860576,0.119387923,0.048782593,-94.81521637,-27.13308,-25.124298,-16.839706,-11.9017105
CTGTAACCGGGTAAGTCCGA,20,1303,12,26.34,1665,1,5.46,574,7,25.43,0.207289294,4.657509158,0.965451784,-92.56927983,-27.278854,-27.513535,-21.655678,-17.431782
CTGTTTCCGGATAGGACGGA,20,,,,,,,1930,1,3.63,,,,-78.73321444,-27.916351,-27.883896,-22.61734,-22.116924
CTGTTACCGGGTGCGTCCGA,20,95,389,853.99,115,63,344.15,166,45,163.5,0.402990667,0.475083539,0.191454232,-94.59386433,-27.67495,-27.337517,-19.018333,-13.750977
CTGTTACGGGGTTGGTCCGA,20,1303,12,26.34,1665,1,5.46,1930,1,3.63,0.207289294,0.664835165,0.137813212,-86.42701134,-27.622559,-25.844398,-20.37091,-17.906174
CTGATACCGAGTTTATCCGA,20,,,,,,,1930,1,3.63,,,,-88.32315422,-26.893631,-25.426483,-20.296219,-19.541859
CTGCTACCGGTTACGTCCGA,20,872,19,41.71,1665,1,5.46,1930,1,3.63,0.13090386,0.664835165,0.087029489,-98.91548047,-27.38247,-26.687798,-16.459389,-12.515167
CTGTTACCGGGAATGTCCGA,20,116,330,724.47,490,8,43.7,989,3,10.9,0.060319958,0.249427918,0.015045482,-98.79424593,-27.158081,-26.252853,-16.086487,-11.673637
CTGCTACCGGGCAGATCCGA,20,688,24,52.69,,,,1930,1,3.63,,,0.068893528,-103.5527953,-27.20147,-27.641907,-14.857933,-11.193817
CTGTTTCTGGGTACATCCGA,20,,,,,,,1930,1,3.63,,,,-80.07088886,-27.471474,-25.695992,-23.153313,-21.332874
CTGCTACCGGTTAGGTCCGA,20,203,151,331.5,904,3,16.39,1255,2,7.27,0.049441931,0.443563148,0.021930618,-99.91554851,-27.64106,-26.76892,-16.626709,-12.769077
CTGTTACTGGGTATGTCCGA,20,825,20,43.91,,,,989,3,10.9,,,0.248235026,-88.19739092,-26.92382,-25.036087,-19.846123,-17.64169
CTGCTACCGGCTCGGTCCGA,20,570,29,63.67,743,4,21.85,1930,1,3.63,0.34317575,0.166132723,0.057012722,-96.90887275,-28.139984,-28.249496,-17.003426,-12.437126
CTGCTACCAGGTATGTCCGA,20,,,,,,,1255,2,7.27,,,,-94.14250795,-26.941818,-25.522842,-17.98265,-16.192978
CTGTTACCGGGTATCTCCGA,20,259,96,210.75,1665,1,5.46,1930,1,3.63,0.025907473,0.664835165,0.017224199,-94.18672272,-27.679771,-26.765518,-18.834122,-15.094749
CTGTTACCGGACAAGTCCGA,20,1657,9,19.76,1665,1,5.46,1930,1,3.63,0.276315789,0.664835165,0.183704453,-99.38774609,-27.082603,-27.112152,-16.962013,-12.670708
CTGTTATCGGGGAGGTCCGA,20,1063,15,32.93,1665,1,5.46,1930,1,3.63,0.165806256,0.664835165,0.110233829,-89.8266379,-27.914383,-28.115799,-22.797073,-19.406158
CTGTTACCGGGCAAGACCGA,20,1205,13,28.54,,,,1930,1,3.63,,,0.127189909,-98.0155414,-26.988602,-27.817406,-17.541328,-13.210773
CTGTTACCGGGTGGGTCCGA,20,12,6265,13753.9,11,3134,17120.16,11,4297,15612.23,1.244749489,0.9119208,1.13511295,-94.90671995,-27.715073,-27.188751,-18.982605,-13.996761
CTGTTACCGGATAAGTCCGA,20,211,140,307.35,299,16,87.4,176,41,148.96,0.284366358,1.704347826,0.484659183,-100.3454488,-27.099678,-26.31173,-16.735863,-12.141239
CTGTTACTCGGTAAGTCCGA,20,8113,1,2.2,,,,1930,1,3.63,,,1.65,-87.04141654,-27.12545,-26.40725,-20.723167,-21.304653
CTGCTACCGGCTTAGTCCGA,20,,,,,,,1255,2,7.27,,,,-102.0113122,-27.639862,-27.088531,-15.174004,-11.446266
CTGCTTCTGGGTGGGTCCGA,20,,,,,,,1930,1,3.63,,,,-81.46675147,-28.099182,-27.503128,-24.273148,-23.2196
CTGATTCCGGGTAAGTCCGA,20,3487,3,6.59,1165,2,10.93,708,5,18.17,1.658573596,1.662397072,2.757207891,-91.67219337,-27.545662,-26.76123,-20.453087,-16.188942
CTGCTACCTGGTAAGTCCGA,20,4644,2,4.39,1665,1,5.46,989,3,10.9,1.243735763,1.996336996,2.482915718,-96.39690047,-27.045479,-26.429054,-17.077919,-15.791111
CTGTTATCGGGTATGACCGA,20,,,,,,,1930,1,3.63,,,,-86.37891014,-26.991074,-25.946884,-20.643944,-17.649883
CTGCTGCCGGGTACGTCCGA,20,4644,2,4.39,1665,1,5.46,1255,2,7.27,1.243735763,1.331501832,1.656036446,-92.67913861,-28.05571,-28.167877,-19.803009,-16.621674
CTGTTACCGGGCGGGTCCGA,20,83,431,946.2,141,48,262.21,171,43,156.23,0.277119002,0.595820144,0.165113084,-93.31717851,-28.129112,-28.965935,-21.059998,-15.936821
CTGTTACTGGCTACGTCCGA,20,8113,1,2.2,,,,1930,1,3.63,,,1.65,-87.67559433,-27.199188,-26.329506,-20.585632,-18.02872
CTGTTACCGGGTAAGACCGA,20,159,221,485.17,589,6,32.78,471,10,36.33,0.067563947,1.108297743,0.07488097,-98.97650972,-26.874344,-26.99392,-16.773193,-12.328651
CTGTTACCGGGTAGATTCGA,20,431,43,94.4,,,,1930,1,3.63,,,0.03845339,-91.59350183,-27.85933,-27.664017,-19.53453,-18.196499
CTGCTACCGTGTAAGTCCGA,20,4644,2,4.39,,,,989,3,10.9,,,2.482915718,-97.14691007,-27.098259,-26.51155,-16.549736,-14.59446
CTGATACCGGGTAGCGCCGA,20,971,17,37.32,,,,1930,1,3.63,,,0.097266881,-91.55959055,-26.745201,-27.29345,-19.399818,-16.243599
CTGTTACCCGGGAGGTCCGA,20,1999,7,15.37,,,,1930,1,3.63,,,0.236174366,-91.98984441,-28.016396,-28.73877,-19.386566,-19.067898
CTGCTACCGGGTACATCCGA,20,364,54,118.55,538,7,38.24,471,10,36.33,0.322564319,0.950052301,0.306452973,-104.067343,-26.873184,-26.48909,-14.007103,-10.549606
CTGTTTCCGGATAACTCCGA,20,,,,,,,1930,1,3.63,,,,-88.1646303,-27.70884,-26.962906,-22.277222,-19.407448
CTGTTACGGGGGAGGTCCGA,20,1303,12,26.34,1665,1,5.46,1930,1,3.63,0.207289294,0.664835165,0.137813212,-89.50648942,-27.89914,-28.265762,-21.831284,-19.031239
CTGCTACCGGGTGGGTCCGA,20,73,462,1014.25,38,367,2004.82,20,1273,4625.17,1.976652699,2.30702507,4.560187331,-100.0325325,-27.67617,-27.493317,-16.49791,-12.193481
CTGTTTCTGGATAAGTCCGA,20,,,,,,,1930,1,3.63,,,,-82.20948533,-27.597702,-26.131973,-23.792648,-21.704395
CTGTTTCCCGGTAAGTCCGA,20,8113,1,2.2,,,,1930,1,3.63,,,1.65,-85.26316705,-28.143013,-27.318169,-21.23201,-21.132046
CTGATTCCGGGTAGGGCCGA,20,4644,2,4.39,,,,1930,1,3.63,,,0.826879271,-83.16033888,-27.517021,-27.592773,-22.590446,-20.882824
CTGTTACCGGTTAGGTCCGA,20,24,1518,3332.55,238,23,125.64,388,13,47.23,0.03770086,0.375915314,0.01417233,-95.42199013,-27.708542,-26.451546,-18.841362,-14.446178
CTGTCACCGCGTGGGTGCGA,20,,,,,,,1930,1,3.63,,,,-82.08645492,-27.953346,-28.478409,-23.33052,-19.577877
CTGATACCGGGGAGGTCCGA,20,91,401,880.34,328,14,76.48,1255,2,7.27,0.086875525,0.095057531,0.008258173,-97.99102069,-27.393211,-27.688324,-17.863525,-12.28413
CTGTTACCGACTAGGTCCGA,20,1397,11,24.15,,,,1930,1,3.63,,,0.150310559,-88.10933951,-27.521439,-26.648506,-18.574646,-17.109543
CTGTTACCGGTCAGGTCCGA,20,284,82,180.02,1165,2,10.93,1930,1,3.63,0.060715476,0.332113449,0.020164426,-94.53068596,-27.826714,-27.076668,-18.51397,-14.318058
CTGATACTCGGTATGTCCGA,20,,,,,,,1930,1,3.63,,,,-82.79053202,-26.560616,-24.934135,-20.122307,-20.745312
CTGCTACCGGGTAGATTCGA,20,2216,6,13.17,,,,1930,1,3.63,,,0.275626424,-97.72251397,-27.750366,-27.744385,-16.790802,-15.508297
CTGTTACCGTGTAAGTCCGA,20,618,27,59.27,1165,2,10.93,639,6,21.8,0.184410326,1.994510522,0.367808335,-90.84375003,-27.252342,-26.210365,-18.947258,-16.288044
CTGTTTCCGGGTATGTCCGA,20,971,17,37.32,904,3,16.39,306,18,65.4,0.439174705,3.99023795,1.752411576,-85.60957031,-27.9169,-26.048126,-20.889977,-16.822151
CTGTTACCGGGTACATCCGA,20,63,528,1159.15,181,32,174.81,306,18,65.4,0.150808782,0.374120474,0.056420653,-98.52082091,-27.009453,-26.196037,-16.717255,-12.94952
CTGCTACCGGCAAGGTCCGA,20,296,77,169.04,288,17,92.87,388,13,47.23,0.549396593,0.508560353,0.279401325,-105.2250072,-27.34938,-27.69535,-13.8535385,-10.034374
CTGCTACCGGATAAGTCCGA,20,688,24,52.69,,,,416,12,43.6,,,0.827481496,-105.2409347,-26.918617,-26.581024,-14.063553,-10.2275505
CTGTTACCGGCTTAGTCCGA,20,1800,8,17.56,1665,1,5.46,1930,1,3.63,0.310933941,0.664835165,0.206719818,-97.63532855,-27.719841,-26.727127,-17.691948,-13.004906
CTGTTACCCGGTTCGTCCGA,20,8113,1,2.2,,,,1255,2,7.27,,,3.304545455,-86.82904765,-28.104149,-26.893646,-19.788315,-19.559685
CTGCTACCGGGTAAGACCGA,20,359,56,122.94,743,4,21.85,708,5,18.17,0.177728973,0.831578947,0.147795673,-104.8870209,-26.71125,-27.333038,-14.122124,-10.1497
CTGCTACCGGGCGGGTCCGA,20,787,21,46.1,655,5,27.31,830,4,14.53,0.592407809,0.532039546,0.315184382,-98.74847891,-28.07122,-29.271202,-18.517418,-13.922462
CTGTTACCGGCTAGGTGCGA,20,2216,6,13.17,,,,1930,1,3.63,,,0.275626424,-94.24436702,-27.581085,-27.520874,-18.044365,-17.151505
CTGTTACCTGGTAAGTCCGA,20,1657,9,19.76,743,4,21.85,639,6,21.8,1.105769231,0.99771167,1.103238866,-90.52613504,-27.154816,-26.137054,-19.328957,-17.259472
CTGTTGCCGGGTACGTCCGA,20,1397,11,24.15,655,5,27.31,830,4,14.53,1.130848861,0.532039546,0.601656315,-87.10010735,-28.103561,-27.51374,-21.152702,-17.323536
CTGTTACCGAGGGAGTCCGA,20,,,,,,,1930,1,3.63,,,,-89.74278835,-27.706802,-28.458557,-20.506012,-18.505219
CTGCTACCGGCAACGTCCGA,20,1800,8,17.56,1165,2,10.93,1930,1,3.63,0.622437358,0.332113449,0.206719818,-104.2126821,-27.165092,-28.018547,-13.857895,-10.0517235
CTGTTACCGGGTCTGTCCGA,20,146,244,535.67,655,5,27.31,1930,1,3.63,0.050982881,0.132918345,0.00677656,-92.37346505,-27.855316,-26.458153,-18.782097,-14.016014
CTGTTACCGAGTATGTCCGA,20,751,22,48.3,,,,1255,2,7.27,,,0.150517598,-89.46661475,-27.114784,-25.419525,-18.476898,-17.5195
CTGTTACCGGGTAAGCCCGA,20,243,118,259.05,176,34,185.73,97,95,345.16,0.716965837,1.858396597,1.332406871,-100.4131085,-26.87722,-27.018578,-17.014679,-13.048946
CTGTTGCCGGGTAGGTCCGA,20,208,144,316.13,137,51,278.6,116,73,265.23,0.881283016,0.95201005,0.838990289,-87.50226648,-28.215424,-27.391228,-21.184692,-17.408112
CTGCTACCGGTACCGTCCGA,20,,,,,,,1930,1,3.63,,,,-98.10566552,-27.381836,-27.216957,-16.690079,-12.259674
CTGTTACCCGGTTGGTCCGA,20,2500,5,10.98,,,,1930,1,3.63,,,0.330601093,-87.55100398,-27.776016,-26.117638,-18.484161,-18.339458
CTGCTACCGGCGAAGTCCGA,20,3487,3,6.59,1165,2,10.93,1255,2,7.27,1.658573596,0.665141812,1.103186646,-106.0506832,-27.293304,-28.286392,-13.590569,-9.625801
CTGTTACCGGTCACGTCCGA,20,421,44,96.6,,,,1255,2,7.27,,,0.075258799,-93.2319563,-27.723732,-27.365005,-18.802567,-14.46077
CTGACACCGGGTAGGTCCGA,20,925,18,39.52,1665,1,5.46,1930,1,3.63,0.138157895,0.664835165,0.091852227,-90.87773769,-27.446182,-26.666466,-22.114029,-16.533165
CTGTTACCGGGTAGATCCGA,20,9,8222,18050.22,42,312,1704.37,112,80,290.66,0.09442378,0.170538087,0.016102851,-98.8152246,-27.219559,-26.209373,-16.452873,-12.340149
CTGTTACCGGTTACGTCCGA,20,89,419,919.85,299,16,87.4,574,7,25.43,0.095015492,0.290961098,0.027645812,-94.30973273,-27.465279,-26.373016,-18.783508,-14.230396
CTGCTACGGGGTTGGTCCGA,20,8113,1,2.2,,,,1930,1,3.63,,,1.65,-93.14898172,-27.605835,-26.090614,-18.22612,-16.137955
CTGCTACCGGGAATGTCCGA,20,637,26,57.08,1665,1,5.46,1930,1,3.63,0.095655221,0.664835165,0.063594954,-104.6308103,-27.05082,-26.451439,-13.40892,-9.477127
CTGATACCGGGGACGTCCGA,20,338,62,136.11,408,10,54.63,1255,2,7.27,0.401366542,0.133077064,0.053412681,-96.83242942,-27.356277,-28.055489,-17.89933,-12.569386
CTGTTACCGGGCAGATCCGA,20,69,478,1049.38,443,9,49.16,1255,2,7.27,0.046846709,0.147884459,0.0069279,-97.81297478,-27.340866,-27.341919,-17.682167,-13.71162
CTGTTATCGGGTTGGTCCGA,20,1063,15,32.93,1165,2,10.93,830,4,14.53,0.331916186,1.32936871,0.441238992,-87.15670892,-27.648682,-25.94368,-21.694382,-18.595543
CTGTTTCCGGCTAGGTCCGA,20,787,21,46.1,1165,2,10.93,1255,2,7.27,0.237093275,0.665141812,0.157700651,-86.12322224,-28.46457,-27.440674,-21.280777,-17.912476
CTGCTACCGGGACGATCCGA,20,8113,1,2.2,,,,1255,2,7.27,,,3.304545455,-102.9093298,-27.20208,-27.562012,-14.939041,-10.567173
CTGTTACCGGGTGGTTCCGA,20,431,43,94.4,1665,1,5.46,1930,1,3.63,0.057838983,0.664835165,0.03845339,-92.43111656,-27.634537,-25.982742,-18.452225,-14.769512
CTGCTACCGGGTGCGTCCGA,20,1063,15,32.93,743,4,21.85,830,4,14.53,0.663528697,0.664988558,0.441238992,-99.83186625,-27.619804,-27.634827,-16.412483,-11.950756
CTGCAACCGGGTAAGTCCGA,20,8113,1,2.2,,,,1255,2,7.27,,,3.304545455,-98.65738934,-27.139404,-27.45694,-19.108307,-16.056988
CTGATACCGGGAAAGTCCGA,20,346,59,129.53,589,6,32.78,1255,2,7.27,0.253068787,0.221781574,0.056125994,-102.9072281,-26.786667,-26.905014,-15.299805,-9.706371
CTGTTGCCGGGCAGGTCCGA,20,1014,16,35.13,1165,2,10.93,505,9,32.7,0.311130088,2.991765782,0.930828352,-86.82443443,-28.391663,-28.542755,-22.48597,-19.186157
CTGTTTCCTGGTTGGTCCGA,20,8113,1,2.2,,,,1930,1,3.63,,,1.65,-70.92810631,-27.914368,-25.465424,-23.261917,-22.283394
CTGCTACCGAGTACGTCCGA,20,,,,,,,1930,1,3.63,,,,-94.0226839,-27.21202,-27.132988,-17.081924,-15.985733
CTGCTACCGGGTCCGTCCGA,20,637,26,57.08,1665,1,5.46,1930,1,3.63,0.095655221,0.664835165,0.063594954,-98.27116855,-28.09893,-27.90065,-16.598839,-12.370586
CTGATTTCGGGTAGGTCCGA,20,,,,,,,1930,1,3.63,,,,-80.5242294,-27.726067,-26.814316,-24.29071,-20.808563
CTGTTATCGGGTAAATTCGA,20,,,,,,,1930,1,3.63,,,,-86.2569201,-27.824318,-27.828949,-22.557785,-22.952858
CTGCTATCGTGTAGGTCCGA,20,,,,,,,1930,1,3.63,,,,-87.16260377,-27.407043,-26.517952,-21.83152,-20.868484
CTGTTACTGGGCAGGTCCGA,20,787,21,46.1,443,9,49.16,830,4,14.53,1.06637744,0.2955655,0.315184382,-88.7550462,-27.438652,-27.055237,-22.474144,-19.94912
CTGTTACCGCGTAACTCCGA,20,,,,1665,1,5.46,1930,1,3.63,,0.664835165,,-92.92630587,-27.452751,-27.700119,-18.14138,-17.393238
CTGTTACCGAGGTGGTCCGA,20,,,,,,,1930,1,3.63,,,,-86.08903324,-27.501045,-26.672615,-19.512474,-18.476593
CTGTTACCGGCACGATCCGA,20,4644,2,4.39,1165,2,10.93,1930,1,3.63,2.489749431,0.332113449,0.826879271,-98.01162838,-27.243095,-27.435295,-17.152145,-13.032448
CTGCTTCCGGGTAGGTCCGA,20,751,22,48.3,490,8,43.7,277,21,76.3,0.904761905,1.745995423,1.579710145,-92.25677862,-28.215958,-27.684517,-19.67073,-17.242447
CTGTTACCGGGCAGCTCCGA,20,189,172,377.6,,,,1930,1,3.63,,,0.009613347,-94.13338588,-27.895645,-28.667229,-19.791168,-16.19083
CTGTTACTGCGTAAGTCCGA,20,8113,1,2.2,,,,1930,1,3.63,,,1.65,-87.19561023,-26.958588,-26.308228,-20.531029,-20.332176
CTGTTACTGGGTAGGTCCGA,20,118,317,695.93,110,66,360.54,123,68,247.06,0.518069346,0.685249903,0.355006969,-89.70445024,-27.276978,-26.126472,-21.153152,-18.079327
CTGCTACCAGGTAGGTCCGA,20,971,17,37.32,743,4,21.85,388,13,47.23,0.585476956,2.161556064,1.265541265,-94.44217047,-27.31285,-26.864838,-18.603966,-16.763653
CTGTTACCGGGTAGCTCCGA,20,18,3254,7143.69,344,13,71.02,505,9,32.7,0.009941641,0.460433681,0.004577466,-95.44611291,-27.61177,-27.215172,-18.151085,-14.274433
CTGTTACCGGGAACGTCCGA,20,31,1166,2559.79,76,129,704.69,127,65,236.16,0.275292114,0.335126084,0.092257568,-99.56116481,-27.378998,-27.781807,-17.311256,-12.592384
CTGCTACCGGCTAGATCCGA,20,403,47,103.18,288,17,92.87,319,17,61.77,0.900077534,0.665123291,0.598662531,-102.9674681,-27.218071,-26.879524,-13.768311,-10.441826
CTGTTACCGGGGAAGTCCGA,20,45,784,1721.16,25,726,3965.93,16,1451,5271.9,2.304219247,1.32929729,3.0629924,-101.177584,-27.4861,-27.940811,-16.958427,-12.020779
CTGCATCCGGGATGATCCGA,20,,,,,,,1930,1,3.63,,,,-85.30994522,-27.412308,-26.914352,-22.035454,-19.672894
CTGCTACCGGGAAAAACCGA,20,,,,,,,1930,1,3.63,,,,-107.8253479,-26.006714,-27.160767,-12.835655,-9.403198
CTGTTACCGGGTGTGTCCGA,20,166,208,456.63,743,4,21.85,708,5,18.17,0.047850557,0.831578947,0.039791516,-94.3629069,-27.441948,-25.900414,-18.462204,-13.225109
CTGCTACCGGGGAAGTTCGA,20,,,,,,,1930,1,3.63,,,,-100.1214114,-27.962608,-29.022087,-16.447716,-15.215496
CTGCTACCGAGCAGGTCCGA,20,,,,,,,1930,1,3.63,,,,-92.7772847,-27.384514,-27.948128,-17.982918,-16.786514
CTGTCACCGGGCAAGTCCGA,20,2923,4,8.78,1165,2,10.93,1930,1,3.63,1.244874715,0.332113449,0.413439636,-92.06886208,-27.75399,-28.638062,-23.786018,-18.641521
CTGATACCGGGTTTGTCCGA,20,1514,10,21.95,,,,1930,1,3.63,,,0.165375854,-93.22467897,-27.158173,-25.13504,-18.372574,-13.000717
CTGTTACTGGGTACGTCCGA,20,597,28,61.47,743,4,21.85,574,7,25.43,0.355457947,1.163844394,0.413697739,-88.82681935,-27.158447,-26.185669,-20.693077,-17.935463
CTGCTACCGGGTTAGTCCGA,20,719,23,50.49,278,18,98.33,134,62,225.26,1.947514359,2.290857317,4.46147752,-103.4717497,-27.497566,-26.567947,-15.046448,-10.808228
CTGTTACTCGCTAAGTCCGA,20,,,,,,,1930,1,3.63,,,,-86.67485344,-27.162407,-26.654182,-20.441002,-21.628021
CTGTTACCGGGAAGGTCCGA,20,6,11087,24339.91,15,1726,9428.65,32,724,2630.5,0.38737407,0.278990099,0.10807353,-100.1859138,-27.54065,-27.498543,-17.342094,-12.5518875
CTGATACCGGGTAGTACCGA,20,2923,4,8.78,,,,1930,1,3.63,,,0.413439636,-94.0423415,-26.52694,-26.033836,-18.087456,-13.97863
CTGTTTCCGGGTAGGTTCGA,20,1999,7,15.37,904,3,16.39,1255,2,7.27,1.066363045,0.443563148,0.472999349,-78.91800715,-28.776642,-28.471588,-23.944931,-23.390877
CTGATACCGGGTAGGCCCGA,20,209,142,311.74,904,3,16.39,708,5,18.17,0.052575865,1.108602807,0.058285751,-97.49431385,-26.827362,-27.041763,-18.355186,-13.429882
CTGTTTCTGGGTTAGTCCGA,20,4644,2,4.39,1665,1,5.46,1930,1,3.63,1.243735763,0.664835165,0.826879271,-79.08895443,-28.011421,-26.33303,-24.34069,-22.017292
CTGTTTCCGGGTAGTTCCGA,20,925,18,39.52,1665,1,5.46,1255,2,7.27,0.138157895,1.331501832,0.18395749,-84.1703503,-28.22245,-26.514435,-22.161324,-19.380222
CTGTTACCGGCTGGGTCCGA,20,163,214,469.81,589,6,32.78,1930,1,3.63,0.069772887,0.110738255,0.007726528,-94.08398783,-27.887047,-27.496841,-18.72065,-13.930645
CTGCTACCGCGTAAGTGCGA,20,,,,1665,1,5.46,1255,2,7.27,,1.331501832,,-103.2686514,-27.17067,-28.028381,-14.893219,-9.852276
CTGTTACCACGTAAGTTCGA,20,,,,,,,1930,1,3.63,,,,-80.8140133,-27.656921,-27.731018,-21.789299,-20.78851
CTGCATCCGGGTGAGTCCGA,20,,,,,,,1930,1,3.63,,,,-84.62240833,-27.933128,-28.181976,-23.913002,-21.386692
CTGATGCCGGGTAAGTCCGA,20,8113,1,2.2,,,,1930,1,3.63,,,1.65,-91.56384549,-27.577309,-27.198532,-20.357742,-15.519329
CTGCTACCGGGCTAGTCCGA,20,,,,1665,1,5.46,1930,1,3.63,,0.664835165,,-102.3678997,-27.744118,-27.672997,-15.735672,-11.475269
CTGTTATCGTGTAGTTCCGA,20,8113,1,2.2,,,,1930,1,3.63,,,1.65,-77.48107328,-27.49926,-25.333733,-23.270004,-22.902603
CTGCTTCCGGGTACGTCCGA,20,8113,1,2.2,,,,1255,2,7.27,,,3.304545455,-92.25921703,-28.077545,-27.664864,-19.265717,-16.660244
CTGTCACCGGGTAAGTCCGA,20,545,31,68.06,268,19,103.79,158,49,178.03,1.524977961,1.71529049,2.615780194,-93.04300901,-27.621399,-27.52349,-22.567268,-17.06506
CTGCTACCGAGTAGGTCCGA,20,1397,11,24.15,1165,2,10.93,348,15,54.5,0.452587992,4.986276304,2.256728778,-94.17582644,-27.378983,-26.938316,-16.888245,-15.574478
CTGCTACCGGGTCGGTCCGA,20,85,427,937.42,109,67,366,217,29,105.37,0.390433317,0.287896175,0.112404258,-98.65647945,-27.945732,-27.743904,-16.749184,-12.1493225
CTGTTTCCGGGGTGGTCCGA,20,2923,4,8.78,1665,1,5.46,1930,1,3.63,0.621867882,0.664835165,0.413439636,-83.17295492,-28.259796,-27.407288,-22.150421,-18.447613
CTGTTACCGGGTTGGTTCGA,20,1303,12,26.34,655,5,27.31,989,3,10.9,1.03682612,0.399121201,0.413819286,-86.95673179,-28.014282,-26.533516,-20.218964,-18.740395
CTGTTACTGGGTAAGTCCGA,20,498,35,76.84,299,16,87.4,164,46,167.13,1.137428423,1.912242563,2.175039042,-93.10181577,-27.085258,-26.109695,-20.07595,-17.089745
CTGCTACCAGGTAAGTCCGA,20,8113,1,2.2,,,,471,10,36.33,,,16.51363636,-99.23354595,-27.01696,-26.807213,-17.673035,-15.732883
CTGTTACCGGGTAACTCCGA,20,135,263,577.38,655,5,27.31,708,5,18.17,0.047299872,0.665324057,0.031469743,-98.90904824,-27.339447,-27.231064,-17.730476,-13.485416
CTGCTACCGGGTTCGTCCGA,20,751,22,48.3,1165,2,10.93,1930,1,3.63,0.226293996,0.332113449,0.07515528,-99.0244647,-27.843338,-26.80217,-15.979767,-12.181835
CTGTTACCGGACCGATCCGA,20,4644,2,4.39,,,,1930,1,3.63,,,0.826879271,-92.54937719,-27.331032,-27.27005,-19.309128,-15.231842
CTGCTACGGGGTGGGTCCGA,20,,,,,,,1930,1,3.63,,,,-93.44556658,-27.734947,-27.423828,-19.384117,-16.621803
CTGCCTCCGGGAAGGTCCGA,20,,,,,,,1930,1,3.63,,,,-88.537541,-28.509819,-29.598152,-26.087067,-22.665993
CTGTTACCGGGGAGGTCCGA,20,11,6396,14041.5,27,671,3665.48,43,306,1111.79,0.261046185,0.303313618,0.079178863,-97.53081512,-27.795166,-28.168343,-18.42321,-13.6680565
CTGTTATCGGGTGGGTCCGA,20,1397,11,24.15,1165,2,10.93,639,6,21.8,0.452587992,1.994510522,0.902691511,-87.47736672,-27.847023,-27.336868,-23.38382,-19.46209
CTGTTACCGGATATGTCCGA,20,290,79,173.43,1665,1,5.46,1930,1,3.63,0.031482442,0.664835165,0.020930635,-95.43576404,-26.988228,-25.06504,-16.52391,-12.82489
CTGTTTCCGGGCAGGGCCGA,20,3487,3,6.59,,,,1930,1,3.63,,,0.550834598,-81.6086747,-28.19297,-28.646729,-23.809792,-22.483715
CTGTCACCGGGTACGTCCGA,20,637,26,57.08,408,10,54.63,416,12,43.6,0.957077786,0.798096284,0.763840224,-88.55670945,-27.773834,-27.8041,-23.313759,-18.093426
CTGATTCCGGGTATGTCCGA,20,8113,1,2.2,,,,1930,1,3.63,,,1.65,-86.2004827,-27.445,-25.686935,-20.526932,-16.347095
CTGTTACCGGGGGGGTGGGA,20,,,,,,,1930,1,3.63,,,,-85.50884884,-28.443787,-29.743149,-22.81942,-24.457314
CTGTTACTGGGCAAGTCCGA,20,8113,1,2.2,,,,1930,1,3.63,,,1.65,-92.1654425,-27.196556,-26.819618,-20.99556,-18.586727
CTGTTACCGCGTAGCTCCGA,20,3487,3,6.59,,,,1930,1,3.63,,,0.550834598,-89.55209207,-27.774796,-27.671448,-18.627419,-18.228523
CTGTTACGGGGTACATCCGA,20,4644,2,4.39,,,,1930,1,3.63,,,0.826879271,-89.45376563,-27.143723,-26.522491,-19.701683,-17.453518
CTGTTTCCGGGATGGTCCGA,20,8113,1,2.2,904,3,16.39,1255,2,7.27,7.45,0.443563148,3.304545455,-85.92167426,-28.005028,-26.649162,-21.114418,-17.425045
CTGTTACCCGGTGGGTCCGA,20,1999,7,15.37,,,,1930,1,3.63,,,0.236174366,-89.18327199,-27.958588,-27.742592,-19.714127,-19.220139
CTGCTTCCGGGTAAGTCCGA,20,,,,743,4,21.85,416,12,43.6,,1.995423341,,-97.25177376,-27.933998,-27.507431,-18.446625,-15.903915
CTGCTACCGCGTACGTGCGA,20,8113,1,2.2,,,,1930,1,3.63,,,1.65,-99.07061306,-27.31334,-28.197372,-16.309319,-11.259586
CTGTTACCGGGCAACTCCGA,20,2500,5,10.98,,,,1930,1,3.63,,,0.330601093,-97.60935199,-27.57322,-28.398468,-18.81018,-14.972969
CTGTTACTGCGTAGGTCCGA,20,2216,6,13.17,,,,1930,1,3.63,,,0.275626424,-83.88696623,-27.20082,-26.31881,-21.52121,-21.346394
CTGTTACCGCGTACTTGCGA,20,8113,1,2.2,,,,1930,1,3.63,,,1.65,-90.16102586,-27.646378,-27.36631,-19.096321,-15.6216545
CTGTTTCCGGGTAAGTTCGA,20,,,,,,,1930,1,3.63,,,,-83.46522379,-28.614372,-28.457062,-22.929527,-22.054104
CTGATGCCGGGTAGGTCCGA,20,1303,12,26.34,1165,2,10.93,1930,1,3.63,0.414958238,0.332113449,0.137813212,-87.6744723,-27.815468,-27.17051,-21.17765,-16.419304
CTGCTACCGGGCTGGTCCGA,20,751,22,48.3,1165,2,10.93,1255,2,7.27,0.226293996,0.665141812,0.150517598,-98.48398146,-27.82235,-27.451988,-16.654411,-12.5629425
CTGTCACCGGGTAGGTCCGA,20,141,253,555.43,113,64,349.61,138,60,218,0.629440253,0.623551958,0.392488702,-89.29969891,-27.87658,-27.344063,-22.8143,-17.653404
CTGCTACCGAGTAAGTCCGA,20,4644,2,4.39,655,5,27.31,337,16,58.13,6.22095672,2.12852435,13.24145786,-98.67537574,-27.079155,-26.964035,-15.895706,-14.643219
CTGTTTCCGGATAGATCCGA,20,,,,,,,1930,1,3.63,,,,-88.35645536,-27.58207,-25.961205,-20.830956,-18.258324
CTGCTACCGGGTCAGTCCGA,20,386,50,109.77,158,39,213.05,89,107,388.76,1.940876378,1.824735977,3.541586955,-103.185312,-27.631607,-27.42144,-14.944824,-10.665508
CTGATACCGGGTAGATCCGA,20,64,519,1139.39,197,30,163.88,989,3,10.9,0.143831348,0.066512082,0.009566522,-99.06187141,-26.812485,-25.822906,-16.13456,-11.2304
CTGCTACCGGGGAGGTTCGA,20,8113,1,2.2,,,,1930,1,3.63,,,1.65,-96.51102672,-28.278175,-29.072456,-18.24218,-16.973015
CTGTCACCGGGCAGGTCCGA,20,570,29,63.67,904,3,16.39,505,9,32.7,0.257421077,1.995118975,0.513585676,-88.3125212,-28.059067,-28.692116,-24.508118,-19.544079
CTGTTACCGGGGACGTCCGA,20,40,885,1942.89,51,213,1163.56,64,163,592.23,0.598881048,0.508981058,0.30481911,-96.97217312,-27.776451,-28.429573,-18.435326,-13.844753
CTGCTACCGGGTAAGTGCGA,20,8113,1,2.2,,,,1930,1,3.63,,,1.65,-103.9711942,-27.091728,-27.412025,-14.5601425,-13.517632
CTGTTACCGGCTAGGACCGA,20,156,227,498.35,1665,1,5.46,1930,1,3.63,0.010956155,0.664835165,0.007284037,-95.26996769,-27.331238,-27.778801,-18.281044,-14.167221
CTGCTACCGGGTTGGTCCGA,20,79,441,968.15,43,302,1649.74,31,760,2761.3,1.704012808,1.673778898,2.852140681,-99.60086219,-27.526993,-25.961212,-15.198166,-11.456646
CTGTTACCGGGAAAGTCCGA,20,32,1162,2551,29,593,3239.39,27,878,3190.02,1.269851039,0.984759476,1.250497844,-103.4066812,-27.240845,-27.3434,-15.864372,-11.162945
CTGCTACCGCGCAGGTGCGA,20,8113,1,2.2,,,,1930,1,3.63,,,1.65,-98.26103642,-27.564674,-29.300858,-17.340355,-12.174919
CTGTTACCGGTCAAGTCCGA,20,637,26,57.08,,,,1930,1,3.63,,,0.063594954,-98.64699867,-27.486969,-26.85183,-17.199036,-12.870632
CTGTTTCCCAGTTAGTCCGA,20,,,,,,,1930,1,3.63,,,,-72.25943989,-28.192062,-26.554,-23.647476,-25.868603
CTGTTACCGTGTAGGTCCGA,20,186,177,388.58,538,7,38.24,989,3,10.9,0.098409594,0.285041841,0.028050852,-87.00089215,-27.493843,-26.188461,-19.73452,-17.555035
CTGTTTCTGGTATGGTCCGA,20,,,,,,,1930,1,3.63,,,,-76.18310095,-27.693924,-25.735771,-24.31285,-22.323608
CTGCTACCGGCAAAGTCCGA,20,2500,5,10.98,1165,2,10.93,830,4,14.53,0.995446266,1.32936871,1.323315118,-108.9793358,-26.927666,-27.546707,-12.205933,-8.791409
CTGCTACCGGATAGGTCCGA,20,133,265,581.77,443,9,49.16,471,10,36.33,0.084500748,0.73901546,0.062447359,-101.0958395,-27.218262,-26.55516,-15.2092285,-11.323753
CTGCTACCGGGTTGGTCGGA,20,8113,1,2.2,,,,1930,1,3.63,,,1.65,-96.06776897,-28.011612,-26.83133,-15.7732315,-16.174175
CTGTTACCGGGTACGCCCGA,20,233,126,276.61,408,10,54.63,249,25,90.83,0.197498283,1.662639575,0.328368461,-95.82149406,-27.05806,-27.37326,-18.158783,-14.556995
CTGCTACCGGGTAGGACCGA,20,39,892,1958.26,153,41,223.97,416,12,43.6,0.114371942,0.194668929,0.022264664,-101.0523346,-27.029259,-27.689667,-16.071388,-11.968319
CTGTTACCTGGTAGGTCCGA,20,214,137,300.76,385,11,60.09,708,5,18.17,0.199793856,0.302379764,0.060413619,-87.00369095,-27.407562,-26.229012,-20.24858,-18.333931
CTGCTACCGGGGATGTCCGA,20,637,26,57.08,1665,1,5.46,1255,2,7.27,0.095655221,1.331501832,0.127365102,-102.3779489,-27.367142,-27.016808,-14.797676,-10.633511
CTGCTACCGGGTGAGTCCGA,20,688,24,52.69,113,64,349.61,42,334,1213.52,6.6352249,3.471067761,23.03131524,-104.3191637,-27.447456,-27.33609,-15.002533,-10.576855
CTGCAACCGGGTACGTCCGA,20,8113,1,2.2,,,,1930,1,3.63,,,1.65,-94.55833814,-27.309357,-27.716377,-19.958122,-17.06287
CTGTTTCTGGATAGGTCCGA,20,,,,,,,1930,1,3.63,,,,-77.17359981,-27.781784,-26.235252,-24.72039,-22.484406
CTGTTTCCCGGTAGGTCCGA,20,925,18,39.52,743,4,21.85,1930,1,3.63,0.552884615,0.166132723,0.091852227,-80.53943859,-28.41214,-27.572708,-22.270287,-22.330914
CTGTTACCGGTTAAGTCCGA,20,148,243,533.47,904,3,16.39,471,10,36.33,0.030723377,2.216595485,0.068101299,-99.52527208,-27.418625,-26.422028,-17.921112,-13.1054
CTGTTTCCGGGTTGATCCGA,20,8113,1,2.2,,,,1255,2,7.27,,,3.304545455,-84.39703092,-27.85653,-25.608833,-20.525452,-18.228569
CTGATACCGGGGAAGTCCGA,20,338,62,136.11,268,19,103.79,830,4,14.53,0.762545,0.139994219,0.106751892,-101.1599484,-27.068466,-27.545105,-16.539612,-10.765636
CTGTTTCCGTGTTAGTCCGA,20,,,,,,,1930,1,3.63,,,,-77.64470968,-28.106575,-26.113747,-23.52842,-21.855778
CTGTTACCGTGCACGTCCGA,20,,,,,,,1930,1,3.63,,,,-85.34349589,-27.480156,-27.170723,-20.603516,-18.581219
CTGCTGCCGGGTAGGGCCGA,20,,,,,,,1930,1,3.63,,,,-88.46016207,-27.921204,-28.760689,-21.28621,-19.893272
CTGTTACCGGGCAAATCCGA,20,545,31,68.06,1665,1,5.46,1930,1,3.63,0.080223332,0.664835165,0.053335292,-100.750054,-26.994934,-27.09513,-16.81173,-12.794884
CTGTTACCGGGTTTGTCCGA,20,205,150,329.3,904,3,16.39,574,7,25.43,0.049772244,1.551555827,0.077224415,-92.93145893,-27.536438,-25.536873,-19.02317,-14.23959
CTGTTTCCGGCTAAGTCCGA,20,8113,1,2.2,,,,1930,1,3.63,,,1.65,-91.24038437,-28.18525,-27.335785,-20.403854,-16.855988
CTGTTACCGGGCAGGCCCGA,20,369,53,116.35,408,10,54.63,574,7,25.43,0.469531586,0.465495149,0.218564676,-95.41043864,-27.46923,-28.533699,-20.047745,-16.463211
CTGTTACCGGGTGATTCCGA,20,4644,2,4.39,,,,1930,1,3.63,,,0.826879271,-95.78241572,-27.440254,-25.864212,-17.750877,-13.801178
CTGCAACCGGGTAGGTCCGA,20,1205,13,28.54,,,,1255,2,7.27,,,0.254730203,-94.74645189,-27.436523,-27.283852,-19.403786,-16.539143
CTGTTTCCCGGTACGTCCGA,20,4644,2,4.39,1665,1,5.46,1930,1,3.63,1.243735763,0.664835165,0.826879271,-80.39631816,-28.281097,-27.537804,-22.339676,-22.13723
CTGATACCGGGAAGGTCCGA,20,51,637,1398.44,197,30,163.88,471,10,36.33,0.117187723,0.2216866,0.025978948,-100.1643018,-27.10199,-26.968933,-16.614365,-10.930939
CTGTTGCCGGGCAAGTCCGA,20,8113,1,2.2,1665,1,5.46,1255,2,7.27,2.481818182,1.331501832,3.304545455,-91.20467954,-28.119003,-28.26371,-21.007568,-17.614388
CTGCTACCGGATACGTCCGA,20,498,35,76.84,1165,2,10.93,1930,1,3.63,0.142243623,0.332113449,0.04724102,-100.28063,-26.993698,-26.765518,-15.120415,-11.3978195
CTGTTACCGGGTAGGCCCGA,20,22,1728,3793.58,83,114,622.75,69,141,512.29,0.164158921,0.822625452,0.135041307,-96.60009733,-27.231712,-27.412636,-18.676064,-14.807045
CTGTTACCTGGTACGTCCGA,20,2216,6,13.17,,,,989,3,10.9,,,0.827638573,-86.58373581,-27.266182,-26.21833,-20.453133,-18.509995
CTGTTGCCGGGTAAGTCCGA,20,2923,4,8.78,208,27,147.49,158,49,178.03,16.79840547,1.207064886,20.27676538,-91.86948081,-27.992859,-27.337791,-20.177246,-16.18892
CTGTTACCGGATAGGTTCGA,20,1999,7,15.37,,,,1930,1,3.63,,,0.236174366,-89.41948905,-27.852005,-27.05243,-20.00225,-18.74305
CTGTTACCGGATAGTTCCGA,20,276,85,186.61,,,,1930,1,3.63,,,0.019452334,-94.70800193,-27.282814,-25.45723,-17.795685,-13.679649
CTGCTACCGGGTACGACCGA,20,338,62,136.11,1665,1,5.46,1930,1,3.63,0.040114613,0.664835165,0.026669605,-100.49816,-26.815735,-27.365662,-15.037476,-11.332745
CTGTTACCGTGTACGTCCGA,20,971,17,37.32,1165,2,10.93,1930,1,3.63,0.292872454,0.332113449,0.097266881,-86.53227842,-27.348396,-26.256493,-19.89933,-17.761898
CTGACACCGGGTAAGTCCGA,20,,,,904,3,16.39,1930,1,3.63,,0.22147651,,-94.14320664,-27.175331,-26.954903,-21.864273,-16.038963
CTGTTACCGGGGTGGACCGA,20,2923,4,8.78,,,,1930,1,3.63,,,0.413439636,-92.39617603,-27.223145,-27.530067,-19.175278,-14.60041
CTGTTACCGGGTAAATCCGA,20,53,610,1339.17,173,35,191.2,189,37,134.43,0.142775002,0.703085774,0.100383073,-101.739273,-26.923904,-26.226547,-16.059937,-11.84523
CTGATACCGGGTAGGTGCGA,20,1133,14,30.73,,,,1255,2,7.27,,,0.236576635,-94.81555407,-26.964027,-26.722214,-17.937477,-15.780159
CTGCTGCCGGGCAAGTCCGA,20,3487,3,6.59,,,,1930,1,3.63,,,0.550834598,-97.18270642,-28.005226,-28.888237,-19.49627,-16.775272
CTGATACCGGGCATATCCGA,20,,,,,,,1930,1,3.63,,,,-96.19636449,-26.815681,-26.442917,-17.496552,-13.260384
CTGATACCGGGTTAGTCCGA,20,751,22,48.3,904,3,16.39,1930,1,3.63,0.339337474,0.22147651,0.07515528,-98.00256555,-27.152626,-25.856224,-17.147072,-11.449692
CTGTAACCGGGTAGGTCCGA,20,144,249,546.64,443,9,49.16,1255,2,7.27,0.089931216,0.147884459,0.013299429,-88.86403953,-27.513016,-27.344963,-21.706978,-17.976238
CTGTTACGGGGTTAGTCCGA,20,4644,2,4.39,,,,1930,1,3.63,,,0.826879271,-89.74735282,-27.687546,-26.560379,-20.5307,-17.110504
CTGCTACCGGGTTTGTCCGA,20,1999,7,15.37,,,,1255,2,7.27,,,0.472999349,-98.25456436,-27.552269,-25.877533,-16.823166,-12.595726
CTGTTACCGGCGAGGTCCGA,20,181,183,401.75,538,7,38.24,1255,2,7.27,0.095183572,0.190115063,0.018095831,-97.16237426,-27.803307,-28.228859,-17.855202,-13.264938
CTGCTACCGTGTACGTCCGA,20,,,,,,,1930,1,3.63,,,,-92.74193068,-27.241638,-26.582008,-17.644974,-15.91066
CTGATACCGGGTCGGTCCGA,20,105,345,757.4,328,14,76.48,989,3,10.9,0.100977027,0.142520921,0.014391339,-93.53332039,-27.56781,-26.969772,-18.746689,-12.871365
CTGCTACCGGGTAAATCCGA,20,326,65,142.7,316,15,81.94,271,22,79.93,0.574211633,0.975469856,0.560126139,-107.3793029,-26.740295,-26.502792,-13.249741,-9.592098
CTGTTACCGGATACGTCCGA,20,199,156,342.48,904,3,16.39,639,6,21.8,0.047856809,1.330079317,0.063653352,-95.47865184,-27.12741,-26.467354,-17.646408,-13.404709
CTGCTACCGGGTAGGCCCGA,20,141,253,555.43,316,15,81.94,208,33,119.9,0.147525341,1.463265804,0.215868786,-102.9055202,-27.160896,-27.773804,-16.155235,-12.46711
CTGTCACCGGGTATGTCCGA,20,2216,6,13.17,1665,1,5.46,1255,2,7.27,0.414578588,1.331501832,0.552012149,-87.86724795,-27.553215,-26.169426,-22.114891,-17.066528
CTGTTACCGGGTACGACCGA,20,196,161,353.45,743,4,21.85,1930,1,3.63,0.061819211,0.166132723,0.010270194,-94.68115661,-26.931442,-27.004875,-17.59565,-13.628082
CTGCTACCGGATAGGTTCGA,20,,,,,,,1930,1,3.63,,,,-94.80395728,-27.745872,-27.064018,-17.324196,-16.318344
CTGATTCCGGGTACGTCCGA,20,4644,2,4.39,,,,1930,1,3.63,,,0.826879271,-86.6510363,-27.639297,-26.894508,-20.996544,-16.978752
CTGTTGCCGGGATGGTCCGA,20,,,,,,,1930,1,3.63,,,,-86.92931397,-27.97979,-26.671547,-20.695229,-17.086689
CTGCTTCCGCCTAGGTCCGA,20,,,,,,,1930,1,3.63,,,,-82.85793808,-28.852493,-28.596634,-20.418648,-21.269863
CTGCTGCCGGGTAAGTCCGA,20,4644,2,4.39,1665,1,5.46,337,16,58.13,1.243735763,10.64652015,13.24145786,-97.54201985,-27.897652,-27.968506,-18.716377,-15.571468
CTGATACCGGGTATATCCGA,20,1205,13,28.54,,,,1930,1,3.63,,,0.127189909,-97.32275414,-26.669449,-25.356377,-16.739769,-12.495014
CTGTTACCGGATAGGTCCGA,20,38,955,2096.56,181,32,174.81,179,40,145.33,0.083379441,0.831359762,0.069318312,-96.40605073,-27.33654,-26.255707,-17.667732,-13.288296
CTGCTACCGGCTTGGTCCGA,20,618,27,59.27,1165,2,10.93,830,4,14.53,0.184410326,1.32936871,0.245149317,-97.81256065,-27.731888,-26.433899,-15.2548065,-11.855869
CTGCTACCGGGTACGCCCGA,20,359,56,122.94,1165,2,10.93,830,4,14.53,0.088905157,1.32936871,0.118187734,-102.2391063,-26.971786,-27.72792,-15.516296,-12.122639
CTGTTACCGGCAAAGTCCGA,20,390,49,107.57,,,,1930,1,3.63,,,0.033745468,-104.0898932,-27.13018,-27.313644,-15.104248,-10.861084
CTGATTCCGGGTAGGTCCGA,20,825,20,43.91,589,6,32.78,574,7,25.43,0.746526987,0.775777913,0.579139148,-87.36073652,-27.780205,-26.82328,-21.337936,-17.206848
CTGCTACCTGGTAGGTCCGA,20,1063,15,32.93,,,,1255,2,7.27,,,0.220771333,-92.66875924,-27.361206,-26.554176,-18.225983,-16.795883
CTGTTACCGGGCGAGTCCGA,20,1014,16,35.13,443,9,49.16,505,9,32.7,1.399373755,0.665174939,0.930828352,-97.41114336,-27.914368,-28.631073,-19.394684,-14.078049
CTGTTACCGGGTAGGACCGA,20,16,4091,8981.2,118,61,333.23,264,23,83.57,0.03710306,0.250787744,0.009304993,-95.34752059,-27.129463,-27.331367,-18.474876,-14.195122
CTGCTACCGTGTAGGTCCGA,20,1303,12,26.34,,,,1930,1,3.63,,,0.137813212,-93.09835505,-27.402626,-26.520683,-17.565178,-15.746155
CTGATACCGAGTACGTCCGA,20,8113,1,2.2,,,,1930,1,3.63,,,1.65,-88.53429802,-26.902725,-26.441483,-18.895264,-17.185284
CTGTTACCCGGGAAGTCCGA,20,8113,1,2.2,,,,989,3,10.9,,,4.954545455,-95.57104373,-27.65738,-28.388954,-17.932968,-17.6389
CTGCTACCGGTTAAGTCCGA,20,570,29,63.67,904,3,16.39,708,5,18.17,0.257421077,1.108602807,0.285377729,-104.2245276,-27.288582,-26.710297,-15.457222,-11.429211
CTGATACCGGCTAGATCCGA,20,444,42,92.2,538,7,38.24,1930,1,3.63,0.414750542,0.094926778,0.039370933,-98.12178599,-26.943779,-26.149933,-15.903488,-11.291191
CTGTTATCGGGTAGCTCCGA,20,1514,10,21.95,,,,1930,1,3.63,,,0.165375854,-87.87195574,-27.750084,-27.135117,-22.355782,-19.71482
CTGTTTCCGGGAAGGCCCGA,20,,,,,,,1930,1,3.63,,,,-88.58924099,-27.799553,-28.229477,-21.806877,-19.120464
CTGTTACCGGACAGGTCCGA,20,239,120,263.44,655,5,27.31,1255,2,7.27,0.103666869,0.266202856,0.027596417,-95.43531722,-27.370499,-27.277412,-18.346336,-14.077728
CTGCTACGGGGGAAGTCCGA,20,,,,,,,1930,1,3.63,,,,-100.2737693,-27.473518,-28.243973,-17.40625,-14.782036
CTGTTATCGGGGAAGTCCGA,20,,,,1165,2,10.93,989,3,10.9,,0.997255261,,-93.47340675,-27.620178,-27.715614,-21.054985,-17.436512
CTGCTTCCCGGTAGGTCCGA,20,,,,,,,1930,1,3.63,,,,-85.42252495,-28.368507,-28.071869,-20.383842,-21.279121
CTGTTACCGGGCAGGACCGA,20,81,433,950.59,385,11,60.09,1930,1,3.63,0.063213373,0.060409386,0.003818681,-94.37352149,-27.29406,-28.360672,-19.662758,-15.252319
CTGTTACCGGGTGAGTCCGA,20,78,445,976.93,33,506,2764.14,17,1392,5057.53,2.829414595,1.829693865,5.176962525,-98.98765402,-27.54985,-27.061317,-17.782387,-12.325699
CTGTTACCGGGGATGTCCGA,20,121,296,649.83,538,7,38.24,989,3,10.9,0.05884616,0.285041841,0.016773618,-96.5171512,-27.412865,-26.799667,-17.247444,-12.742821
CTGTTACCGGGTCAGTCCGA,20,55,602,1321.6,46,254,1387.53,45,295,1071.82,1.049886501,0.772466181,0.811001816,-97.57503602,-27.725174,-27.096756,-17.65831,-12.387203
CTGTTACCGAGTAAGTCCGA,20,334,63,138.31,328,14,76.48,184,38,138.06,0.55296074,1.805177824,0.998192466,-93.31079534,-27.248154,-26.70539,-18.487442,-16.655663
CTGTTACCCGTTACGTCCGA,20,8113,1,2.2,,,,1930,1,3.63,,,1.65,-88.13206541,-27.750275,-26.91864,-19.876595,-19.762127
CTGATTCCGGGTATGTTCGA,20,,,,,,,1930,1,3.63,,,,-78.62345889,-27.998222,-26.711266,-22.260155,-21.50335
CTGCCACCGGGTAGGTCCGA,20,751,22,48.3,367,12,65.55,277,21,76.3,1.357142857,1.163996949,1.579710145,-96.69589079,-28.095726,-27.917702,-21.274178,-17.023682
CTGCTACCGGCTGAGTCCGA,20,4644,2,4.39,,,,1930,1,3.63,,,0.826879271,-102.7447375,-27.535194,-27.71286,-15.122429,-11.153095
CTGCTTCTGGGTTGGTCCGA,20,,,,,,,1255,2,7.27,,,,-81.64527636,-27.959137,-26.297974,-23.084198,-22.341366
CTGCTTCCGGGTAAGTTCGA,20,,,,,,,1930,1,3.63,,,,-90.02353383,-28.52005,-28.668083,-20.707092,-20.959354
CTGCTACCGGCGATGTCCGA,20,8113,1,2.2,,,,1930,1,3.63,,,1.65,-101.0732008,-27.333282,-27.101418,-14.166405,-10.468475
CTGTAACCGGCTAGTTCCGA,20,8113,1,2.2,,,,1930,1,3.63,,,1.65,-85.03736566,-27.624237,-26.895012,-21.518158,-18.653309
CTGTTACCGGGCTGGTCCGA,20,102,365,801.3,118,61,333.23,240,26,94.47,0.415861725,0.283497884,0.117895919,-92.92864882,-27.831276,-27.11396,-19.058746,-14.3682785
CTGTTACCGCGTAGGTGCGA,20,120,313,687.15,328,14,76.48,1930,1,3.63,0.111300298,0.047463389,0.005282689,-93.47420454,-27.522331,-27.735695,-18.707062,-14.167984
CTGTTTCCGCGTACGTCCGA,20,8113,1,2.2,,,,1930,1,3.63,,,1.65,-80.72096875,-28.340378,-27.751045,-21.9066,-21.138737
CTGCTACCGGGAAAGTCCGA,20,267,89,195.39,107,68,371.46,52,235,853.82,1.901120835,2.298551661,4.369824454,-109.3756821,-27.061272,-27.54026,-12.880104,-8.877949
CTGTTACCGGGTTGGTCCGA,20,14,5919,12994.31,12,2741,14973.31,12,3431,12465.8,1.152297429,0.83253469,0.959327583,-94.35101738,-27.517006,-25.61303,-17.47268,-13.08387
CTGCCACCGGGCAGGTCCGA,20,2500,5,10.98,,,,1930,1,3.63,,,0.330601093,-96.01420092,-28.259804,-29.288704,-22.749817,-18.725895
CTGTTACCGAGCAAGTCCGA,20,4644,2,4.39,,,,1930,1,3.63,,,0.826879271,-91.61979653,-27.221855,-27.491234,-19.135895,-17.679607
CTGTTACCGGGCCAGTCCGA,20,925,18,39.52,904,3,16.39,1255,2,7.27,0.414726721,0.443563148,0.18395749,-95.27983509,-28.028557,-28.264236,-19.126389,-14.298077
CTGCTACCGGGGACGTCCGA,20,431,43,94.4,246,21,114.72,192,36,130.8,1.215254237,1.140167364,1.38559322,-102.8718996,-27.705788,-28.669662,-15.726707,-11.521008
CTGTTACGGGGTGGGTCCGA,20,1397,11,24.15,,,,1255,2,7.27,,,0.301035197,-86.84762845,-27.800552,-27.215843,-21.722572,-18.399895
CTGCTACCGGGGAGTTTCGA,20,,,,,,,1930,1,3.63,,,,-94.04530447,-28.46901,-29.347748,-19.224533,-18.271076
CTGTCACCGGGTGAGCCCGA,20,,,,,,,1930,1,3.63,,,,-89.42543202,-27.386742,-28.177528,-24.1865,-19.245518
CTGCTACCGGGGAGGTCCGA,20,96,385,845.21,124,58,316.84,179,40,145.33,0.374865418,0.458685772,0.171945434,-103.3183522,-27.740181,-28.417145,-15.741425,-11.4242325
CTGCTACTGGGTAAGTCCGA,20,8113,1,2.2,904,3,16.39,348,15,54.5,7.45,3.325198292,24.77272727,-100.6278177,-26.952942,-26.362007,-17.802742,-15.6058235
CTGTTACCGGGAAAGTTCGA,20,8113,1,2.2,,,,1930,1,3.63,,,1.65,-95.60651968,-27.816994,-28.388794,-18.295998,-16.780403
CTGTTTCCGCGTAGGTCCGA,20,1514,10,21.95,1665,1,5.46,1930,1,3.63,0.248747153,0.664835165,0.165375854,-80.65435823,-28.451447,-27.67588,-22.071938,-21.359158
CTGCTACCGGGTTGGTTCGA,20,8113,1,2.2,,,,1930,1,3.63,,,1.65,-92.90125605,-28.036354,-26.585785,-17.663185,-16.68671
CTGTTTCCGGGTGGGACCGA,20,,,,,,,1930,1,3.63,,,,-79.79117841,-27.913956,-27.994453,-22.35833,-20.055473
CTGCTACCGGACCGATCCGA,20,,,,,,,1930,1,3.63,,,,-97.47348199,-27.183342,-27.594864,-16.809967,-12.7122
CTGTTACCGGGTTCGTCCGA,20,126,280,614.7,173,35,191.2,291,19,69.03,0.311046039,0.361035565,0.112298682,-93.66243053,-27.85366,-26.446701,-18.394737,-13.933067
CTGCTGCCGCGTGGGTGCGA,20,,,,,,,1930,1,3.63,,,,-85.0349591,-28.308388,-29.104668,-21.83638,-18.86679
CTGTTTCCGGGCAAGTCCGA,20,8113,1,2.2,904,3,16.39,708,5,18.17,7.45,1.108602807,8.259090909,-90.66358985,-28.161522,-27.84417,-21.245674,-17.75837
CTGTTACCAGGTAAGTCCGA,20,408,46,100.99,316,15,81.94,202,34,123.53,0.811367462,1.507566512,1.223190415,-93.38343954,-27.175331,-26.530846,-20.073273,-17.369316
CTGCTACCGGGTAACTCCGA,20,346,59,129.53,1665,1,5.46,1930,1,3.63,0.042152397,0.664835165,0.028024396,-104.5772391,-27.194359,-27.501755,-14.766434,-10.999088
CTGATACCGGGTGGGTCCGA,20,72,466,1023.04,93,90,491.64,255,24,87.2,0.48056772,0.177365552,0.085236159,-95.3096724,-27.311562,-26.691406,-18.325249,-12.815556
CTGTTACCGGGGAAGGCCGA,20,4644,2,4.39,1665,1,5.46,1930,1,3.63,1.243735763,0.664835165,0.826879271,-97.36671224,-27.194344,-28.108047,-17.705048,-15.251007
CTGTTACCGGGCTCGTCCGA,20,1397,11,24.15,,,,1930,1,3.63,,,0.150310559,-92.05358971,-28.308372,-28.077957,-19.863342,-15.2425995
CTGTTTCCGGGTAAGTCCGA,20,448,41,90.01,151,42,229.43,81,118,428.73,2.548939007,1.868674541,4.763137429,-91.38814318,-28.040474,-27.106697,-20.656906,-16.600262
CTGCCACCGGGTACGTCCGA,20,4644,2,4.39,,,,1255,2,7.27,,,1.656036446,-96.06509069,-27.977486,-28.411102,-21.849876,-17.496918
CTGTTACCCGTTAGGTCCGA,20,1800,8,17.56,,,,1930,1,3.63,,,0.206719818,-89.2776923,-28.0018,-27.047066,-19.345055,-19.403652
CTGCTACCGGGTTGGACCGA,20,570,29,63.67,1165,2,10.93,1255,2,7.27,0.171666405,0.665141812,0.114182504,-97.56416379,-27.07994,-26.708115,-16.284683,-12.478371
CTGTTACCGGAAAAGTCCGA,20,1303,12,26.34,1665,1,5.46,989,3,10.9,0.207289294,1.996336996,0.413819286,-102.6725799,-26.923264,-26.88562,-16.141357,-12.027496
CTGCTACCGGATTGGTCCGA,20,1397,11,24.15,,,,1930,1,3.63,,,0.150310559,-97.59222498,-27.218071,-25.467941,-15.451675,-12.012024
CTGTTACCGGCTAGGTCCGA,20,10,6552,14383.97,73,133,726.54,271,22,79.93,0.050510395,0.11001459,0.00555688,-97.110592,-27.8014,-27.12957,-17.179184,-12.716305
CTGCTGCCGGGGAAGTCCGA,20,,,,1665,1,5.46,1930,1,3.63,,0.664835165,,-98.08529359,-28.016777,-29.008736,-19.090546,-15.842701
CTGTTTCCGCGTAAATCCGA,20,,,,,,,1930,1,3.63,,,,-86.15012196,-27.708458,-26.726936,-20.388474,-20.385883
CTGTTGCCGGCTAGATCCGA,20,4644,2,4.39,,,,1930,1,3.63,,,0.826879271,-89.06910062,-28.001648,-27.050087,-19.688774,-17.464188
CTGTCACCGGGTGAGTCCGA,20,8113,1,2.2,1665,1,5.46,989,3,10.9,2.481818182,1.996336996,4.954545455,-90.87457082,-27.836182,-27.676659,-23.152313,-17.448914
CTGCTACCGAGTGGGTCCGA,20,8113,1,2.2,,,,1930,1,3.63,,,1.65,-90.47721803,-27.537193,-27.220764,-17.944435,-16.799713
CTGTTTCCGGGTAGATCCGA,20,751,22,48.3,,,,1930,1,3.63,,,0.07515528,-88.49105653,-27.876534,-26.49839,-20.64206,-17.824883
CTGCTACCGACAAGGTCCGA,20,,,,,,,1930,1,3.63,,,,-95.78867988,-27.028587,-27.1296,-15.521484,-14.374359
CTGCTACCGGTAAGGTCCGA,20,2500,5,10.98,,,,1930,1,3.63,,,0.330601093,-103.0877108,-27.404274,-26.988846,-15.385376,-11.477493
CTGCTATCGGGTAATTCCGA,20,,,,,,,1930,1,3.63,,,,-98.09222537,-27.250343,-26.153122,-18.91201,-16.954731
CTGTTTCCCGGTTGGTCCGA,20,,,,,,,1930,1,3.63,,,,-75.62126951,-28.368866,-26.441093,-22.183456,-22.446083
CTGTTACCGGGAGGGTCCGA,20,93,397,871.56,112,65,355.08,264,23,83.57,0.407407407,0.235355413,0.095885539,-97.55644135,-27.84813,-28.26072,-19.368713,-14.253391
CTGATACCGGGATCGTCCGA,20,4644,2,4.39,,,,1930,1,3.63,,,0.826879271,-95.98019189,-27.223824,-26.50978,-17.119041,-11.958046
CTGTTACCGGGTCCATCCGA,20,971,17,37.32,1165,2,10.93,989,3,10.9,0.292872454,0.997255261,0.292068596,-94.62730241,-27.686325,-26.6223,-17.684006,-14.10582
CTGTTTCCGGGTAAGCCCGA,20,8113,1,2.2,,,,1255,2,7.27,,,3.304545455,-90.46993038,-27.543915,-27.106842,-20.63308,-17.8348
CTGTTTCCGAGTATGTCCGA,20,8113,1,2.2,,,,1930,1,3.63,,,1.65,-78.37651318,-27.789581,-25.923798,-22.402016,-21.468021
CTGTTACCGGCCAGGTCCGA,20,174,194,425.9,1165,2,10.93,1930,1,3.63,0.025663301,0.332113449,0.008523127,-95.43199497,-28.01522,-28.002853,-18.26268,-14.190868
CTGTTACCGAGTACATCCGA,20,4644,2,4.39,,,,1930,1,3.63,,,0.826879271,-90.57910962,-26.864326,-26.018173,-18.55516,-17.904045
CTGTTTCCTGGTAAGTCCGA,20,8113,1,2.2,,,,1930,1,3.63,,,1.65,-80.53521096,-27.775948,-26.338127,-22.590446,-21.347076
CTGCTACCAGGTGGGTCCGA,20,,,,,,,1255,2,7.27,,,,-90.23145146,-27.432716,-27.180748,-19.784248,-17.778645
CTGCTACCGGTGAAGTCCGA,20,4644,2,4.39,,,,1255,2,7.27,,,1.656036446,-104.8470092,-27.1669,-27.01915,-14.492638,-10.277405
CTGTTACCGGGTCGATCCGA,20,94,396,869.36,255,20,109.25,830,4,14.53,0.125667157,0.132997712,0.016713444,-94.76803492,-27.605446,-26.636383,-17.64531,-13.434689
CTGTTACCGGGCTGGCCCGA,20,1999,7,15.37,,,,1930,1,3.63,,,0.236174366,-91.72557569,-27.521317,-27.83741,-20.108871,-16.241367
CTGTTACTGGGTGGGTCCGA,20,1205,13,28.54,655,5,27.31,574,7,25.43,0.956902593,0.931160747,0.891030133,-86.81935327,-27.359444,-26.398918,-22.46878,-19.408703
CTGTTACCGGGGGAGTCCGA,20,872,19,41.71,299,16,87.4,176,41,148.96,2.095420762,1.704347826,3.571325821,-98.97634044,-27.819382,-28.704178,-18.939812,-13.545074
CTGTTATCGGGTAAGTCCGA,20,545,31,68.06,328,14,76.48,152,54,196.2,1.12371437,2.565376569,2.882750514,-93.88115789,-27.548576,-26.794243,-20.482979,-16.571705
CTGTTACCGGGTCAGCCCGA,20,2923,4,8.78,1665,1,5.46,1930,1,3.63,0.621867882,0.664835165,0.413439636,-96.47215966,-27.338104,-27.405945,-18.186829,-14.068115
CTGTTACCGGGTATGTCCGA,20,15,5846,12834.05,82,115,628.21,77,123,446.89,0.048948695,0.711370402,0.034820653,-96.45971725,-27.25148,-25.59256,-16.628426,-12.188404
CTGCTACGGGGTAAGTCCGA,20,4644,2,4.39,1665,1,5.46,471,10,36.33,1.243735763,6.653846154,8.275626424,-100.0881703,-27.3423,-27.280777,-16.917221,-14.172043
CTGTTGCCGGGTCGGTCCGA,20,4644,2,4.39,1165,2,10.93,1930,1,3.63,2.489749431,0.332113449,0.826879271,-82.4657123,-28.59597,-27.852844,-22.316566,-18.127922
CTGCTTCTGGGCATGTCCGA,20,,,,,,,1930,1,3.63,,,,-84.49943296,-27.828712,-26.95224,-23.410133,-22.332672
CTGTTACCGGGCATGTCCGA,20,97,374,821.06,538,7,38.24,1255,2,7.27,0.046573941,0.190115063,0.008854408,-95.53255271,-27.483627,-26.808578,-17.594948,-13.364544
CTGCTACCGGGAAGATCCGA,20,329,64,140.5,538,7,38.24,1930,1,3.63,0.272170819,0.094926778,0.025836299,-106.7123905,-26.996117,-27.19976,-13.408142,-9.550125
CTGTTACCGGGGAGGACCGA,20,245,114,250.27,1665,1,5.46,1930,1,3.63,0.021816438,0.664835165,0.014504335,-95.07390924,-27.338203,-28.53611,-19.421867,-15.008129
CTGTTATCGGGCAAGTCCGA,20,8113,1,2.2,,,,1255,2,7.27,,,3.304545455,-92.29062709,-27.608986,-27.389961,-21.096092,-17.725807
CTGCTTCCGGGTATCTCCGA,20,,,,,,,1930,1,3.63,,,,-89.3861676,-28.305664,-27.423264,-20.904572,-18.652943
CTGTTTCCGGTTAGGTCCGA,20,825,20,43.91,,,,1930,1,3.63,,,0.082669096,-84.48696408,-28.37584,-26.957481,-22.89077,-19.632843
CTGATACCGGGACAGTCCGA,20,8113,1,2.2,,,,1930,1,3.63,,,1.65,-99.43891588,-26.920158,-27.14611,-16.803093,-10.955185
CTGTTACCCGGTAAGTCCGA,20,719,23,50.49,904,3,16.39,639,6,21.8,0.324618736,1.330079317,0.431768667,-95.23640051,-27.538239,-27.253632,-17.56646,-17.116692
CTGCTACCGGCTAGTTCCGA,20,570,29,63.67,904,3,16.39,1255,2,7.27,0.257421077,0.443563148,0.114182504,-98.87588262,-27.631805,-26.66449,-15.00032,-11.62056
CTGCTTCCGGGTGGGTCCGA,20,8113,1,2.2,,,,989,3,10.9,,,4.954545455,-88.00445025,-28.357796,-28.07521,-20.775833,-18.574684
CTGCTACCGGGAAAGCCCGA,20,2923,4,8.78,,,,1930,1,3.63,,,0.413439636,-109.3927258,-26.559128,-27.796638,-13.443062,-10.143566
CTGTTACCGGCTACGTCCGA,20,58,580,1273.31,227,24,131.11,574,7,25.43,0.102967855,0.193959271,0.01997157,-95.95965519,-27.669746,-27.361732,-17.465225,-12.90984
CTGTTACCGGGTTGGCCCGA,20,359,56,122.94,589,6,32.78,388,13,47.23,0.26663413,1.440817572,0.38417114,-93.24760701,-27.154724,-26.340813,-18.433533,-15.003174
CTGTTACCGGGGTGGTCCGA,20,111,338,742.03,73,133,726.54,73,134,486.86,0.979124833,0.670107633,0.656119025,-94.72165015,-27.623077,-26.92163,-18.117912,-13.514732
CTGTTACCGGCAAGATCCGA,20,354,57,125.14,367,12,65.55,989,3,10.9,0.523813329,0.166285278,0.087102445,-101.7774436,-27.05735,-26.93666,-15.558617,-11.910233
CTGATACCGTGTATATCCGA,20,,,,,,,1930,1,3.63,,,,-86.94392614,-26.543747,-24.666168,-18.716667,-17.164108
CTGCTACCGGGTACGTCCGA,20,33,1157,2540.03,35,469,2562.02,19,1309,4755.97,1.008657378,1.856336016,1.872407019,-102.6814826,-27.39418,-27.313873,-14.935715,-10.815964
CTGTTACCAGGAAGGTCCGA,20,787,21,46.1,1665,1,5.46,1930,1,3.63,0.118438178,0.664835165,0.078741866,-91.01237996,-27.36734,-27.243156,-21.073288,-18.693497
CTGCTACCAGGTTAGTCCGA,20,,,,,,,1930,1,3.63,,,,-95.12085332,-27.267883,-26.235054,-18.647835,-16.46101
CTGTTACCGGGTAGTTCCGA,20,21,1826,4008.72,220,25,136.57,306,18,65.4,0.034068231,0.478875302,0.016314435,-95.30171357,-27.561043,-26.0709,-17.74437,-13.8870735
CTGTTACTGGGTTAGTCCGA,20,3487,3,6.59,,,,1255,2,7.27,,,1.103186646,-90.03920864,-27.245285,-25.683807,-20.91484,-17.980816
CTGTTACCGGGTAGGTTCGA,20,190,170,373.21,158,39,213.05,138,60,218,0.57085823,1.023233983,0.58412154,-90.28944682,-28.10328,-27.673355,-20.030228,-18.466263
CTGTTTCCGGGTACCTCCGA,20,8113,1,2.2,,,,1930,1,3.63,,,1.65,-84.58686402,-28.31604,-27.589462,-22.843117,-19.792522
CTGTTGCCGGGTGGGTCCGA,20,2216,6,13.17,743,4,21.85,830,4,14.53,1.659073652,0.664988558,1.103264996,-83.79415055,-28.329536,-27.707336,-22.247536,-18.560585
CTGTTTCCGGGAAGGTCCGA,20,498,35,76.84,538,7,38.24,830,4,14.53,0.49765747,0.379968619,0.189094222,-89.71131189,-28.181389,-27.84414,-21.411453,-17.781227
CTGCTACCGGGCACGTCCGA,20,872,19,41.71,1665,1,5.46,989,3,10.9,0.13090386,1.996336996,0.261328219,-101.7105023,-27.700623,-28.75653,-16.130547,-12.17292
CTGTTACCGGGGCAGTCCGA,20,498,35,76.84,589,6,32.78,416,12,43.6,0.426600729,1.330079317,0.567412806,-97.72277899,-27.693016,-28.290443,-18.474754,-13.329964
CTGTTACCGGGCAGGTTCGA,20,751,22,48.3,655,5,27.31,471,10,36.33,0.565424431,1.330281948,0.752173913,-89.25631564,-28.2808,-28.897415,-21.287048,-19.958279
CTGTTTCTGGGTACGTCCGA,20,4644,2,4.39,,,,1930,1,3.63,,,0.826879271,-77.88606676,-27.910217,-26.703758,-24.038666,-21.464226
CTGTTACCGGGCAGTTCCGA,20,272,87,191,904,3,16.39,1930,1,3.63,0.085811518,0.22147651,0.019005236,-94.19708145,-27.750847,-27.41542,-19.003983,-15.507954
CTGTTACCGGGTGAGCCCGA,20,2923,4,8.78,1165,2,10.93,1255,2,7.27,1.244874715,0.665141812,0.828018223,-97.98429455,-27.122406,-27.43686,-18.315521,-14.1208725
CTGCTACCGGTTAGATCCGA,20,570,29,63.67,,,,1255,2,7.27,,,0.114182504,-101.9329762,-27.182098,-26.079132,-15.440384,-11.936108
CTGTTACCGGGTGGATCCGA,20,169,203,445.66,589,6,32.78,708,5,18.17,0.07355383,0.554301403,0.040770991,-96.03365439,-27.305634,-26.335152,-17.23027,-13.081291
CTGTTACTGAGTAGGTCCGA,20,1657,9,19.76,,,,1930,1,3.63,,,0.183704453,-80.91144557,-27.136871,-26.100616,-22.788269,-21.757763
CTGTTACCGGGACCGTCCGA,20,408,46,100.99,367,12,65.55,708,5,18.17,0.649074166,0.277192982,0.179918804,-95.49590535,-27.823921,-28.251,-19.295448,-14.072662
CTGCTACCGGCTATGTCCGA,20,665,25,54.88,408,10,54.63,544,8,29.07,0.995444606,0.532125206,0.529701166,-100.3968812,-27.346695,-26.209503,-13.907494,-10.721745
CTGTTTCCGGGGAAGTCCGA,20,4644,2,4.39,,,,830,4,14.53,,,3.309794989,-91.58538975,-28.134651,-28.1399,-21.077568,-17.045486
CTGTTACCGGGACGGTCCGA,20,50,638,1400.64,130,55,300.45,319,17,61.77,0.214509082,0.205591613,0.044101268,-95.96698318,-27.693184,-27.952324,-19.061005,-13.710537
CTGTTACCGGGTAAGGCCGA,20,287,81,177.82,1665,1,5.46,1930,1,3.63,0.030705208,0.664835165,0.020413902,-97.34190793,-27.080986,-27.213654,-17.116333,-14.563057
CTGTCACCGGGTTGGTCCGA,20,1303,12,26.34,904,3,16.39,989,3,10.9,0.622247532,0.665039658,0.413819286,-86.1967148,-27.835953,-26.049202,-22.068657,-17.420177
CTGCTACCGGGCAGGTCCGA,20,100,370,812.28,246,21,114.72,134,62,225.26,0.141232087,1.963563459,0.277318166,-102.4359566,-27.698776,-28.298065,-16.06903,-12.109413
CTGTTTCCGGGTAGCTCCGA,20,872,19,41.71,,,,1930,1,3.63,,,0.087029489,-84.59048067,-28.274261,-27.512337,-22.526474,-19.574425
CTGTTTCTGCGCAAGTCCGA,20,,,,,,,1930,1,3.63,,,,-76.43796272,-27.785995,-27.37275,-24.724396,-25.112297
CTGTTTCTGGGTAGGTCCGA,20,872,19,41.71,1165,2,10.93,708,5,18.17,0.262047471,1.662397072,0.435626948,-78.22227715,-28.02855,-26.811943,-24.841637,-22.35506
CTGCTACCGCGTAAGTCCGA,20,3487,3,6.59,,,,1930,1,3.63,,,0.550834598,-100.6711222,-27.34188,-27.708344,-14.283249,-13.23209
CTGCTACCGGGTAGTTTCGA,20,2923,4,8.78,,,,1930,1,3.63,,,0.413439636,-94.09109937,-28.216324,-27.849716,-18.464348,-17.293324
CTGCTACCGGGTAGGTCCGA,20,7,10845,23808.64,6,5565,30400.03,4,17202,62499.77,1.276848657,2.055911458,2.625087783,-103.2204647,-27.532806,-27.145645,-15.015099,-10.833401
CTGTTACCGGGATAGTCCGA,20,637,26,57.08,490,8,43.7,364,14,50.87,0.765592151,1.164073227,0.891205326,-100.4494369,-27.329521,-26.463402,-16.661995,-11.788464
CTGTTACCGGGTACGTTCGA,20,872,19,41.71,538,7,38.24,442,11,39.97,0.916806521,1.045240586,0.958283385,-89.52286866,-27.963776,-28.014236,-19.784966,-18.468433
CTGTTACCGGCGAAATCCGA,20,8113,1,2.2,,,,1930,1,3.63,,,1.65,-101.8602434,-26.95626,-27.440918,-15.865959,-12.189793
CTGTTACTAGGTAGGTCCGA,20,1999,7,15.37,,,,1930,1,3.63,,,0.236174366,-80.82038069,-27.227028,-26.184586,-23.95224,-22.879444
CTGTTACCGGGTACTTCCGA,20,254,102,223.93,1665,1,5.46,1930,1,3.63,0.02438262,0.664835165,0.016210423,-94.48483471,-27.601791,-26.677292,-18.580612,-14.966351
CTGCTACCAGCTAGATCCGA,20,,,,,,,1930,1,3.63,,,,-94.10751275,-26.807213,-26.480545,-17.155342,-16.21014
CTGTTACCGGTTGGGTCCGA,20,354,57,125.14,743,4,21.85,1930,1,3.63,0.174604443,0.166132723,0.029007512,-92.45575752,-27.772293,-26.475021,-19.768906,-15.342136
CTGTTTCCAGGTAGGTCCGA,20,1397,11,24.15,,,,1930,1,3.63,,,0.150310559,-77.53711543,-28.042679,-26.910309,-24.003662,-22.317364
CTGTTACCGGGCAGGTCCGA,20,2,17825,39132.22,8,4814,26297.53,10,5061,18388.06,0.67201733,0.699231449,0.469895651,-96.67542713,-27.787758,-27.98845,-18.744385,-14.207016
CTGTTACCGGGTGAGACCGA,20,2500,5,10.98,,,,1930,1,3.63,,,0.330601093,-96.41549325,-27.066391,-27.353668,-17.77604,-13.07011
CTGTTACCGCGTAAGTCCGA,20,338,62,136.11,904,3,16.39,1255,2,7.27,0.12041731,0.443563148,0.053412681,-95.3152796,-27.497894,-27.36705,-17.030807,-15.3099785
CTGTTACCGGATGAGTCCGA,20,2923,4,8.78,1165,2,10.93,989,3,10.9,1.244874715,0.997255261,1.241457859,-98.08007198,-27.291245,-26.53524,-18.006523,-13.116959
CTGCTTCTGGGTAGGTCCGA,20,8113,1,2.2,,,,1930,1,3.63,,,1.65,-85.74547368,-27.986702,-27.186958,-23.278122,-21.865559
CTGCTTCCCGGTTGGTCGGA,20,,,,,,,1930,1,3.63,,,,-83.23438724,-28.825775,-27.70485,-19.634895,-18.923096
CTGCTTCCGGGGAAGTCCGA,20,,,,,,,1930,1,3.63,,,,-97.78151579,-28.043518,-28.473549,-18.7761,-16.003033
CTGCCACCGGGTTGGTCCGA,20,8113,1,2.2,,,,1255,2,7.27,,,3.304545455,-93.38770983,-28.135551,-26.645874,-20.876877,-17.103893
CTGTCACCGGGAAAGTCCGA,20,8113,1,2.2,1665,1,5.46,1255,2,7.27,2.481818182,1.331501832,3.304545455,-95.05947933,-27.483727,-28.064209,-22.580475,-17.461159
CTGCTACCGGGACGGTCCGA,20,477,37,81.23,655,5,27.31,1930,1,3.63,0.336205835,0.132918345,0.044687923,-101.6798241,-27.616737,-28.23542,-16.413086,-11.51392
CTGCTACCGGTTGGGTCCGA,20,2216,6,13.17,1165,2,10.93,1930,1,3.63,0.829916477,0.332113449,0.275626424,-96.62008679,-27.736305,-26.784622,-17.556961,-13.7935295
CTGTTACTGGGGAAGTCCGA,20,4644,2,4.39,,,,989,3,10.9,,,2.482915718,-93.0523849,-27.215858,-27.110367,-20.783165,-18.32465
CTGCTACCGGGATAGTCCGA,20,4644,2,4.39,1665,1,5.46,1255,2,7.27,1.243735763,1.331501832,1.656036446,-106.213241,-27.22696,-26.695534,-13.798584,-9.632233
CTGTTACCGAGTCGGTCCGA,20,1397,11,24.15,1665,1,5.46,1930,1,3.63,0.226086957,0.664835165,0.150310559,-84.3407,-27.759628,-27.111015,-20.59999,-18.825642
CTGTTACCGGGTAGGTCCGA,20,1,129783,284919.88,1,53033,289704.41,1,66005,239814.99,1.016792545,0.82779199,0.841692724,-97.76542306,-27.603134,-26.833328,-17.552628,-12.732628
CTGCTTCTGCGTAAGTCCGA,20,,,,,,,1930,1,3.63,,,,-84.3436676,-27.607468,-27.154442,-22.259186,-23.373035
CTGCTACCGGGTACTTCCGA,20,872,19,41.71,,,,1930,1,3.63,,,0.087029489,-99.9907809,-27.52118,-26.915833,-15.874405,-12.492798
CTGCTACCGGGTACGTTCGA,20,3487,3,6.59,,,,1930,1,3.63,,,0.550834598,-95.78477914,-27.890045,-28.09159,-17.074944,-16.09653
CTGCTACGGGGTACGGCGGA,20,,,,,,,1930,1,3.63,,,,-86.89770921,-27.449959,-28.494469,-19.450645,-20.465706
CTGTTACCAGGTTAGTCCGA,20,,,,,,,1930,1,3.63,,,,-89.47594376,-27.349213,-25.916573,-20.827942,-17.9137
CTGTTACCGGGTACGTCCGA,20,4,15456,33931.42,5,6017,32869.18,8,8458,30730.33,0.968694502,0.934928404,0.905660005,-97.11425162,-27.480103,-27.004112,-17.5484,-12.75782
CTGCTACCGGGTAGGTTCGA,20,1063,15,32.93,538,7,38.24,291,19,69.03,1.161251139,1.805177824,2.096264804,-96.43916794,-28.04512,-27.699516,-17.311577,-16.141685
CTGCTACTGGGTTAGTCCGA,20,,,,,,,1930,1,3.63,,,,-97.36001368,-27.190117,-25.978165,-18.832611,-16.634861
CTGCTACCCGGTAAGTCGGA,20,8113,1,2.2,,,,364,14,50.87,,,23.12272727,-103.0266606,-27.872444,-28.586548,-14.592102,-11.796619
CTGCTACCGGGTAGTTCCGA,20,76,454,996.69,268,19,103.79,574,7,25.43,0.104134686,0.245013971,0.025514453,-100.6954704,-27.496292,-26.348251,-15.111191,-11.45607
CTGCTACCGGGGTGGTCCGA,20,665,25,54.88,299,16,87.4,277,21,76.3,1.592565598,0.872997712,1.390306122,-100.3039904,-27.648964,-27.198608,-15.760475,-11.536987
CTGTTTCCGAGTAGGTCCGA,20,1657,9,19.76,1665,1,5.46,989,3,10.9,0.276315789,1.996336996,0.551619433,-77.61041066,-28.150764,-27.10672,-23.1558,-22.32196
CTGCTACCGGGTGGATCCGA,20,535,32,70.25,1165,2,10.93,1255,2,7.27,0.155587189,0.665141812,0.103487544,-101.138758,-27.215935,-26.638985,-14.672546,-10.809223
CTGTTACCGGCTATGTCCGA,20,101,367,805.7,743,4,21.85,989,3,10.9,0.027119275,0.498855835,0.013528609,-95.94813718,-27.43097,-25.887177,-16.179573,-12.309998
CTGTTACCGGGCACGTCCGA,20,57,582,1277.7,197,30,163.88,240,26,94.47,0.12826172,0.576458384,0.073937544,-95.83778343,-27.804993,-28.458633,-18.863426,-14.355148
CTGTTTCCGGGTTAGTCCGA,20,2923,4,8.78,743,4,21.85,708,5,18.17,2.488610478,0.831578947,2.069476082,-87.3815487,-28.224731,-26.610878,-21.553146,-17.68729
CTGTTACCGGCTCGATCCGA,20,1514,10,21.95,,,,1930,1,3.63,,,0.165375854,-94.5522866,-27.76809,-27.134026,-17.761093,-13.683437
CTGCTGCCGGGTGGGTCCGA,20,8113,1,2.2,,,,1930,1,3.63,,,1.65,-88.93176335,-28.328682,-28.363365,-21.064148,-17.96473
CTGTTTCCGGGTAGGTGCGA,20,4644,2,4.39,,,,1930,1,3.63,,,0.826879271,-82.3679552,-28.012405,-27.570786,-22.175003,-21.670551
CTGCTTCTGGGTACGTCCGA,20,,,,,,,1930,1,3.63,,,,-85.52145265,-27.852638,-27.053078,-22.37622,-20.934002
CTGCTACCGGGTATGTCCGA,20,49,644,1413.81,214,26,142.03,169,44,159.86,0.100459043,1.125536858,0.113070356,-101.9880195,-27.190643,-25.876076,-14.225525,-10.389084
CTGCTATCGGGTAATTTCGA,20,,,,,,,1930,1,3.63,,,,-90.65657742,-28.039085,-28.035881,-21.891113,-22.49364
CTGCTACCGGGTCAGCCCGA,20,,,,,,,1255,2,7.27,,,,-102.9328168,-27.2443,-27.781128,-15.4796295,-12.026287
CTGATACCGGGGAGCTCCGA,20,1800,8,17.56,,,,1930,1,3.63,,,0.206719818,-95.46119089,-27.485085,-28.279518,-18.479584,-13.844753
CTGCTATCGGGTAAGTCCGA,20,4644,2,4.39,1665,1,5.46,639,6,21.8,1.243735763,3.992673993,4.965831435,-101.1707299,-27.339478,-27.00058,-18.245377,-15.52668
CTGCTACCGGGGGAGTCCGA,20,4644,2,4.39,,,,639,6,21.8,,,4.965831435,-104.6403456,-27.73256,-28.918236,-16.138443,-11.28059
CTGCTACCAGTTAGGTCCGA,20,8113,1,2.2,,,,1930,1,3.63,,,1.65,-90.81230856,-27.403404,-26.519287,-20.080719,-18.39909
CTGTTACGGGGTAAGTCCGA,20,637,26,57.08,538,7,38.24,319,17,61.77,0.669936931,1.615324268,1.082165382,-92.95530596,-27.502342,-27.092804,-19.553917,-16.030151
CTGTTACCAGGTGGGTCCGA,20,1014,16,35.13,1165,2,10.93,989,3,10.9,0.311130088,0.997255261,0.310276117,-84.9162713,-27.496658,-26.88198,-21.917183,-19.294258
CTGATACCGGGTAAGTCCGA,20,29,1241,2724.44,39,362,1977.5,65,160,581.33,0.725837236,0.293972187,0.21337596,-101.1415187,-26.947517,-26.440834,-16.054031,-10.256573
CTGCTACTGGGTGGGTCCGA,20,,,,1665,1,5.46,989,3,10.9,,1.996336996,,-93.81042892,-27.321632,-26.673058,-20.480568,-18.075203
CTGCTACCGGGTCGATCCGA,20,570,29,63.67,655,5,27.31,1255,2,7.27,0.428930422,0.266202856,0.114182504,-100.1519048,-27.524681,-26.98368,-15.135269,-11.154022
CTGTTTCTCGGTAAGTCCGA,20,,,,,,,1930,1,3.63,,,,-76.75258789,-27.826935,-26.751678,-23.867432,-24.282265
CTGTTTCCGGATAAGTCCGA,20,8113,1,2.2,,,,1255,2,7.27,,,3.304545455,-90.71514581,-27.772789,-26.616173,-20.995125,-17.542763
CTGGTACCGGGTACGTCCGA,20,484,36,79.03,,,,1255,2,7.27,,,0.091990383,-95.36969241,-27.373177,-27.041367,-18.92324,-15.982403
CTGATACCGGGCAAGTCCGA,20,310,71,155.87,408,10,54.63,639,6,21.8,0.350484378,0.399048142,0.13986014,-99.77758227,-27.05983,-27.384987,-16.954666,-11.546986
CTGTTGCCGGGAAGGTCCGA,20,1205,13,28.54,1665,1,5.46,1255,2,7.27,0.191310441,1.331501832,0.254730203,-90.7791615,-28.151512,-28.089622,-21.226921,-17.705246
CTGTTTCCGGGTGGGTCCGA,20,971,17,37.32,589,6,32.78,319,17,61.77,0.878349411,1.88438072,1.655144695,-82.67574592,-28.369804,-27.649857,-22.715256,-19.263626
CTGCTACCCGGTAAGTCCGA,20,3487,3,6.59,1665,1,5.46,708,5,18.17,0.828528073,3.327838828,2.757207891,-100.1222922,-27.404976,-27.586258,-14.830658,-14.620609
CTGCTACCGGGTTGGCCCGA,20,971,17,37.32,,,,1255,2,7.27,,,0.194801715,-99.347833,-27.16372,-26.725494,-16.135773,-12.960327
CTGCTACCGGCTACGTCCGA,20,381,51,111.96,316,15,81.94,264,23,83.57,0.731868524,1.019892604,0.746427295,-100.447328,-27.560417,-27.70552,-15.009827,-11.201931
CTGTTACCGGGAAAGCCCGA,20,2216,6,13.17,1665,1,5.46,1255,2,7.27,0.414578588,1.331501832,0.552012149,-102.5733437,-26.738922,-27.54869,-16.47174,-12.787273
CTGCTACCGGGGAGGACCGA,20,570,29,63.67,1165,2,10.93,1930,1,3.63,0.171666405,0.332113449,0.057012722,-101.1112187,-27.253296,-28.83654,-16.815155,-12.471447
CTGTTACCGGGAAGATCCGA,20,52,632,1387.46,227,24,131.11,830,4,14.53,0.094496418,0.110822973,0.010472374,-100.9697957,-27.163628,-26.974007,-16.30471,-12.242878
CTGTTACGGGGCAAGTCCGA,20,8113,1,2.2,,,,1930,1,3.63,,,1.65,-91.50201897,-27.619194,-27.878563,-20.37365,-17.339424
CTGTTTCTGGGTATGTCCGA,20,8113,1,2.2,,,,989,3,10.9,,,4.954545455,-77.03164878,-27.684372,-25.764206,-23.696724,-21.202168
CTGTTACTGGGTACATCCGA,20,8113,1,2.2,,,,1930,1,3.63,,,1.65,-90.16923163,-26.719147,-25.270737,-20.066711,-17.884014
CTGCAACTCGGTATGTCCGA,20,,,,,,,1930,1,3.63,,,,-79.3838289,-26.816162,-25.792786,-22.413055,-23.990658
CTGTTACCGAGTGGGTCCGA,20,1999,7,15.37,1165,2,10.93,830,4,14.53,0.711125569,1.32936871,0.945348081,-85.64756387,-27.611816,-26.940338,-20.292992,-18.76833
CTGTTACCGGGGAGGCCCGA,20,329,64,140.5,1665,1,5.46,1930,1,3.63,0.03886121,0.664835165,0.025836299,-96.4969042,-27.43222,-28.62648,-19.71885,-15.799091
CTGATTCCGGGTTGGTCCGA,20,3487,3,6.59,,,,1255,2,7.27,,,1.103186646,-83.38939007,-27.719406,-25.728127,-21.067558,-17.664177
CTGTTACCGGATTGGTCCGA,20,403,47,103.18,,,,1930,1,3.63,,,0.035181237,-93.10763307,-27.25663,-25.129532,-17.592857,-13.72279
CTGCTACCGGCTAGGTCCGA,20,41,860,1888.01,60,174,950.51,69,141,512.29,0.503445427,0.538963293,0.271338605,-101.4860754,-27.707436,-27.477646,-14.837471,-11.071045
CTGTTACCGGGTAGGTCGGA,20,310,71,155.87,1165,2,10.93,1255,2,7.27,0.070122538,0.665141812,0.046641432,-93.74747745,-28.079514,-27.802803,-19.220428,-17.620731
CTGCTACCGGAAAAGTCCGA,20,8113,1,2.2,,,,1255,2,7.27,,,3.304545455,-107.8763279,-26.696114,-27.069733,-13.261116,-9.6246605
CTGGTACCGGGCAGGTCCGA,20,2216,6,13.17,,,,1930,1,3.63,,,0.275626424,-95.23905788,-27.670227,-27.990227,-19.896858,-17.198677
CTGCTACCGGGAGGGTCCGA,20,719,23,50.49,589,6,32.78,830,4,14.53,0.649237473,0.443258084,0.287779758,-102.990516,-27.762695,-28.486732,-16.66658,-12.126041
CTGGTACCGGGTAGGTCCGA,20,233,126,276.61,490,8,43.7,830,4,14.53,0.157984165,0.332494279,0.052528831,-96.60646265,-27.504196,-26.725822,-18.602081,-15.669327
CTGCTACCGGGTCCATCCGA,20,,,,,,,1930,1,3.63,,,,-100.1233616,-27.58966,-26.943382,-15.007896,-11.762455
CTGTAACCGGGTACTCCGGA,20,,,,,,,1930,1,3.63,,,,-79.67782157,-27.537125,-28.3469,-24.5177,-23.076767
CTGTTACCGGGTGGGTGCGA,20,8113,1,2.2,,,,1930,1,3.63,,,1.65,-90.81915204,-27.46836,-27.469116,-19.584953,-18.271873
CTGCTACCTCGTTAGTCCGA,20,,,,,,,1930,1,3.63,,,,-85.24816821,-27.579117,-26.589859,-18.556313,-20.05262
CTGTTACCGGATCAGTCCGA,20,1999,7,15.37,1665,1,5.46,1255,2,7.27,0.355237476,1.331501832,0.472999349,-96.91920524,-27.337448,-26.51036,-17.797562,-12.913681
CTGTTACCGGGTATGTTCGA,20,1205,13,28.54,,,,1255,2,7.27,,,0.254730203,-88.49918549,-27.777992,-26.500229,-18.542328,-17.60825
CTGTTACCGGGTATTTCCGA,20,310,71,155.87,,,,1930,1,3.63,,,0.023288638,-93.55153858,-27.53453,-25.967552,-18.924843,-15.779762
CTGTTACCGGCTGGATCCGA,20,1133,14,30.73,904,3,16.39,,,,0.533355028,,,-95.6632224,-27.422363,-26.662544,-16.977806,-13.105663
CTGTTACCCGGTAGGGCCGA,20,1657,9,19.76,1665,1,5.46,,,,0.276315789,,,-86.78916928,-27.604408,-28.185753,-20.562553,-21.239677
CTGTTACCGGTAACGTCCGA,20,535,32,70.25,1665,1,5.46,,,,0.07772242,,,-97.20005532,-27.236778,-26.85434,-17.90142,-13.446739
CTGTTTCCCGGGAGGTCCGA,20,,,,1665,1,5.46,,,,,,,-81.10257473,-28.587837,-28.848007,-23.118942,-22.848831
CTGTTACTGGTTAGGTCCGA,20,1397,11,24.15,1665,1,5.46,,,,0.226086957,,,-87.40381911,-27.34774,-25.776382,-22.119034,-19.283958
CTGTTACCGGTGAAGTCCGA,20,925,18,39.52,904,3,16.39,,,,0.414726721,,,-99.81525826,-27.280746,-26.790596,-17.09378,-12.380253
CTGATACCGGCAAGGACCGA,20,8113,1,2.2,1665,1,5.46,,,,2.481818182,,,-97.76798738,-26.575874,-27.739388,-17.402512,-12.158318
CTGCTACCGGCCACGTCCGA,20,8113,1,2.2,1665,1,5.46,,,,2.481818182,,,-98.88774651,-27.89753,-28.847816,-16.014221,-12.562824
CTGTTACGGGGTAGACCCGA,20,8113,1,2.2,1665,1,5.46,,,,2.481818182,,,-89.42882318,-27.015175,-27.16919,-20.964455,-18.90092
CTGCCACCATGAAGGTCCGA,20,,,,1665,1,5.46,,,,,,,-78.34332254,-27.552177,-27.42443,-26.021347,-24.819948
CTGTTACCGAGTACATTCGA,20,,,,1665,1,5.46,,,,,,,-84.47916292,-27.481514,-27.560211,-21.169052,-19.39618
CTGTTACCGGCCAGTTCCGA,20,2923,4,8.78,1665,1,5.46,,,,0.621867882,,,-92.86845082,-27.939415,-27.411469,-18.605003,-15.496025
CTGTAACCGGGTTGGTCCGA,20,1303,12,26.34,1165,2,10.93,,,,0.414958238,,,-85.68352113,-27.437737,-26.047142,-20.928215,-17.550968
CTGATACCGCGTAGGTCCGA,20,2216,6,13.17,1665,1,5.46,,,,0.414578588,,,-92.4886267,-27.367706,-26.889648,-17.49044,-15.536385
CTGTTACCGGGACTGTCCGA,20,1205,13,28.54,1665,1,5.46,,,,0.191310441,,,-95.00258553,-27.541641,-27.03579,-18.52179,-13.57053
CTGTTACCGTGCATGACCGA,20,,,,1665,1,5.46,,,,,,,-83.45605399,-26.675583,-25.911407,-19.594543,-17.743435
CTGATACCGGATGGGTCCGA,20,4644,2,4.39,1665,1,5.46,,,,1.243735763,,,-93.00765492,-27.03357,-26.050179,-18.30539,-13.297691
CTGTTACCGGCTAGTTCCGA,20,173,195,428.09,1165,2,10.93,,,,0.025532014,,,-94.56168404,-27.720245,-26.356407,-17.39589,-13.777676
CTGCTACTGGCAAGGTCCGA,20,,,,1665,1,5.46,,,,,,,-99.09882806,-26.899117,-26.692574,-18.163956,-16.286705
CTGTTACCGCGTGAGTGCGA,20,3487,3,6.59,1665,1,5.46,,,,0.828528073,,,-94.6995865,-27.549675,-27.881905,-18.423866,-13.443417
CTGTTACCGGGGAAATCCGA,20,514,34,74.64,1665,1,5.46,,,,0.073151125,,,-101.44852,-27.06289,-27.322243,-16.226173,-12.202091
CTGTTACCTGGAAAGTCCGA,20,,,,1665,1,5.46,,,,,,,-92.44023549,-27.067123,-26.658821,-18.989609,-17.39003
CTGTTACCGGGTTGGACCGA,20,240,119,261.25,1165,2,10.93,,,,0.041837321,,,-92.06454666,-27.10022,-26.330612,-18.475319,-14.372208
CTGCTACCGGCCAGGTCCGA,20,751,22,48.3,1665,1,5.46,,,,0.113043478,,,-100.1129662,-27.903,-28.34925,-15.785744,-12.401985
CTGTTTCTGGCTAGGTCCGA,20,4644,2,4.39,1665,1,5.46,,,,1.243735763,,,-77.75002562,-28.084885,-26.780037,-24.427826,-22.193043
CTGCTACCGCCTAAGTCCGA,20,,,,1665,1,5.46,,,,,,,-97.67032081,-27.742615,-28.288055,-14.748398,-14.443901
CTGTTACCGGAGATGTCCGA,20,8113,1,2.2,1665,1,5.46,,,,2.481818182,,,-95.54744241,-27.145111,-26.221306,-16.914581,-13.15424
CTGCTACCGGGTGCATCCGA,20,,,,1665,1,5.46,,,,,,,-101.2948595,-27.072433,-26.587532,-14.6625595,-10.977684
CTGCTGCCGGCTGTGTCCGA,20,,,,1665,1,5.46,,,,,,,-86.59113145,-28.233528,-27.378769,-20.442879,-17.922691
CTGTTACCAGCTAGATCCGA,20,,,,1665,1,5.46,,,,,,,-89.56337071,-26.976791,-26.138977,-19.216866,-18.006386
CTGTTACCGGGGTGTTCCGA,20,2500,5,10.98,1665,1,5.46,,,,0.49726776,,,-92.05695758,-27.571434,-26.33825,-18.163338,-15.169495
CTGATACGGGGTAGGTCCGA,20,1205,13,28.54,1165,2,10.93,,,,0.382971268,,,-90.56580704,-27.300491,-26.41417,-19.919395,-16.536106
CTGCTACCGGGCAAGGCCGA,20,,,,1665,1,5.46,,,,,,,-102.0444839,-27.087952,-28.254372,-15.034386,-13.187984
CTGTTGCCGGGTAAGCCCGA,20,4644,2,4.39,1665,1,5.46,,,,1.243735763,,,-91.28528375,-27.511185,-27.387894,-20.254822,-17.503624
CTGCTACCGGCTAGGTCGGA,20,,,,1665,1,5.46,,,,,,,-97.97575521,-28.181732,-28.392578,-15.740189,-15.580997
CTGTTACTGGGAAGGTCCGA,20,787,21,46.1,655,5,27.31,,,,0.592407809,,,-92.19110022,-27.237923,-26.777985,-21.22863,-18.489689
CTGTTACCAGGTAGGTGCGA,20,1800,8,17.56,1665,1,5.46,,,,0.310933941,,,-85.17288072,-27.181236,-26.8956,-21.350723,-21.845879
CTGTTTCCGGGTCGGTCCGA,20,1800,8,17.56,655,5,27.31,,,,1.55523918,,,-81.50817098,-28.641678,-27.71077,-22.987984,-19.067783
CTGCTACCGGCAAGATCCGA,20,,,,1665,1,5.46,,,,,,,-106.4404802,-26.86679,-27.195107,-12.864426,-9.574783
CTGCTACCGGACTTGTCCGA,20,,,,1665,1,5.46,,,,,,,-95.74655938,-27.43534,-26.41967,-16.769608,-13.212196
CTGTTACCGGGTGCATTCGA,20,,,,1665,1,5.46,,,,,,,-88.68450532,-27.80307,-27.906448,-20.191574,-19.071815
CTGCTACCGGGACCGTCCGA,20,2923,4,8.78,1665,1,5.46,,,,0.621867882,,,-101.3209356,-27.731087,-28.5178,-16.503387,-11.749565
CTGCTACCGGGTTTGACCGA,20,,,,1665,1,5.46,,,,,,,-96.56649041,-27.124428,-26.442795,-17.099976,-13.028137
CTGTTTCCGGGAACGTTCGA,20,,,,1665,1,5.46,,,,,,,-81.74963468,-28.540092,-29.299278,-23.40969,-22.528725
CTGTTACCGGTTAGATCCGA,20,128,278,610.31,743,4,21.85,,,,0.035801478,,,-97.46012682,-27.300117,-25.755997,-17.74253,-13.995758
CTGTCACCGGGGAGGTCCGA,20,1397,11,24.15,1665,1,5.46,,,,0.226086957,,,-89.09194421,-28.066628,-28.707474,-24.317612,-19.00278
CTGTAACCGGGTAGGACCGA,20,825,20,43.91,1665,1,5.46,,,,0.124345252,,,-86.4394897,-27.038826,-28.050743,-23.824348,-20.092106
CTGCTTCCGAGTAGGTCCGA,20,,,,1665,1,5.46,,,,,,,-82.9721857,-28.071556,-27.526749,-21.367287,-21.390606
CTGCTACCGGCCATGTCCGA,20,4644,2,4.39,1665,1,5.46,,,,1.243735763,,,-99.1866034,-27.590767,-27.134659,-14.565521,-11.711533
CTGTTGCCGGATAAGTCCGA,20,,,,1665,1,5.46,,,,,,,-90.7601245,-27.7257,-26.849174,-20.454445,-17.035435
CTGATACCGGCTGGGACCGA,20,8113,1,2.2,1665,1,5.46,,,,2.481818182,,,-91.52188012,-27.02481,-27.96128,-19.591377,-14.484753
CTGTTACCGGTAATGTCCGA,20,1397,11,24.15,1665,1,5.46,,,,0.226086957,,,-97.15307518,-27.083458,-25.54766,-17.008171,-13.051224
CTGATACCGGGAGAGTCCGA,20,2923,4,8.78,1665,1,5.46,,,,0.621867882,,,-100.9077054,-27.164124,-27.568779,-17.084923,-11.451393
CTGCTACCGGGAAGCTCCGA,20,415,45,98.79,904,3,16.39,,,,0.165907481,,,-103.7473232,-27.457825,-28.367455,-15.249413,-11.483452
CTGATACCGCCTAGGTCCGA,20,,,,1665,1,5.46,,,,,,,-89.50196494,-27.840294,-27.40252,-17.654938,-16.051388
CTGTTACTGGGTAGGTGCGA,20,4644,2,4.39,1665,1,5.46,,,,1.243735763,,,-84.34408405,-27.062592,-26.533188,-22.148247,-21.69432
CTGATACCGGCTAAGTCCGA,20,415,45,98.79,1665,1,5.46,,,,0.055268752,,,-100.0769972,-27.07386,-26.778961,-15.880295,-10.427765
CTGTTATCGGGTAGGAGCGA,20,,,,1665,1,5.46,,,,,,,-82.54509481,-27.525192,-28.093948,-23.268692,-23.383595
CTGTTACCGTGTGAGTCCGA,20,8113,1,2.2,1665,1,5.46,,,,2.481818182,,,-88.41786684,-27.485527,-26.383163,-19.78231,-17.16798
CTGTTACCGTACAGGTCCGA,20,4644,2,4.39,1665,1,5.46,,,,1.243735763,,,-84.37234397,-27.171562,-26.3124,-20.186546,-18.299969
CTGTTACCGGGTGCATCCGA,20,1205,13,28.54,1665,1,5.46,,,,0.191310441,,,-96.07756653,-27.177742,-26.305946,-17.35176,-13.22987
CTGTTACCGGGTTGGGGCGA,20,3487,3,6.59,1665,1,5.46,,,,0.828528073,,,-84.63162132,-27.564781,-27.666405,-20.330307,-20.870445
CTGTAACCGGGTAGGCCCGA,20,719,23,50.49,1665,1,5.46,,,,0.108140226,,,-87.11672132,-27.137932,-28.064919,-23.88736,-20.276794
CTGATACCGGGTAGCACCGA,20,719,23,50.49,1665,1,5.46,,,,0.108140226,,,-93.45551135,-26.47374,-26.821259,-18.626053,-14.143929
CTGTTTCTGGGCAGGTCCGA,20,8113,1,2.2,1665,1,5.46,,,,2.481818182,,,-77.62528496,-28.176788,-27.534615,-25.908546,-24.163857
CTGTTACTGGGAAGTTCCGA,20,8113,1,2.2,1665,1,5.46,,,,2.481818182,,,-89.59526083,-27.209373,-26.23983,-21.444687,-18.720558
CTGTTTCCCGGTGAGTCCGA,20,,,,1665,1,5.46,,,,,,,-82.16100693,-28.346748,-27.612091,-21.9346,-21.86847
CTGATTCCGTGTAGGTCCGA,20,,,,1665,1,5.46,,,,,,,-76.5176693,-27.696457,-26.231186,-23.170738,-21.329956
CTGCTACCGCGTATGCGCGA,20,,,,1665,1,5.46,,,,,,,-97.80135131,-26.985954,-27.49311,-16.462189,-11.646133
CTGTCACCGGGCTGGTCCGA,20,8113,1,2.2,1665,1,5.46,,,,2.481818182,,,-84.87716447,-28.147095,-27.71994,-24.280075,-19.258713
CTGCTACCGGGGAACTCCGA,20,4644,2,4.39,1665,1,5.46,,,,1.243735763,,,-104.9443555,-27.42498,-28.664055,-15.049011,-11.247189
CTGTTACCAGGGAAGTCCGA,20,4644,2,4.39,1665,1,5.46,,,,1.243735763,,,-92.47853688,-27.291565,-27.62857,-20.63092,-18.077236
CTGATACCGGGGGGGTCCGA,20,1514,10,21.95,1665,1,5.46,,,,0.248747153,,,-95.3480349,-27.664574,-28.539871,-20.060944,-14.199635
CTGTTACCGGGGTCGTCCGA,20,925,18,39.52,538,7,38.24,,,,0.967611336,,,-94.12559275,-28.067017,-27.638687,-18.90416,-14.452892
CTGTTACCGTATAGGTCCGA,20,1999,7,15.37,1665,1,5.46,,,,0.355237476,,,-85.25539181,-27.324738,-25.937653,-20.297829,-18.17986
CTGATACCGGGGCGGTCCGA,20,787,21,46.1,1665,1,5.46,,,,0.118438178,,,-93.73073945,-27.617973,-28.381279,-19.829758,-13.937534
CTGATACCGGGTGGGCCCGA,20,4644,2,4.39,1665,1,5.46,,,,1.243735763,,,-94.62375762,-27.011093,-27.574486,-19.706528,-15.07354
CTGTTACCGGTTCGGTCCGA,20,334,63,138.31,1665,1,5.46,,,,0.039476538,,,-91.01579034,-27.87249,-26.504074,-19.819496,-15.208679
CTGCTACCGGGGAAATCCGA,20,2923,4,8.78,1665,1,5.46,,,,0.621867882,,,-107.4210453,-26.894745,-27.529991,-13.21759,-9.512871
CTGTTACCTGGTTGGTCCGA,20,1133,14,30.73,1165,2,10.93,,,,0.35567849,,,-82.87553141,-27.305107,-25.013077,-19.941483,-18.036526
CTGATACCGCGTAGGTTCGA,20,,,,1665,1,5.46,,,,,,,-87.70353779,-27.861168,-27.301132,-19.312614,-16.535568
CTGCTACCGGGGAGGCCCGA,20,1063,15,32.93,1665,1,5.46,,,,0.165806256,,,-103.1348225,-27.376694,-28.9208,-17.004112,-13.18819
CTGTTACCGTGTAAGTGCGA,20,2923,4,8.78,1665,1,5.46,,,,0.621867882,,,-90.81058343,-27.094772,-26.530426,-19.470818,-16.610004
CTGATACCGGGTAGAACCGA,20,925,18,39.52,1665,1,5.46,,,,0.138157895,,,-96.91176999,-26.313812,-26.475868,-17.824669,-12.93589
CTGCTACCGGCACGGTCCGA,20,8113,1,2.2,1165,2,10.93,,,,4.968181818,,,-100.9423963,-27.562202,-28.37815,-15.980148,-11.305439
CTGTTATCGGCTGTGACCGA,20,,,,1665,1,5.46,,,,,,,-84.1479945,-27.260239,-26.650414,-22.160637,-18.943024
CTGATACCGGGTAATTCCGA,20,1514,10,21.95,1665,1,5.46,,,,0.248747153,,,-98.03046804,-26.874237,-25.634804,-16.733826,-12.364353
CTGATACCGGGTAAGTTCGA,20,8113,1,2.2,1665,1,5.46,,,,2.481818182,,,-94.01183079,-27.513924,-27.09742,-18.028496,-15.541897
CTGCTACCGGGGTTGTCCGA,20,8113,1,2.2,1665,1,5.46,,,,2.481818182,,,-99.24973449,-27.645721,-26.376534,-16.325089,-12.118954
CTGGTACCGGGTACGTTCGA,20,,,,1665,1,5.46,,,,,,,-88.21633982,-27.84024,-27.620575,-20.98021,-21.153221
CTGTTTCTCGGATGGTCCGA,20,,,,1665,1,5.46,,,,,,,-71.00360395,-27.822876,-26.565659,-24.802788,-25.161505
CTGTTACCGAGTAGATCCGA,20,325,66,144.89,1665,1,5.46,,,,0.03768376,,,-90.48767376,-27.102737,-26.005257,-18.052818,-16.870842
CTGTTACCGGCCACGTCCGA,20,825,20,43.91,904,3,16.39,,,,0.373263494,,,-94.0945859,-28.024979,-28.51361,-18.598244,-14.490063
CTGTTACCGGGGTTTTCCGA,20,,,,1665,1,5.46,,,,,,,-90.48497186,-27.891212,-26.745712,-20.646698,-17.439934
CTGATACCGGGTTCCTCCGA,20,4644,2,4.39,1665,1,5.46,,,,1.243735763,,,-90.56169664,-27.59822,-26.333038,-18.581482,-14.376396
CTGTTACCGGGAGCGTCCGA,20,1133,14,30.73,1665,1,5.46,,,,0.177676538,,,-97.27000817,-27.769226,-28.559723,-19.415733,-14.2432785
CTGATTCCCGGTGGGTCCGA,20,,,,1665,1,5.46,,,,,,,-77.40052509,-28.05809,-27.592888,-23.000511,-23.191036
CTGATACCGGGATGGTCCGA,20,561,30,65.86,743,4,21.85,,,,0.331764349,,,-97.24230557,-26.948372,-25.587318,-16.28228,-10.987347
CTGGTACCGGGTAGTTCCGA,20,971,17,37.32,904,3,16.39,,,,0.439174705,,,-93.36367398,-27.489342,-25.862762,-18.320457,-15.558582
CTGTTACCAGTTAGGTCCGA,20,1999,7,15.37,1665,1,5.46,,,,0.355237476,,,-86.12938257,-27.49604,-26.207245,-21.964462,-19.836807
CTGTTACCGGAGAGGTCCGA,20,364,54,118.55,1665,1,5.46,,,,0.046056516,,,-96.22568719,-27.524284,-27.54129,-18.118484,-14.063812
CTGATACCGGGTAGGGCCGA,20,218,135,296.37,743,4,21.85,,,,0.073725411,,,-93.68974303,-26.935844,-27.29129,-19.022202,-15.637791
CTGCTATCGTGTGGGTCCGA,20,,,,1665,1,5.46,,,,,,,-83.87164545,-27.575226,-26.79802,-22.942535,-21.852097
CTGTTACCGGGAAGGGCCGA,20,307,72,158.07,1665,1,5.46,,,,0.034541659,,,-95.64919305,-27.291634,-28.20562,-19.014038,-16.49776
CTGATACCGGGTGCGTCCGA,20,665,25,54.88,1665,1,5.46,,,,0.099489796,,,-94.39686752,-27.253044,-26.940674,-18.231949,-12.69165
CTGTTACCGCGCAGGTGCGA,20,570,29,63.67,1665,1,5.46,,,,0.085754673,,,-91.82551944,-27.66407,-28.964645,-19.904434,-14.96756
CTGCTACCGGCTAGGACCGA,20,280,84,184.41,904,3,16.39,,,,0.088878043,,,-99.89522343,-27.207436,-28.170372,-16.05854,-12.004486
CTGTTATCGAATTGTTCCGA,20,,,,1665,1,5.46,,,,,,,-77.01449734,-27.066628,-24.499847,-22.854134,-23.748959
CTGATACCGGGAATGTCCGA,20,665,25,54.88,904,3,16.39,,,,0.298651603,,,-98.60165499,-26.726807,-25.753082,-15.304245,-10.090027
CTGTTACCGGGGAGTTCCGA,20,290,79,173.43,1665,1,5.46,,,,0.031482442,,,-94.94945194,-27.772644,-27.612495,-18.383049,-14.899017
CTGTTTCCGAGTTGGTCCGA,20,,,,1665,1,5.46,,,,,,,-74.32273701,-28.06443,-26.00338,-22.818703,-22.828018
CTGTTACCGGGAAATTCCGA,20,3487,3,6.59,1165,2,10.93,,,,1.658573596,,,-100.0724173,-27.197578,-26.856407,-16.891678,-13.386368
CTGTTTCCGAGTCAGTCCGA,20,,,,1665,1,5.46,,,,,,,-78.67312517,-28.19236,-27.11943,-23.081726,-21.89965
CTGCTACCCGGTGGGTCCGA,20,,,,1665,1,5.46,,,,,,,-93.53423747,-27.91951,-28.09739,-17.27626,-17.014965
CTGATACCGGGTAAGACCGA,20,787,21,46.1,1665,1,5.46,,,,0.118438178,,,-98.65879527,-26.45993,-26.801529,-16.875061,-11.679852
CTGATACCGGGCGGGTCCGA,20,525,33,72.45,1165,2,10.93,,,,0.150862664,,,-93.43315974,-27.703499,-28.50029,-20.582855,-14.915985
CTGTCACCGGGGTGGTCCGA,20,4644,2,4.39,1665,1,5.46,,,,1.243735763,,,-86.59420082,-27.940453,-27.364174,-23.377068,-18.27964
CTGATACCGGCAAGGTCCGA,20,374,52,114.16,1665,1,5.46,,,,0.04782761,,,-99.78209517,-27.039131,-26.905197,-15.800301,-10.302254
CTGTTACGGGGTAAGACCGA,20,4644,2,4.39,1665,1,5.46,,,,1.243735763,,,-90.81337385,-26.996918,-27.264221,-19.876114,-17.178104
CTGTTTCTCGGTTAGTCCGA,20,,,,1665,1,5.46,,,,,,,-72.18621737,-28.030876,-26.371841,-24.347282,-24.73869
CTGCTACCGGGTCGCACCGA,20,2923,4,8.78,1165,2,10.93,,,,1.244874715,,,-94.39715172,-27.264015,-28.187157,-17.366371,-13.204617
CTGCTACCGGCGACTTCCGA,20,,,,1665,1,5.46,,,,,,,-98.03058123,-27.790161,-28.539978,-16.20504,-13.3427925
CTGTTACCGGGATGATCCGA,20,1205,13,28.54,1665,1,5.46,,,,0.191310441,,,-97.92512026,-27.05046,-25.833786,-16.11589,-12.117302
CTGATACCGAGTAGGTCCGA,20,825,20,43.91,1665,1,5.46,,,,0.124345252,,,-89.39957918,-27.072212,-26.13446,-18.618477,-16.596348
CTGCTACCGGCAAAGTTCGA,20,,,,1665,1,5.46,,,,,,,-102.6620341,-27.510612,-28.30449,-14.391632,-13.718216
CTGATACCGCGTAAGTGCGA,20,8113,1,2.2,1665,1,5.46,,,,2.481818182,,,-97.80837345,-26.888687,-27.357529,-17.2434,-12.012283
CTGTTTCCCGCTATGTTCGA,20,,,,1665,1,5.46,,,,,,,-72.82747531,-28.801018,-27.888405,-23.39386,-26.17672
CTGATACCGGGTCCGTCCGA,20,597,28,61.47,904,3,16.39,,,,0.26663413,,,-92.43587087,-27.719048,-27.228783,-18.785477,-13.307915
CTGTTATTGGGTAGGTCCGA,20,2216,6,13.17,1665,1,5.46,,,,0.414578588,,,-81.68631918,-27.72702,-26.598816,-24.913727,-22.609905
CTGTTACCGGGGCGATCCGA,20,431,43,94.4,443,9,49.16,,,,0.520762712,,,-94.65627122,-27.674423,-28.076126,-18.615326,-14.348381
CTGTTACCGCATAAGTCCGA,20,,,,1665,1,5.46,,,,,,,-94.79130078,-27.159325,-26.718231,-17.174088,-15.911015
CTGATACCAGGTAGGTCCGA,20,787,21,46.1,904,3,16.39,,,,0.355531453,,,-89.58828426,-26.991028,-26.094429,-20.285545,-17.153404
CTGATACCGGGAAGTTCCGA,20,1397,11,24.15,1165,2,10.93,,,,0.452587992,,,-97.6419666,-27.087067,-26.43248,-16.855644,-12.647991
CTGCTACCGGCGACGTCCGA,20,2216,6,13.17,1665,1,5.46,,,,0.414578588,,,-100.9241351,-27.682358,-28.805908,-15.487167,-11.473099
CTGCTACCGGGCGAGTCCGA,20,8113,1,2.2,1665,1,5.46,,,,2.481818182,,,-103.0481409,-27.793297,-28.901306,-16.60939,-12.053143
CTGCTACCGGGTAGTCCCGA,20,637,26,57.08,1165,2,10.93,,,,0.191485634,,,-100.7291369,-27.228981,-26.945831,-15.843964,-12.098747
CTGTTACCGGCTTGGTCCGA,20,154,231,507.13,589,6,32.78,,,,0.064638258,,,-93.64227409,-27.74614,-26.047058,-17.421806,-13.286358
CTGATACCGGGTAGCTCCGA,20,73,462,1014.25,589,6,32.78,,,,0.032319448,,,-95.37689396,-27.186249,-26.737045,-17.559189,-12.795952
CTGATACCGGGAACGTCCGA,20,310,71,155.87,1165,2,10.93,,,,0.070122538,,,-98.93960356,-26.922256,-27.366905,-16.597702,-11.141628
CTGCTACCGGACAGGTCCGA,20,825,20,43.91,1665,1,5.46,,,,0.124345252,,,-100.4305938,-27.233116,-27.57579,-15.751823,-11.8713455
CTGTTATCGGCTAGATCCGA,20,4644,2,4.39,1665,1,5.46,,,,1.243735763,,,-91.38959749,-27.477486,-26.422089,-20.679802,-18.593945
CTGTAACCGGGTAGCTGCGA,20,,,,1665,1,5.46,,,,,,,-82.5559343,-27.265808,-27.931679,-22.758812,-23.153687
CTGTTACGGGGAAGGTCCGA,20,872,19,41.71,1165,2,10.93,,,,0.262047471,,,-92.03317081,-27.659058,-27.630852,-20.525032,-17.243347
CTGATACCGGGTACCTCCGA,20,665,25,54.88,1665,1,5.46,,,,0.099489796,,,-94.23190754,-27.209595,-27.034668,-18.194542,-13.728851
CTGTTACCCGGTTAGTCCGA,20,,,,1665,1,5.46,,,,,,,-91.15062477,-27.762802,-26.61679,-18.617767,-17.919586
CTGATACCGGCTGGGTCCGA,20,688,24,52.69,904,3,16.39,,,,0.311064718,,,-93.74938579,-27.471855,-27.00351,-18.156204,-12.672909
CTGTTATCGAGTAGGTCCGA,20,2216,6,13.17,1665,1,5.46,,,,0.414578588,,,-81.58758995,-27.594437,-26.731598,-23.205475,-22.323303
CTGTTATCGGGTCGGTCCGA,20,2216,6,13.17,1665,1,5.46,,,,0.414578588,,,-85.61156886,-28.091125,-27.386177,-23.272614,-19.119202
CTGTTTCCGACTTGGTCCGA,20,,,,1665,1,5.46,,,,,,,-73.54042924,-28.138718,-26.040657,-22.457954,-22.317646
CTGTTACCGGGTTGTTCCGA,20,290,79,173.43,1665,1,5.46,,,,0.031482442,,,-91.80397849,-27.446075,-25.006706,-17.886963,-14.912613
CTGTTACCGGACATGTCCGA,20,1303,12,26.34,1665,1,5.46,,,,0.207289294,,,-94.62786193,-27.068283,-26.157188,-17.040413,-13.39061
CTGATACCGGTTAGGTCCGA,20,354,57,125.14,1665,1,5.46,,,,0.043631133,,,-95.11462686,-27.29914,-25.957428,-18.163155,-12.990196
CTGATACCGGGTACATCCGA,20,473,38,83.42,904,3,16.39,,,,0.196475665,,,-98.16751846,-26.584381,-25.879707,-16.350975,-11.959076
CTGTTTCCCTGTAACTCCGA,20,,,,1665,1,5.46,,,,,,,-72.10989326,-28.131157,-27.034546,-25.0084,-26.598549
CTGGTACCGGGTAGGCCCGA,20,1063,15,32.93,904,3,16.39,,,,0.497722442,,,-96.29339384,-27.119934,-27.368011,-20.257072,-17.695728
CTGTTACCGGATCGATCCGA,20,971,17,37.32,1665,1,5.46,,,,0.146302251,,,-94.65060034,-27.191826,-26.021698,-17.76638,-13.569065
CTGTTTCTGGGTTCGTCCGA,20,,,,1165,2,10.93,,,,,,,-73.95365089,-28.263817,-26.406128,-24.366333,-22.365498
CTGTTACCGGCTGAGTCCGA,20,1063,15,32.93,1665,1,5.46,,,,0.165806256,,,-98.49278603,-27.66101,-27.40448,-17.753586,-12.718559
CTGATACCGAGTATGTCCGA,20,2500,5,10.98,1665,1,5.46,,,,0.49726776,,,-89.6782718,-26.709267,-24.947205,-17.7304,-16.50039
CTGATACCGGGTCTGTCCGA,20,618,27,59.27,1165,2,10.93,,,,0.184410326,,,-92.48390587,-27.454414,-26.108017,-18.357483,-12.93589
CTGTTACCGGGTAGGGGCGA,20,3487,3,6.59,1665,1,5.46,,,,0.828528073,,,-87.67260703,-27.62046,-28.537193,-20.15091,-20.786716
CTGTTACCGGCGCGATCCGA,20,4644,2,4.39,1665,1,5.46,,,,1.243735763,,,-94.72691311,-27.647423,-28.337715,-18.392899,-14.282303
CTGTTGCCGGGATTGTCCGA,20,8113,1,2.2,1665,1,5.46,,,,2.481818182,,,-85.28096828,-27.98124,-26.05806,-21.22593,-17.481583
CTGTTATCGGCTAGCTCCGA,20,,,,1665,1,5.46,,,,,,,-86.53437344,-27.915535,-27.515373,-22.083862,-19.958645
CTGCTACCGGGTATGCCCGA,20,498,35,76.84,1665,1,5.46,,,,0.071056741,,,-102.1248466,-26.671043,-26.128853,-14.529167,-11.247467
CTGATACCGGTCACGTCCGA,20,3487,3,6.59,1665,1,5.46,,,,0.828528073,,,-92.03767253,-27.274246,-27.006035,-18.26912,-13.239441
CTGTTTCCGCGTAGGTTCGA,20,,,,1665,1,5.46,,,,,,,-75.07603781,-28.952324,-28.868416,-24.1884,-22.855503
CTGATACCGGGTGGGGCCGA,20,2500,5,10.98,1665,1,5.46,,,,0.49726776,,,-90.89423756,-27.036423,-27.786812,-20.361145,-17.114868
CTGGTACCGGGTAGATCCGA,20,751,22,48.3,1665,1,5.46,,,,0.113043478,,,-96.80695955,-27.133865,-26.175766,-17.415787,-14.813492
CTGTTACCGCGGAGGTCCGA,20,2216,6,13.17,1665,1,5.46,,,,0.414578588,,,-91.678833,-27.871948,-28.594208,-18.859955,-17.492126
CTGTTTCCGGATACGCCCGA,20,,,,1665,1,5.46,,,,,,,-81.64132131,-27.353577,-27.036201,-21.591637,-20.053474
CTGATACCGGCTTGGTCCGA,20,925,18,39.52,1665,1,5.46,,,,0.138157895,,,-93.36891859,-27.350266,-25.566628,-16.8209,-11.973808
CTGTTACCGGCTGCGTCCGA,20,719,23,50.49,1165,2,10.93,,,,0.216478511,,,-93.27136685,-27.837708,-27.70739,-19.1605,-13.952431
CTGTTACCGGTAAGATCCGA,20,665,25,54.88,1665,1,5.46,,,,0.099489796,,,-100.0581073,-27.1167,-26.150307,-16.857643,-13.08078
CTGCTACCGGCTCTGTCCGA,20,3487,3,6.59,1665,1,5.46,,,,0.828528073,,,-96.24694879,-28.008606,-27.309303,-16.73008,-12.769814
CTGCTACCGGGAAGTTCCGA,20,597,28,61.47,1665,1,5.46,,,,0.088823816,,,-103.2833037,-27.415749,-27.178421,-14.877304,-11.347698
CTGTTATCGGGTGAGTCCGA,20,4644,2,4.39,1165,2,10.93,,,,2.489749431,,,-91.55830079,-27.696808,-27.01564,-21.723824,-17.518147
CTGATACCGCGTAGATCCGA,20,1999,7,15.37,1665,1,5.46,,,,0.355237476,,,-93.0002419,-26.95781,-26.255608,-16.531158,-15.255104
CTGCTACCGGCTACATCCGA,20,3487,3,6.59,904,3,16.39,,,,2.487101669,,,-102.2854884,-26.984535,-26.912407,-14.28334,-11.246544
CTGCTACCGGGCCGGTCCGA,20,1133,14,30.73,1665,1,5.46,,,,0.177676538,,,-96.6537356,-28.279175,-29.133492,-18.545715,-14.095306
CTGTTACCGGGTACCTCCGA,20,187,173,379.8,1665,1,5.46,,,,0.014375987,,,-94.90107576,-27.65329,-27.437912,-18.878815,-15.073051
CTGTTTCCGGGCAGGTTCGA,20,8113,1,2.2,1665,1,5.46,,,,2.481818182,,,-78.23728781,-28.940697,-29.486732,-25.061768,-24.874517
CTGCTACCGGGTAGGTGCGA,20,2216,6,13.17,1665,1,5.46,,,,0.414578588,,,-100.2180549,-27.312683,-27.466118,-15.924644,-15.108402
CTGATACGGGGTTGGGCCGA,20,,,,1665,1,5.46,,,,,,,-83.53001278,-27.024529,-26.473503,-21.924934,-21.031265
CTGCTACCGGGTATATCCGA,20,637,26,57.08,1165,2,10.93,,,,0.191485634,,,-102.7546796,-26.95797,-25.962425,-14.747353,-11.46051
CTGTTACCGGTAACATCCGA,20,4644,2,4.39,1665,1,5.46,,,,1.243735763,,,-99.3290401,-26.748505,-26.084526,-16.970024,-13.444405
CTGTTACTGGGCACGTCCGA,20,8113,1,2.2,1665,1,5.46,,,,2.481818182,,,-87.69094306,-27.459908,-27.44268,-22.168442,-19.830002
CTGATACCGGGTAAATCCGA,20,514,34,74.64,655,5,27.31,,,,0.365889603,,,-101.5080787,-26.501442,-25.918457,-15.845421,-10.867516
CTGATACCGGGTAACTCCGA,20,421,44,96.6,1165,2,10.93,,,,0.113146998,,,-98.36198814,-26.898369,-26.834679,-17.177605,-12.156181
CTGTTACCGGCTATATCCGA,20,1800,8,17.56,1665,1,5.46,,,,0.310933941,,,-97.18780634,-27.193375,-26.030434,-16.954773,-14.101971
CTGTTTCCGGCTACGTCCGA,20,2923,4,8.78,1665,1,5.46,,,,0.621867882,,,-85.51370593,-28.333138,-27.505295,-21.2715,-17.56918
CTGTTACCGGCTCGGTCCGA,20,141,253,555.43,743,4,21.85,,,,0.039338891,,,-92.58385217,-28.193611,-27.85228,-19.254745,-14.061291
CTGCTATCGGGTTGGTTCGA,20,,,,1665,1,5.46,,,,,,,-86.7465852,-28.104073,-27.238838,-22.310738,-22.679455
CTGCTACTGGGTATGTCCGA,20,8113,1,2.2,1665,1,5.46,,,,2.481818182,,,-95.5909563,-26.863983,-25.286736,-17.951378,-16.271
CTGTTACCCGGAAGAACCGA,20,,,,1165,2,10.93,,,,,,,-92.1548538,-26.835907,-27.79303,-18.590027,-18.10197
CTGTTACCGGAATGGTCCGA,20,,,,1665,1,5.46,,,,,,,-96.09614391,-27.054848,-25.670174,-17.266594,-13.0167885
CTGTTTCTGGGTGGGTCCGA,20,3487,3,6.59,1165,2,10.93,,,,1.658573596,,,-74.27278405,-28.10955,-27.13543,-25.76812,-23.619987
CTGCTACCGGCTAGCTCCGA,20,386,50,109.77,1665,1,5.46,,,,0.049740366,,,-98.28520907,-27.733238,-28.016113,-15.138077,-11.934986
CTGTTACCGGTAGGTTCGGA,20,,,,1665,1,5.46,,,,,,,-89.20110385,-28.261108,-27.454178,-21.199005,-19.993858
CTGCTACCGGTTAGTTCCGA,20,1303,12,26.34,1165,2,10.93,,,,0.414958238,,,-97.85844798,-27.583572,-25.785583,-16.404747,-13.062988
CTGTTACCGGCTCCGTCCGA,20,1999,7,15.37,1665,1,5.46,,,,0.355237476,,,-91.58658654,-28.354004,-28.088142,-19.695824,-14.567493
CTGTTACGGGGAAAGTCCGA,20,2923,4,8.78,1665,1,5.46,,,,0.621867882,,,-94.90908938,-27.387283,-27.558968,-19.120277,-15.889389
CTGTTACCGGCAGGATCCGA,20,8113,1,2.2,1165,2,10.93,,,,4.968181818,,,-99.05720302,-27.31334,-27.460716,-16.971245,-13.04974
CTGTTACCCGGCTGGTCCGA,20,,,,1665,1,5.46,,,,,,,-86.55220791,-28.073761,-27.741058,-20.034187,-19.839836
CTGTTACCGGGGCGGACCGA,20,2923,4,8.78,1665,1,5.46,,,,0.621867882,,,-90.68128226,-27.502022,-29.13012,-20.97448,-16.08332
CTGCTACCGGTTAAAACCGA,20,,,,1665,1,5.46,,,,,,,-104.3940759,-26.207108,-26.306984,-15.048485,-11.523087
CTGTTACGGGGGACGTCCGA,20,,,,1665,1,5.46,,,,,,,-88.48037076,-27.890541,-28.636368,-21.552773,-18.939274
CTGTTACCGGGCAAGCCCGA,20,2216,6,13.17,1665,1,5.46,,,,0.414578588,,,-99.2364806,-27.065063,-27.954605,-17.951881,-14.35561
CTGTTACCGGGTACATTCGA,20,1999,7,15.37,1665,1,5.46,,,,0.355237476,,,-91.18369142,-27.632767,-27.751694,-19.603134,-18.475811
CTGTTACCGGCTGTGTCCGA,20,1133,14,30.73,1665,1,5.46,,,,0.177676538,,,-93.68342577,-27.59452,-26.226746,-18.307182,-13.606529
CTGCTACCGGTCACGTCCGA,20,8113,1,2.2,1665,1,5.46,,,,2.481818182,,,-98.14319187,-27.622635,-27.673416,-16.368484,-12.465393
CTGTTACTGGCTAGGTCCGA,20,1397,11,24.15,1665,1,5.46,,,,0.226086957,,,-89.05299058,-27.32663,-26.206505,-20.747879,-17.966175
CTGTTACCGGGCGCGTCCGA,20,971,17,37.32,1665,1,5.46,,,,0.146302251,,,-92.81785064,-28.228973,-29.439308,-21.159203,-15.886757
CTGTTACCGGCTAGCTCCGA,20,126,280,614.7,904,3,16.39,,,,0.026663413,,,-93.90227356,-27.83902,-27.67942,-17.682167,-14.290546
CTGTTACCGGGATGGCCCGA,20,2500,5,10.98,1665,1,5.46,,,,0.49726776,,,-96.06922192,-26.992867,-26.90828,-18.185326,-14.257404
CTGTTACCGGCAACGTCCGA,20,463,39,85.62,1665,1,5.46,,,,0.063770147,,,-99.41674727,-27.320374,-27.758202,-16.656914,-12.171444
CTGCTACCCGGTAGGACGGA,20,8113,1,2.2,1665,1,5.46,,,,2.481818182,,,-97.05512013,-27.627808,-29.073967,-16.798546,-12.584316
CTGTAACCGGGCGGGACCGA,20,,,,1665,1,5.46,,,,,,,-83.45528088,-27.559814,-30.197334,-27.280556,-23.03173
CTGCTTCCGGCTAGGTCCGA,20,4644,2,4.39,1665,1,5.46,,,,1.243735763,,,-90.70159743,-28.397453,-27.913002,-19.52298,-17.473896
CTGCTACCGGGTGGTTCCGA,20,1514,10,21.95,1665,1,5.46,,,,0.248747153,,,-97.49564428,-27.60125,-26.250084,-15.821243,-12.499481
CTGTTACCGGTTAGTTCCGA,20,302,75,164.65,1665,1,5.46,,,,0.033161251,,,-93.42617444,-27.645561,-25.498215,-18.774437,-15.254051
CTGATACCGGGAACAACCGA,20,,,,1665,1,5.46,,,,,,,-97.82799586,-25.883217,-26.827957,-16.658401,-12.292755
CTGCTACCCGGTCAGTCCGA,20,,,,904,3,16.39,,,,,,,-96.32657756,-27.877975,-28.004066,-16.200928,-15.99123
CTGTTACCGGTTACTTCCGA,20,3487,3,6.59,1665,1,5.46,,,,0.828528073,,,-92.14820962,-27.565643,-25.852745,-19.5671,-16.185616
CTGATACCGGGGACGTTCGA,20,,,,1665,1,5.46,,,,,,,-89.80338747,-27.875107,-28.85524,-20.201576,-18.07862
CTGATACCGGAAAGATCCGA,20,,,,1665,1,5.46,,,,,,,-99.69015132,-26.357384,-25.990097,-15.875336,-11.303829
CTGATTCCGGGCAAGTCCGA,20,,,,1665,1,5.46,,,,,,,-90.66066882,-27.64444,-27.51075,-21.104057,-17.447762
CTGGTACCGGGTAGGTGCGA,20,2500,5,10.98,1665,1,5.46,,,,0.49726776,,,-93.42305379,-27.254456,-27.10244,-20.056046,-19.905136
CTGGTACCGGGTTAGTCCGA,20,,,,1665,1,5.46,,,,,,,-96.34422717,-27.469978,-26.237343,-18.83223,-15.542961
CTGTTACCGGCAAGGTCCGA,20,75,460,1009.86,490,8,43.7,,,,0.043273325,,,-100.5412616,-27.489494,-27.42997,-16.484375,-12.018963
CTGTTGCCGGGTAGTTCCGA,20,1800,8,17.56,1665,1,5.46,,,,0.310933941,,,-85.44726496,-28.174759,-26.649925,-21.227303,-18.146309
CTGTCACCGGGAGAGTCCGA,20,,,,1665,1,5.46,,,,,,,-93.12027177,-27.8937,-28.66494,-23.931961,-18.551643
CTGTCACCGGGACAGTCCGA,20,,,,1665,1,5.46,,,,,,,-91.72037767,-27.680862,-28.390373,-23.77697,-18.343357
CTGTTACTGGGTAGGTTCGA,20,4644,2,4.39,1665,1,5.46,,,,1.243735763,,,-81.59719049,-27.770859,-27.083527,-23.400238,-22.594654
CTGTTACCGGGAACTTCCGA,20,1800,8,17.56,1665,1,5.46,,,,0.310933941,,,-96.79082836,-27.529129,-27.69217,-18.431389,-15.090481
CTGTTACCGGCTACATCCGA,20,1205,13,28.54,1165,2,10.93,,,,0.382971268,,,-97.81852462,-27.14415,-26.59024,-16.776588,-13.3378525
CTGTTACCGGGCCGGTCCGA,20,151,240,526.89,490,8,43.7,,,,0.082939513,,,-90.94366893,-28.327736,-28.77356,-21.025124,-16.093678
CTGTTGCCGGGTATGTCCGA,20,2500,5,10.98,1665,1,5.46,,,,0.49726776,,,-86.0537355,-27.87725,-26.131828,-20.292137,-16.715988
CTGATACCGGCGAGGTCCGA,20,787,21,46.1,1665,1,5.46,,,,0.118438178,,,-96.88502534,-27.389671,-27.754982,-17.321312,-11.771362
CTGATACCGGGTACGACCGA,20,872,19,41.71,1665,1,5.46,,,,0.13090386,,,-94.24133405,-26.514511,-26.818024,-17.536568,-12.811813
CTGATACCGGGAAGCACCGA,20,4644,2,4.39,1665,1,5.46,,,,1.243735763,,,-95.6307436,-26.415627,-27.639732,-18.367287,-13.78241
CTGGTACCGGGTAAGACCGA,20,8113,1,2.2,1665,1,5.46,,,,2.481818182,,,-97.52062627,-26.77681,-27.203415,-18.995583,-16.294922
CTGATACCGGCAAAGTCCGA,20,4644,2,4.39,1665,1,5.46,,,,1.243735763,,,-102.8528856,-26.664368,-26.881256,-14.588203,-9.298782
CTGATACCGGATAGGTCCGA,20,300,76,166.85,904,3,16.39,,,,0.098231945,,,-95.71477403,-26.903076,-25.707321,-16.974525,-11.831001
CTGTTACCGGGAGGATCCGA,20,1014,16,35.13,1165,2,10.93,,,,0.311130088,,,-98.41745612,-27.445663,-27.487183,-17.72551,-13.428467
CTGTTATCTGGTAGGTCCGA,20,1999,7,15.37,1665,1,5.46,,,,0.355237476,,,-79.56758629,-27.589394,-26.532127,-24.386543,-23.06448
CTGTTACCGGCCAGATCCGA,20,825,20,43.91,1665,1,5.46,,,,0.124345252,,,-97.02184275,-27.513565,-27.380943,-17.309021,-13.903507
CTGCTATCGGATAGGTCCGA,20,,,,1665,1,5.46,,,,,,,-95.29531944,-27.320198,-26.705994,-20.07779,-17.504208
CTGCTACCGGGTAGCTCCGA,20,106,344,755.2,743,4,21.85,,,,0.028932733,,,-100.9086067,-27.529587,-27.523056,-15.375771,-11.757347
CTGTTACCGGATATGGCCGA,20,3487,3,6.59,1665,1,5.46,,,,0.828528073,,,-91.7639091,-26.698288,-25.586578,-16.575714,-15.346092
CTGATACCGGGGATGTCCGA,20,925,18,39.52,1165,2,10.93,,,,0.276568826,,,-96.80637782,-27.018135,-26.338562,-16.58786,-11.327736
CTGATACCGGCAAGATCCGA,20,8113,1,2.2,1665,1,5.46,,,,2.481818182,,,-100.9560753,-26.60817,-26.511665,-15.085884,-10.428795
CTGTTACCAGGCAAATCCGA,20,,,,1665,1,5.46,,,,,,,-92.6920431,-26.680702,-26.722038,-20.248337,-18.755577
CTGATACCGGGTAGTTCCGA,20,176,193,423.7,743,4,21.85,,,,0.051569507,,,-95.69285606,-27.15139,-25.554855,-17.033112,-12.662052
CTGTTACCAGGTGAGTTCGA,20,,,,1665,1,5.46,,,,,,,-82.54548451,-27.876122,-27.797737,-22.655914,-22.552986
CTGTTTCCGGGTAGGCCCGA,20,872,19,41.71,1665,1,5.46,,,,0.13090386,,,-85.41270924,-27.885643,-27.615456,-21.899307,-19.467525
CTGTTACCGGCCAAGTCCGA,20,872,19,41.71,1665,1,5.46,,,,0.13090386,,,-99.31797791,-27.673988,-27.811592,-16.844986,-12.786625
CTGTTACCGTGTCGGTCCGA,20,2500,5,10.98,1665,1,5.46,,,,0.49726776,,,-82.55818072,-27.724922,-26.508606,-20.75615,-18.286827
CTGTTACCGGAAAGGTCCGA,20,421,44,96.6,1165,2,10.93,,,,0.113146998,,,-99.05750245,-27.228508,-26.979362,-17.506477,-13.230167
CTGCTACCCGGTAGGTTCGA,20,,,,1665,1,5.46,,,,,,,-90.45350561,-28.276733,-28.39563,-18.249481,-20.262077
CTGTTACCAGGTAGGCCCGA,20,,,,1665,1,5.46,,,,,,,-87.35647895,-27.052826,-27.121613,-22.42826,-20.284195
CTGTTTCCCGGTCGGTCCGA,20,8113,1,2.2,1665,1,5.46,,,,2.481818182,,,-75.43898765,-28.87368,-28.154968,-23.81932,-23.645943
CTGATACCGGGACCGTCCGA,20,,,,1665,1,5.46,,,,,,,-94.84691518,-27.36708,-27.897964,-18.71453,-12.795269
CTGTTACCGGGTTCATCCGA,20,1800,8,17.56,1665,1,5.46,,,,0.310933941,,,-95.10167097,-27.439613,-25.83908,-17.402802,-14.034344
CTGATACCGGGTAAGGCCGA,20,971,17,37.32,1665,1,5.46,,,,0.146302251,,,-97.26290092,-26.654953,-26.936066,-17.076538,-13.764191
CTGATACCGGGACGGTCCGA,20,665,25,54.88,1665,1,5.46,,,,0.099489796,,,-95.91794227,-27.254974,-27.503998,-18.430855,-12.267097
CTGTTACCGGGTGTGACCGA,20,2216,6,13.17,1665,1,5.46,,,,0.414578588,,,-92.05546949,-27.002357,-26.389458,-18.420563,-13.752708
CTGTTACCGGATAGCTCCGA,20,267,89,195.39,1665,1,5.46,,,,0.027944112,,,-93.62674229,-27.306816,-26.698631,-18.093605,-14.559731
CTGTTACCGGAAACGTCCGA,20,1514,10,21.95,1665,1,5.46,,,,0.248747153,,,-98.156526,-26.980255,-27.304207,-17.446625,-13.343887
CTGTTACCGGATAGTTGCGA,20,8113,1,2.2,1665,1,5.46,,,,2.481818182,,,-92.23231517,-27.218605,-25.868233,-18.195862,-18.044655
CTGCTACCGGGAAGGCCCGA,20,751,22,48.3,1665,1,5.46,,,,0.113043478,,,-105.6983381,-27.043823,-28.348763,-15.747551,-11.942402
CTGTTACCGGGTAGCACCGA,20,177,192,421.51,1665,1,5.46,,,,0.012953429,,,-93.67345229,-26.889778,-27.092072,-18.692986,-15.301743
CTGCTTCCGGGCAGGACCGA,20,,,,1665,1,5.46,,,,,,,-89.5440434,-27.84864,-28.793816,-20.646973,-18.51049
CTGTTACTGGATAGGTCCGA,20,1800,8,17.56,1165,2,10.93,,,,0.622437358,,,-88.36370797,-27.02629,-25.516655,-20.929634,-17.928879
CTGCTACCGGCGCGGTCCGA,20,,,,1665,1,5.46,,,,,,,-97.57382058,-28.009651,-29.354614,-17.677345,-12.852512
CTGTTACCGGGTTTGTGCGA,20,,,,1665,1,5.46,,,,,,,-89.0207835,-27.38089,-26.023994,-20.046692,-18.297451
CTGTTGCCGGGTCAGTCCGA,20,,,,1665,1,5.46,,,,,,,-87.61097398,-28.355019,-27.524666,-20.830269,-16.58097
CTGTTACCGGGTCGGCCCGA,20,320,69,151.48,1665,1,5.46,,,,0.036044362,,,-91.88110112,-27.711533,-28.099495,-20.171928,-16.005314
CTGTTACCGGGCTGATCCGA,20,1205,13,28.54,1665,1,5.46,,,,0.191310441,,,-94.09886761,-27.448975,-26.67389,-18.04155,-13.901985
CTGTTACCGGGCAATTCCGA,20,2216,6,13.17,1665,1,5.46,,,,0.414578588,,,-97.02556535,-27.439476,-27.201965,-18.275719,-14.744682
CTGATACCGGGAAAGACCGA,20,4644,2,4.39,1665,1,5.46,,,,1.243735763,,,-100.3997432,-26.296608,-27.246933,-16.122482,-11.13829
CTGTTACCGGGTGAATCCGA,20,971,17,37.32,1165,2,10.93,,,,0.292872454,,,-99.49354883,-27.075714,-26.23713,-16.566345,-12.180527
CTGTTACGGGCTAGGTCCGA,20,1999,7,15.37,1165,2,10.93,,,,0.711125569,,,-88.09202586,-27.875206,-27.248413,-20.211586,-17.55457
CTGTTACCGGGGATATCCGA,20,1999,7,15.37,1665,1,5.46,,,,0.355237476,,,-97.14669436,-27.253914,-26.781433,-17.36605,-13.852455
CTGCTTCCGGGTCAGTCCGA,20,,,,1665,1,5.46,,,,,,,-92.88868408,-28.33767,-27.716492,-19.399757,-16.902046
CTGGTATCGGGTAGGTCCGA,20,2216,6,13.17,1665,1,5.46,,,,0.414578588,,,-90.05332908,-27.571487,-27.021164,-22.636688,-20.125477
CTGTTACCGGGTAGAACCGA,20,180,187,410.53,1665,1,5.46,,,,0.013299881,,,-96.81384516,-26.711403,-26.663452,-17.61184,-13.788692
CTGTTACCGGCGACATCCGA,20,,,,1665,1,5.46,,,,,,,-97.80501045,-27.275444,-27.804176,-17.04145,-13.866554
CTGATACCGGGAGGGTCCGA,20,719,23,50.49,1665,1,5.46,,,,0.108140226,,,-97.62893312,-27.413963,-27.729912,-18.612427,-12.857178
CTGTCACCGGGTCCGTCCGA,20,,,,1665,1,5.46,,,,,,,-84.29863983,-28.502548,-28.478302,-24.909698,-19.415543
CTGTTACCGCGCAGGTTCGA,20,,,,1665,1,5.46,,,,,,,-85.55457728,-28.39293,-29.481544,-21.764427,-19.17044
CTGATTCCGGATAAGTTCGA,20,,,,1665,1,5.46,,,,,,,-83.15393553,-27.851799,-27.279907,-22.649567,-21.943436
CTGATACCGAGTAGATCCGA,20,2216,6,13.17,1665,1,5.46,,,,0.414578588,,,-90.80810789,-26.69104,-25.592636,-17.705536,-16.064434
CTGGTATCGGGTACGTCCGA,20,4644,2,4.39,1665,1,5.46,,,,1.243735763,,,-88.94520151,-27.43834,-26.949226,-22.311028,-19.7655
CTGCCACCGGGAAGGTCCGA,20,,,,1665,1,5.46,,,,,,,-99.34494383,-27.979462,-28.540375,-21.602867,-17.325031
CTGTTACCGGTTAGGACCGA,20,259,96,210.75,1665,1,5.46,,,,0.025907473,,,-93.44495392,-27.235847,-26.95996,-19.42974,-15.619198
CTGTCACCGGGTAGGTGCGA,20,1999,7,15.37,1665,1,5.46,,,,0.355237476,,,-84.73917014,-27.640953,-27.620644,-22.767006,-21.267662
CTGTTACCTGGTGGGTCCGA,20,1999,7,15.37,1665,1,5.46,,,,0.355237476,,,-84.00607491,-27.489647,-26.46746,-21.332245,-19.030106
CTGCTACCGGGTGGGACCGA,20,421,44,96.6,1665,1,5.46,,,,0.056521739,,,-97.62624298,-27.186455,-28.157478,-17.24189,-13.148678
CTGTTACCCGGTTAATCCGA,20,,,,1665,1,5.46,,,,,,,-90.98304274,-27.359886,-26.100975,-17.896385,-18.02613
CTGTTACCGGGTGGGACCGA,20,195,163,357.84,1165,2,10.93,,,,0.030544377,,,-92.25065809,-27.255295,-27.804184,-19.539177,-15.2822075
CTGATACCGGGAAGATCCGA,20,525,33,72.45,904,3,16.39,,,,0.226224983,,,-100.8859818,-26.726143,-26.546684,-15.788757,-10.87595
CTGCTACCGGGTCACTCCGA,20,4644,2,4.39,1665,1,5.46,,,,1.243735763,,,-100.5264945,-27.72165,-27.940819,-15.935776,-12.194244
CTGTCACCGGGAACGTCCGA,20,8113,1,2.2,1665,1,5.46,,,,2.481818182,,,-90.92392283,-27.665543,-28.608894,-23.733032,-18.577126
CTGGTACCGGACAACGCCGA,20,,,,1665,1,5.46,,,,,,,-89.15901195,-26.53762,-27.921265,-20.50402,-19.5359
CTGTTACCGCGTACGTCCGA,20,545,31,68.06,1665,1,5.46,,,,0.080223332,,,-91.3841031,-27.668076,-27.599121,-18.257607,-16.951973
CTGTTACCGCGAAGCTCCGA,20,,,,1665,1,5.46,,,,,,,-91.91229909,-27.685509,-28.55091,-18.791145,-18.374191
CTGATACCGGGTTGGACCGA,20,637,26,57.08,1665,1,5.46,,,,0.095655221,,,-92.38002366,-26.725433,-26.041985,-18.42646,-13.651989
CTGTTACCGGAACGATCCGA,20,3487,3,6.59,1665,1,5.46,,,,0.828528073,,,-97.33072419,-26.87017,-26.740273,-17.878021,-13.59623
CTGCTGCCGGGTAGGACCGA,20,3487,3,6.59,1665,1,5.46,,,,0.828528073,,,-91.50752038,-27.67762,-28.488258,-20.723877,-17.380863
CTGTTGCCGTGTAGGTCCGA,20,8113,1,2.2,1665,1,5.46,,,,2.481818182,,,-77.14748743,-28.125496,-26.725174,-22.82106,-21.281757
CTGATACCGGCAGGGTCCGA,20,4644,2,4.39,1665,1,5.46,,,,1.243735763,,,-97.0788254,-27.32499,-27.68518,-17.902588,-12.238487
CTGTTACCGGGAAAATCCGA,20,498,35,76.84,904,3,16.39,,,,0.213300364,,,-103.5695235,-26.800156,-26.788483,-15.436401,-11.639137
CTGACACCGGCTAGGACCGA,20,,,,1665,1,5.46,,,,,,,-87.74513025,-27.132393,-28.014877,-23.97464,-18.730469
CTGATATCGGGCTAGATCGA,20,,,,1665,1,5.46,,,,,,,-79.33688522,-27.661537,-27.680626,-24.056755,-22.899254
CTGTCACCGGGTAGATCCGA,20,825,20,43.91,1665,1,5.46,,,,0.124345252,,,-90.52704392,-27.46074,-26.865791,-21.724113,-17.244473
CTGTAACCGGGTAGGTGCGA,20,1800,8,17.56,1665,1,5.46,,,,0.310933941,,,-84.60832388,-27.293228,-27.77816,-22.833305,-21.986263
CTGCTACCGAGTAAATCCGA,20,,,,1665,1,5.46,,,,,,,-99.50435771,-26.58271,-26.334503,-15.270134,-14.348679
CTGTTACCGGCGCGGTCCGA,20,1063,15,32.93,1665,1,5.46,,,,0.165806256,,,-92.91630455,-28.047516,-29.015083,-19.98082,-14.863228
CTGTTACCGGATATATCCGA,20,2923,4,8.78,1665,1,5.46,,,,0.621867882,,,-97.15583932,-26.774323,-25.194344,-17.283455,-14.257126
CTGTCACCGGGTACATCCGA,20,8113,1,2.2,1665,1,5.46,,,,2.481818182,,,-90.14082222,-27.271034,-27.099693,-22.6194,-18.388554
CTGATACCGGGAAGCTCCGA,20,374,52,114.16,1665,1,5.46,,,,0.04782761,,,-97.57688769,-27.130653,-27.632217,-17.470444,-12.577396
CTGCTACCGTGTCGGTCCGA,20,8113,1,2.2,1665,1,5.46,,,,2.481818182,,,-88.60518079,-27.674225,-26.885674,-18.661842,-16.671547
CTGTTATCGGGTAGGTTCGA,20,2923,4,8.78,1665,1,5.46,,,,0.621867882,,,-82.27089803,-28.277298,-28.131485,-24.167137,-23.722908
CTGTTACCGGATCGGTCCGA,20,448,41,90.01,1665,1,5.46,,,,0.060659927,,,-92.20175979,-27.594246,-26.750053,-19.2425,-14.395512
CTGATACCGGCTATGTCCGA,20,484,36,79.03,1665,1,5.46,,,,0.069087688,,,-95.34845242,-27.018486,-25.457664,-15.572113,-10.89856
CTGTTGCCGGGGAGGTCCGA,20,1657,9,19.76,1665,1,5.46,,,,0.276315789,,,-87.61136395,-28.396614,-28.721214,-22.134338,-18.44994
CTGTTACCGGACCGGTCCGA,20,1514,10,21.95,1665,1,5.46,,,,0.248747153,,,-90.01279052,-27.796371,-28.028564,-20.628723,-15.864277
CTGGTACCGGGCAAGTCCGA,20,4644,2,4.39,1665,1,5.46,,,,1.243735763,,,-98.29761594,-27.384453,-27.87146,-18.926826,-16.197197
CTGTTACCGGCATGGTCCGA,20,925,18,39.52,1665,1,5.46,,,,0.138157895,,,-97.41000286,-27.343681,-26.184334,-16.585114,-11.995392
CTGTTACCTGGAAGGTCCGA,20,3487,3,6.59,1665,1,5.46,,,,0.828528073,,,-89.24211203,-27.388191,-26.906776,-20.346695,-18.53622
CTGTTACCGGTTAATTCCGA,20,2216,6,13.17,,,,,,,,,,-96.79982147,-27.325546,-25.46714,-18.498901,-14.828682
CTGCTACCGGATCGCTCCGA,20,2923,4,8.78,,,,,,,,,,-93.80442266,-27.608566,-27.663223,-17.032219,-13.3655815
CTGTTATGGGGTTTGTCCGA,20,8113,1,2.2,,,,,,,,,,-76.96842318,-27.960045,-26.293457,-25.11036,-23.44756
CTGCTACCGGATGGATCCGA,20,8113,1,2.2,,,,,,,,,,-100.0043192,-26.883575,-26.05822,-14.948647,-11.124439
CTGATACCGGGCCGGTCCGA,20,1999,7,15.37,,,,,,,,,,-90.93811748,-27.897942,-28.38758,-20.6445,-15.0557785
CTGTTACCAGTAAAGTCCGA,20,8113,1,2.2,,,,,,,,,,-93.60696233,-26.967484,-26.340935,-20.422874,-18.49253
CTGACACCGGGTAGGGCCGA,20,8113,1,2.2,,,,,,,,,,-86.39371941,-27.161308,-27.648186,-24.187363,-20.511677
CTGCTACCGGACAGTTCCGA,20,4644,2,4.39,,,,,,,,,,-98.65662401,-27.19011,-26.91124,-15.906479,-12.046143
CTGATACCGGGGAGAACCGA,20,8113,1,2.2,,,,,,,,,,-96.63168965,-26.552956,-27.687523,-18.316513,-13.534737
CTGATACTGGGTAGTTCCGA,20,8113,1,2.2,,,,,,,,,,-88.21553793,-26.831581,-24.853806,-20.273232,-16.441185
CTGCTACCGGGCAGGCCCGA,20,8113,1,2.2,,,,,,,,,,-102.0213493,-27.379791,-28.890236,-17.38166,-13.993027
CTGTTACCGGACACGTCCGA,20,1657,9,19.76,,,,,,,,,,-94.32144608,-27.300117,-27.791832,-18.445213,-14.301762
CTGTAACCGCGTGGGACCGA,20,8113,1,2.2,,,,,,,,,,-78.47696884,-27.398064,-29.043533,-24.940498,-24.24408
CTGGTACCGGCTAGGCCCGA,20,8113,1,2.2,,,,,,,,,,-93.77287736,-27.365044,-27.872154,-20.179695,-18.383804
CTGTTACTGGCTAAGTCCGA,20,8113,1,2.2,,,,,,,,,,-92.77822024,-27.074364,-26.222885,-19.76815,-17.281525
CTGTAACCGGGCAGGTCCGA,20,719,23,50.49,,,,,,,,,,-88.96304784,-27.686165,-28.613464,-23.5542,-20.158115
CTGGTACCTGGTCGATCCGA,20,8113,1,2.2,,,,,,,,,,-82.8822308,-27.356087,-26.0066,-20.898499,-19.915844
CTGTTACCGGCTAACTCCGA,20,2216,6,13.17,,,,,,,,,,-97.69307302,-27.506386,-27.717339,-17.51294,-13.713432
CTGTTACCGGAAAGCTCCGA,20,2216,6,13.17,,,,,,,,,,-96.38815767,-27.236137,-27.695953,-18.24524,-14.792236
CTGTAACCGCGTAAGTCCGA,20,8113,1,2.2,,,,,,,,,,-86.48200581,-27.363258,-28.096756,-22.247818,-20.929314
CTGTTACCGGTCAGAACCGA,20,8113,1,2.2,,,,,,,,,,-95.21205243,-26.827133,-26.671974,-18.425926,-14.695919
CTGTTACCGGGCAGAGCCGA,20,4644,2,4.39,,,,,,,,,,-94.56074254,-27.156746,-27.93837,-18.999947,-16.881706
CTGTTACCGTGGTGGTCCGA,20,8113,1,2.2,,,,,,,,,,-84.71032338,-27.495514,-26.019913,-19.603104,-17.550472
CTGCTGCCGCGCAGGTCCGA,20,8113,1,2.2,,,,,,,,,,-85.97814383,-28.467392,-29.803772,-21.634148,-21.280361
CTGTCACCGGGTCGATCCGA,20,8113,1,2.2,,,,,,,,,,-86.58163588,-27.910095,-27.413017,-22.911346,-18.222343
CTGCTACCGCGTATGTGCGA,20,8113,1,2.2,,,,,,,,,,-98.61557573,-27.165077,-26.813942,-15.674545,-10.8965645
CTGTTACCGGTGCGGTCCGA,20,4644,2,4.39,,,,,,,,,,-91.48476585,-27.664291,-27.294441,-19.788094,-14.998886
CTGTTACCGGCTAGAAGCGA,20,3487,3,6.59,,,,,,,,,,-93.92801067,-27.194351,-28.007507,-18.081505,-18.19516
CTGTCACCCCGTAGGTCCGA,20,8113,1,2.2,,,,,,,,,,-76.83931692,-28.551224,-28.697952,-25.002586,-25.85929
CTGTTACGGGGTATATCCGA,20,8113,1,2.2,,,,,,,,,,-88.08924146,-27.21659,-26.077278,-20.054405,-18.197365
CTGTTACTGGGTTCATCCGA,20,8113,1,2.2,,,,,,,,,,-86.98177797,-27.12738,-25.07064,-20.595917,-18.966652
CTGTTACCGGGGTTCGCCGA,20,8113,1,2.2,,,,,,,,,,-88.6130929,-27.698753,-27.138535,-19.983635,-17.465115
CTGTTACCTCTTAGGACCGA,20,8113,1,2.2,,,,,,,,,,-75.90700004,-27.539047,-27.410904,-23.488457,-24.940413
CTGCTTCCGGGTCGGCCCGA,20,8113,1,2.2,,,,,,,,,,-86.57441308,-28.371841,-28.721008,-21.311653,-19.539558
CTGTTACCTCGTAGGGCCGA,20,8113,1,2.2,,,,,,,,,,-76.11075125,-27.56614,-27.739174,-22.995827,-25.105583
CTGGTACCGGGTCAGTCCGA,20,3487,3,6.59,,,,,,,,,,-96.00451829,-27.625893,-27.21737,-19.23436,-15.926006
CTGATACCGGGAGGATCCGA,20,8113,1,2.2,,,,,,,,,,-98.42774602,-27.01255,-27.051643,-17.159935,-12.309113
CTGTTACCGGTGCCGTCCGA,20,8113,1,2.2,,,,,,,,,,-90.61870907,-27.816559,-27.437706,-20.139488,-15.262363
CTGGTACCGGGTATGCCCGA,20,4644,2,4.39,,,,,,,,,,-95.07713424,-26.642021,-25.792465,-18.582413,-16.366142
CTGCTACCGGTTGGGACCGA,20,8113,1,2.2,,,,,,,,,,-94.65466352,-27.2472,-27.457886,-17.898254,-14.510319
CTGTTACCCGGTAGATCGGA,20,8113,1,2.2,,,,,,,,,,-94.37187083,-27.916023,-27.964218,-18.670303,-15.727325
CTGTTACTGGGTTGATCCGA,20,8113,1,2.2,,,,,,,,,,-87.54005651,-26.881012,-24.56382,-19.987717,-18.343372
CTGTTACCGGGTCTAACCGA,20,8113,1,2.2,,,,,,,,,,-91.81463719,-27.135895,-26.674667,-18.373055,-14.868862
CTGATACCGGGACGCTCCGA,20,8113,1,2.2,,,,,,,,,,-93.0657214,-27.41745,-28.262718,-19.015732,-13.968266
CTGCTACCGGGTGGGGCCGA,20,8113,1,2.2,,,,,,,,,,-95.30262998,-27.404137,-28.450935,-18.175629,-15.85162
CTGTTTCCGGTTAACTCCGA,20,8113,1,2.2,,,,,,,,,,-87.02577517,-28.03749,-26.983932,-23.237747,-20.034424
CTGTTACCGCGTATTTGCGA,20,8113,1,2.2,,,,,,,,,,-89.46615551,-27.634918,-26.722801,-19.683151,-16.456623
CTGTTACCGGGGTGTACCGA,20,8113,1,2.2,,,,,,,,,,-90.64759336,-27.011848,-26.627068,-18.444794,-15.708153
CTGTTACCGGTACAGTCCGA,20,8113,1,2.2,,,,,,,,,,-98.73129095,-27.084343,-26.375122,-17.352592,-12.818199
CTGATACCAGGCAGGTCCGA,20,3487,3,6.59,,,,,,,,,,-87.65317657,-27.047997,-27.265236,-21.614754,-18.906948
CTGTTACCGTTTGGGTCCGA,20,8113,1,2.2,,,,,,,,,,-81.031096,-27.931915,-26.504837,-22.517853,-20.617958
CTGATACCGGCCAAGCCCGA,20,8113,1,2.2,,,,,,,,,,-96.12894884,-26.817162,-27.85405,-17.684135,-14.06226
CTGTTACCGGAAACCTCCGA,20,8113,1,2.2,,,,,,,,,,-95.59331552,-27.152412,-28.02327,-18.870338,-15.715996
CTGCTACCGGGAAGCCCCGA,20,8113,1,2.2,,,,,,,,,,-102.9110673,-27.08995,-28.615242,-16.586319,-12.629288
CTGATACCGACTATGTCCGA,20,8113,1,2.2,,,,,,,,,,-88.17636463,-26.715302,-24.955605,-17.134216,-16.11995
CTGTTACCGTGTAAGGCCGA,20,8113,1,2.2,,,,,,,,,,-86.34094046,-26.954033,-26.592728,-19.587189,-18.797485
CTGGTACCGGGTAAGTGCGA,20,8113,1,2.2,,,,,,,,,,-96.47093518,-27.092392,-27.182426,-19.240654,-18.903423
CTGATACCGGCTAGCTCGGA,20,8113,1,2.2,,,,,,,,,,-88.63080004,-27.838966,-28.372108,-19.056221,-17.574127
CTGTTACCGGGCAGTCCCGA,20,8113,1,2.2,,,,,,,,,,-93.28070399,-27.537094,-27.958923,-20.048126,-16.662598
CTGATACCGGTTATGTCCGA,20,1063,15,32.93,,,,,,,,,,-93.89679488,-26.902168,-24.804085,-17.44445,-12.694984
CTGTTACCGCGTAGGTGGGA,20,4644,2,4.39,,,,,,,,,,-89.9332711,-28.140938,-28.324638,-20.272041,-19.04403
CTGCTACCGGGCACGCCCGA,20,8113,1,2.2,,,,,,,,,,-101.1684632,-27.331299,-29.15969,-16.934212,-13.649704
CTGATGCCGGCTAGGTCCGA,20,8113,1,2.2,,,,,,,,,,-86.31387182,-28.028725,-27.4738,-20.826477,-16.383709
CTGATACCGGGAAAAACCGA,20,8113,1,2.2,,,,,,,,,,-100.9169066,-25.823212,-26.735527,-15.972351,-11.465794
CTGTTACCGGGTCGCCCCGA,20,8113,1,2.2,,,,,,,,,,-88.71160791,-27.865921,-28.283035,-20.77478,-17.2263
CTGGTACCGGGGAGTTCCGA,20,8113,1,2.2,,,,,,,,,,-92.77686167,-27.688957,-27.437637,-19.293861,-16.6912
CTGTTACCGGGTGGACCCGA,20,2216,6,13.17,,,,,,,,,,-94.8299983,-27.047737,-27.242096,-18.633835,-15.1180725
CTGGTACTCGGTAGGTCCGA,20,8113,1,2.2,,,,,,,,,,-80.83166969,-27.337952,-26.551727,-22.157516,-22.949093
CTGATACCGTGGAGGTGCGA,20,8113,1,2.2,,,,,,,,,,-87.25668259,-27.05635,-27.011154,-20.411537,-16.906975
CTGTCACCGTGTAGGACCGA,20,4644,2,4.39,,,,,,,,,,-76.09136183,-27.160225,-27.107773,-25.30619,-22.670982
CTGTTACCGAGTAGACCCGA,20,8113,1,2.2,,,,,,,,,,-88.26353434,-26.77504,-26.749489,-19.676636,-18.374428
CTGTTACCGGATGGGTGCGA,20,8113,1,2.2,,,,,,,,,,-90.36777357,-27.233803,-26.940819,-19.747536,-18.869064
CTGGTACCGCGTGGGTCCGA,20,8113,1,2.2,,,,,,,,,,-86.93866262,-27.886963,-27.637123,-20.139626,-19.997753
CTGCTACCGGGCCGGGCCGA,20,8113,1,2.2,,,,,,,,,,-91.85525714,-28.079498,-29.822556,-19.976112,-17.313683
CTGCTTCCCGGTTGGACCGA,20,8113,1,2.2,,,,,,,,,,-77.88490045,-27.964241,-27.365135,-20.72564,-21.333221
CTGTTACCGCGTTAGTCCGA,20,1999,7,15.37,,,,,,,,,,-92.55845374,-27.726334,-26.757477,-17.888435,-16.285755
CTGCTACCGGAAGGGTCCGA,20,8113,1,2.2,,,,,,,,,,-101.154332,-27.41526,-27.97332,-17.035942,-12.64793
CTGTCACCGGGAAGGTGCGA,20,8113,1,2.2,,,,,,,,,,-86.5324045,-27.585793,-28.336655,-23.537056,-21.877998
CTGTTACTGGGTACGGCCGA,20,4644,2,4.39,,,,,,,,,,-84.78429409,-26.814056,-26.471153,-20.92424,-20.768085
CTGTTACCGGGTACCGCCGA,20,2923,4,8.78,,,,,,,,,,-91.29680667,-27.124855,-27.35559,-19.311127,-17.507622
CTGCCACCGGGTAGTTTCGA,20,8113,1,2.2,,,,,,,,,,-86.41682165,-28.787865,-28.271873,-22.94973,-21.890045
CTGTTACCGGGTATTACCGA,20,8113,1,2.2,,,,,,,,,,-92.39837045,-26.921745,-25.956665,-18.691803,-15.746643
CTGTTACCGTCTAGGTCCGA,20,1397,11,24.15,,,,,,,,,,-85.95875554,-27.885857,-26.617485,-19.509354,-17.401535
CTGTTATCGGGTGGTTCCGA,20,8113,1,2.2,,,,,,,,,,-85.17788808,-27.743889,-26.060081,-22.863022,-20.121002
CTGTTGCCGGGTAGCACCGA,20,8113,1,2.2,,,,,,,,,,-84.49472795,-27.49578,-27.483467,-21.8265,-19.152279
CTGTTACCGCGGACGGCCGA,20,8113,1,2.2,,,,,,,,,,-87.9636299,-27.551682,-29.119293,-20.045982,-21.068497
CTGATACGGGGGAGTTCCGA,20,8113,1,2.2,,,,,,,,,,-87.31968491,-27.50064,-27.172638,-20.769653,-18.59879
CTGTTATCGGGCAGATCCGA,20,4644,2,4.39,,,,,,,,,,-89.87005591,-27.443535,-26.947891,-21.635765,-19.350094
CTGTCACCGGGACGGTCCGA,20,4644,2,4.39,,,,,,,,,,-87.52334086,-28.022812,-28.657951,-24.989044,-19.164902
CTGTTACTGGGATCGTCCGA,20,4644,2,4.39,,,,,,,,,,-88.45682608,-27.337654,-26.26764,-21.011314,-18.479603
CTGTTACCGGTTAGGGCGGA,20,8113,1,2.2,,,,,,,,,,-87.01850232,-27.770805,-28.213837,-21.358917,-21.239265
CTGTTACCGGGTAGGACGGA,20,1800,8,17.56,,,,,,,,,,-91.32957497,-27.532997,-28.26435,-19.94828,-18.151974
CTGATACCTAGGAGGTCCGA,20,4644,2,4.39,,,,,,,,,,-76.47666204,-27.218338,-27.211739,-22.781563,-23.28392
CTGATACCGAGAAGATCCGA,20,8113,1,2.2,,,,,,,,,,-92.49330191,-26.600746,-26.238457,-17.465065,-15.884979
CTGTTACGGGGAATGTCCGA,20,8113,1,2.2,,,,,,,,,,-90.08323671,-27.300018,-26.55217,-18.95691,-16.215084
CTGTTACCGGGATGCTCCGA,20,2923,4,8.78,,,,,,,,,,-94.52548064,-27.403397,-26.746483,-17.872284,-14.053547
CTGCTACCGGGTAGTACGGA,20,8113,1,2.2,,,,,,,,,,-95.65418349,-27.331276,-27.977058,-17.402206,-15.553364
CTGTTACCGGCTAGTACCGA,20,3487,3,6.59,,,,,,,,,,-93.63716964,-27.089905,-26.729279,-18.072876,-14.959007
CTGTTACCGTAGAGGTCCGA,20,8113,1,2.2,,,,,,,,,,-85.19622727,-27.510094,-26.849205,-20.395752,-18.339535
CTGTTACCCGGAAGGTCGGA,20,1063,15,32.93,,,,,,,,,,-96.6255583,-28.1819,-29.02861,-19.659264,-16.38932
CTGCTACCGGCTACGACCGA,20,3487,3,6.59,,,,,,,,,,-98.84128345,-26.985512,-27.905998,-15.267632,-11.557724
CTGCTACCCGATAAGTCCGA,20,8113,1,2.2,,,,,,,,,,-98.27118633,-27.122742,-27.099098,-15.355461,-15.630749
CTGTTACCTGGCATGTCCGA,20,8113,1,2.2,,,,,,,,,,-85.14883663,-27.143875,-26.081413,-20.57183,-18.860798
CTGTTACCGTCTACGTCCGA,20,4644,2,4.39,,,,,,,,,,-84.99037644,-27.731735,-26.749832,-19.97165,-17.843868
CTGCTATCGGGTGGGTCCGA,20,8113,1,2.2,,,,,,,,,,-94.23201245,-27.73243,-27.573357,-21.410805,-18.327847
CTGTTACTGGATACATCCGA,20,8113,1,2.2,,,,,,,,,,-89.48496818,-26.350777,-24.711006,-19.964203,-17.626446
CTGTTACCGGTTGACTCCGA,20,8113,1,2.2,,,,,,,,,,-93.65054364,-27.555672,-26.438316,-18.747551,-15.251236
CTGTTACCGTGTAGTTCGGA,20,8113,1,2.2,,,,,,,,,,-81.22765993,-28.000366,-26.767113,-21.485107,-22.856468
CTGTTACGGGGGCGGCCCGA,20,8113,1,2.2,,,,,,,,,,-84.31679384,-27.83596,-29.342224,-24.457947,-22.402584
CTGCTTCCGGGTAGGGCCGA,20,3487,3,6.59,,,,,,,,,,-87.74191329,-27.955902,-28.311707,-20.668625,-20.187859
CTGTTACCCGCTCGGTCCGA,20,8113,1,2.2,,,,,,,,,,-86.52256677,-28.538696,-28.635002,-20.499062,-19.909748
CTGTTACTGGGTAGGGCCGA,20,2500,5,10.98,,,,,,,,,,-85.3589052,-27.022041,-26.904182,-22.650414,-21.626408
CTGCTACCGGGTATGACCGA,20,408,46,100.99,,,,,,,,,,-100.1685138,-26.707901,-26.348915,-14.502808,-10.778713
CTGTCACCGGGTAGGTTCGA,20,2923,4,8.78,,,,,,,,,,-80.69463755,-28.368813,-27.597252,-23.988152,-21.929703
CTGTCACCGGGTAGTTCCGA,20,1397,11,24.15,,,,,,,,,,-86.81537075,-27.851082,-26.724167,-22.35923,-18.453247
CTGTTACGGGATAAGTCCGA,20,4644,2,4.39,,,,,,,,,,-91.53576899,-27.260872,-26.583893,-19.559578,-16.294102
CTGTCACCAGGAAGGTCCGA,20,8113,1,2.2,,,,,,,,,,-82.34374818,-27.663696,-27.751434,-25.981628,-22.94218
CTGTTTCCGGGTAGACCCGA,20,8113,1,2.2,,,,,,,,,,-87.37254712,-27.54979,-27.047745,-21.332985,-18.843582
CTGTTACCGGGTAGCGCCGA,20,342,61,133.92,,,,,,,,,,-91.53882404,-27.172958,-27.629677,-19.623253,-17.48706
CTGTTACCGGTTAGCACCGA,20,2500,5,10.98,,,,,,,,,,-91.05272205,-26.96077,-26.607605,-19.456886,-16.57534
CTGATACCGGTTAAGGCCGA,20,8113,1,2.2,,,,,,,,,,-94.88866636,-26.71685,-26.604843,-18.18348,-14.8471985
CTGTTACCGGGAGGGCCCGA,20,8113,1,2.2,,,,,,,,,,-96.34922377,-27.53595,-28.962303,-20.538605,-16.556087
CTGTTACCAGATGGGTCCGA,20,8113,1,2.2,,,,,,,,,,-83.49369743,-27.248352,-26.318253,-22.17855,-19.983284
CTGTTACCGTGTATGTCCGA,20,925,18,39.52,,,,,,,,,,-86.41226289,-27.112831,-24.997116,-19.085335,-17.186989
CTGTTACCGGGCATGACCGA,20,1999,7,15.37,,,,,,,,,,-93.57927151,-27.010338,-27.199951,-17.847122,-13.785587
CTGTTACCGGATAGATGCGA,20,3487,3,6.59,,,,,,,,,,-95.55763442,-26.813614,-26.183006,-17.223434,-16.984402
CTGGTACGGGGAAGGTCCGA,20,8113,1,2.2,,,,,,,,,,-90.47881361,-27.487503,-27.334404,-21.145302,-19.454266
CTGATACCGGATAGGGCCGA,20,8113,1,2.2,,,,,,,,,,-91.15609678,-26.663002,-26.786781,-19.129005,-16.017792
CTGGTACCCGGTCGGTCCGA,20,8113,1,2.2,,,,,,,,,,-84.7261346,-28.205902,-28.094498,-21.610336,-21.433498
CTGTTATCGCGTAGGACCGA,20,8113,1,2.2,,,,,,,,,,-82.09882092,-27.293823,-27.472778,-22.743576,-22.966095
CTGTTACCGGGAACACCCGA,20,8113,1,2.2,,,,,,,,,,-99.54074843,-26.53196,-27.570724,-17.703407,-14.016808
CTGATACCGTGCAAGTCCGA,20,8113,1,2.2,,,,,,,,,,-89.22205362,-26.753654,-26.22113,-18.653236,-15.771679
CTGCTACCGGCTAAATCCGA,20,2923,4,8.78,,,,,,,,,,-106.4250778,-26.799957,-26.882004,-13.385895,-10.365814
CTGTTACCGTGTTCGACCGA,20,8113,1,2.2,,,,,,,,,,-81.24735042,-27.204155,-25.837029,-20.491905,-18.996323
CTGTCACCGGGCACGTCCGA,20,3487,3,6.59,,,,,,,,,,-87.38305949,-28.096825,-29.432121,-25.038574,-20.040005
CTGTTACCGGATTGGCCCGA,20,8113,1,2.2,,,,,,,,,,-89.81355241,-26.884186,-25.980873,-18.626198,-15.905682
CTGTTACCGGGTCCGGCCGA,20,4644,2,4.39,,,,,,,,,,-88.44562719,-27.831512,-27.961235,-19.348495,-17.187653
CTGTTACGGGTTAGGTCCGA,20,4644,2,4.39,,,,,,,,,,-87.08775203,-27.821709,-26.656425,-21.576515,-18.780636
CTGTTACCAGGATGGTCCGA,20,8113,1,2.2,,,,,,,,,,-87.32184103,-27.180397,-25.856087,-20.58915,-18.07716
CTGATACCAGGTCGATCCGA,20,8113,1,2.2,,,,,,,,,,-86.34753863,-26.938492,-26.02826,-20.671066,-18.180958
CTGATACTGCTTATGACCGA,20,8113,1,2.2,,,,,,,,,,-78.65181691,-26.14006,-25.208153,-21.5458,-22.5816
CTGCTACCTGCTACGTCCGA,20,8113,1,2.2,,,,,,,,,,-89.88411746,-27.14782,-26.768364,-18.270744,-17.283096
CTGTTACCGGCAAGCACCGA,20,8113,1,2.2,,,,,,,,,,-96.22276293,-26.843468,-28.158455,-17.919846,-14.6401825
CTGATACCTGGTAAGTCCGA,20,8113,1,2.2,,,,,,,,,,-90.48325085,-26.729736,-25.823074,-18.989204,-16.401245
CTGCTACCGGGGAAGGCCGA,20,4644,2,4.39,,,,,,,,,,-103.1354643,-27.077408,-28.321594,-14.83004,-12.608791
CTGTTTCGGGGTATGTCCGA,20,3487,3,6.59,,,,,,,,,,-76.8946103,-28.115395,-26.501945,-23.089668,-20.3241
CTGCTACCGGTGAAGACCGA,20,4644,2,4.39,,,,,,,,,,-103.164643,-26.657516,-27.130249,-14.815094,-10.582783
CTGTTACCGGATGGCTCCGA,20,3487,3,6.59,,,,,,,,,,-90.50080402,-27.507927,-26.857841,-18.80632,-15.659157
CTGTTACTTGTTAGGTCCGA,20,8113,1,2.2,,,,,,,,,,-76.66184199,-27.308548,-25.833908,-24.668839,-24.045284
CTGTTACCCGGTATCTCCGA,20,4644,2,4.39,,,,,,,,,,-88.8202598,-27.835464,-27.022446,-19.66784,-19.948387
CTGTTACTGAGTTGGTCCGA,20,8113,1,2.2,,,,,,,,,,-78.56775927,-27.026222,-25.039482,-22.296036,-22.480656
CTGTTACTCGGCAAAACGGA,20,8113,1,2.2,,,,,,,,,,-85.28531793,-26.657387,-27.686455,-23.020042,-20.199162
CTGTTACCGAGTTGCTCCGA,20,8113,1,2.2,,,,,,,,,,-83.79951493,-27.386848,-25.632713,-19.215416,-19.356667
CTGTTACCGCGTGTGTCCGA,20,8113,1,2.2,,,,,,,,,,-88.92588331,-27.650787,-26.400642,-18.715492,-17.078987
CTGTTACCAGGTAGGGCCGA,20,1014,16,35.13,,,,,,,,,,-83.44956676,-27.18177,-27.385536,-22.867844,-21.84771
CTGTCACCGGGAAGCTCCGA,20,8113,1,2.2,,,,,,,,,,-89.2262969,-27.880386,-28.888237,-24.085823,-19.929981
CTGTTACTCGGTATGTCCGA,20,4644,2,4.39,,,,,,,,,,-82.43469968,-26.956604,-25.296005,-20.755333,-21.494225
CTGCTACCCGTTAGGTCCGA,20,8113,1,2.2,,,,,,,,,,-92.9964036,-27.934105,-27.414803,-17.117378,-17.14978
CTGCTACCGGCTTTGTCCGA,20,8113,1,2.2,,,,,,,,,,-96.60951381,-27.735771,-26.391861,-16.844559,-13.187775
CTGCAACCGGGAAGATCCGA,20,8113,1,2.2,,,,,,,,,,-99.46373815,-26.888626,-27.564987,-18.558723,-15.680672
CTGTTACGGGGTAGCTCGGA,20,8113,1,2.2,,,,,,,,,,-80.7059942,-28.201271,-28.456474,-22.88697,-21.589378
CTGGTACCGTGTAGGTCCGA,20,2923,4,8.78,,,,,,,,,,-86.12233584,-27.431519,-26.178093,-20.749794,-20.291328
CTGATACTGGGGAGTACCGA,20,4644,2,4.39,,,,,,,,,,-86.14939216,-26.462372,-26.501427,-21.852745,-19.445873
CTGCTACCGGTAAGGACCGA,20,4644,2,4.39,,,,,,,,,,-101.3356854,-26.899216,-27.519005,-16.175713,-12.315636
CTGCTACCGGGAAGGGCCGA,20,2216,6,13.17,,,,,,,,,,-101.1880146,-27.175575,-28.426476,-16.19458,-13.851639
CTGTTGCGGGGTAGGTCCGA,20,2923,4,8.78,,,,,,,,,,-79.39086456,-28.148064,-27.686302,-23.121552,-21.512203
CTGAAACCGGGTAGGGCCGA,20,3487,3,6.59,,,,,,,,,,-84.72586398,-26.925713,-27.971802,-24.358116,-21.729004
CTGTTACCTGGTATTTCCGA,20,3487,3,6.59,,,,,,,,,,-82.9090256,-27.253738,-25.229256,-21.492218,-20.393978
CTGCTACCGGGTCGACCCGA,20,4644,2,4.39,,,,,,,,,,-99.69911299,-27.30642,-27.924156,-16.443161,-12.520687
CTGTTACCGGGGAATGCCGA,20,8113,1,2.2,,,,,,,,,,-96.02277989,-26.81247,-26.830818,-16.816605,-15.333454
CTGTTTCCGGGTTGCTCCGA,20,4644,2,4.39,,,,,,,,,,-80.09004381,-28.18261,-26.313187,-22.307175,-19.829369
CTGCTATCGGGTAGATCCGA,20,4644,2,4.39,,,,,,,,,,-98.44903723,-27.19947,-26.419174,-18.668633,-16.755371
CTGTTACCGGCCAGGACCGA,20,1657,9,19.76,,,,,,,,,,-93.7073675,-27.52504,-28.51918,-19.262245,-15.223732
CTGTTTCCCGGTAGGTCGGA,20,4644,2,4.39,,,,,,,,,,-82.98981441,-28.823685,-28.446388,-22.829033,-20.325142
CTGTTTCTGGGTTGGTCCGA,20,3487,3,6.59,,,,,,,,,,-74.32727669,-27.920372,-25.888268,-24.442444,-22.636597
CTGATACCGGGCGGTTCCGA,20,8113,1,2.2,,,,,,,,,,-91.02521397,-27.62632,-27.450996,-20.248886,-16.216206
CTGTTACCGGTTCGGACCGA,20,2500,5,10.98,,,,,,,,,,-88.87897947,-27.33908,-27.01474,-19.87635,-15.860481
CTGATACCGGCGAGGGCCGA,20,8113,1,2.2,,,,,,,,,,-94.1758066,-27.163757,-28.557,-19.54284,-14.221817
CTGTTACCGGGTCGGGCCGA,20,2500,5,10.98,,,,,,,,,,-88.64010768,-27.751839,-28.292229,-20.522217,-17.6594
CTGTTACCCAGAATGTGCGA,20,8113,1,2.2,,,,,,,,,,-84.22442641,-26.97303,-26.758163,-20.019318,-21.196938
CTGTAACCCCGTAGGTCCGA,20,8113,1,2.2,,,,,,,,,,-75.87606284,-28.13301,-28.613335,-24.20523,-26.374023
CTGCTACCTGCTAGGTCCGA,20,8113,1,2.2,,,,,,,,,,-90.6916486,-27.31366,-26.723663,-17.874405,-16.846306
CTGTTACCTGGTAGGTCGGA,20,3487,3,6.59,,,,,,,,,,-86.7094717,-27.880508,-27.220749,-21.553123,-20.203342
CTGGTACCGGTTAGACCCGA,20,8113,1,2.2,,,,,,,,,,-93.53367002,-26.875626,-26.502815,-20.263168,-18.323608
CTGTTACCCGCTAGCTCCGA,20,8113,1,2.2,,,,,,,,,,-88.26070461,-28.10073,-28.24768,-18.651863,-19.556305
CTGTTACCGGGTTCTTCCGA,20,2923,4,8.78,,,,,,,,,,-90.94968423,-27.950935,-26.193153,-19.209534,-15.888374
CTGTAACCGGGTCGATCCGA,20,8113,1,2.2,,,,,,,,,,-86.8337128,-27.526588,-27.360565,-22.078453,-18.381222
CTGGTACCTGGCAGGTCCGA,20,8113,1,2.2,,,,,,,,,,-85.36706354,-27.440216,-27.407951,-22.32779,-21.786537
CTGTTTCCGGGTGGGCCCGA,20,8113,1,2.2,,,,,,,,,,-81.38365311,-28.06308,-28.216263,-22.94368,-20.912254
CTGATACCGAGGAGGACCGA,20,8113,1,2.2,,,,,,,,,,-86.45241867,-26.83297,-27.992455,-21.181602,-19.257332
CTGTTACCGGCCGAGTCCGA,20,8113,1,2.2,,,,,,,,,,-96.32767426,-28.055313,-28.708305,-19.08445,-14.452637
CTGTTACCGTGTTGGACCGA,20,8113,1,2.2,,,,,,,,,,-81.76857209,-26.968979,-25.634811,-20.161652,-18.639297
CTGTTTCCGGGAAGCGCCGA,20,8113,1,2.2,,,,,,,,,,-84.02754666,-27.798325,-28.472366,-23.0103,-21.79206
CTGTTACCGGGAAGACCCGA,20,1800,8,17.56,,,,,,,,,,-99.93616151,-26.831184,-27.649727,-17.895058,-13.881035
CTGTTACTGGGTACCCCCGA,20,8113,1,2.2,,,,,,,,,,-83.71034996,-26.8975,-26.390724,-22.297523,-20.77184
CTGTTACCGGATACGTTCGA,20,8113,1,2.2,,,,,,,,,,-88.37668345,-27.626503,-27.446083,-19.69738,-18.749817
CTGTTACCGGCTAAGTGCGA,20,3487,3,6.59,,,,,,,,,,-98.1196733,-27.362617,-27.538216,-17.051071,-15.869793
CTGATACCGGGCAGCTCCGA,20,665,25,54.88,,,,,,,,,,-93.7771957,-27.447838,-28.205055,-19.277252,-14.854008
CTGTTACCGGATACTTCCGA,20,3487,3,6.59,,,,,,,,,,-93.61489564,-27.237144,-26.091492,-18.64109,-15.1140175
CTGGTACCGCGAAGGTCCGA,20,4644,2,4.39,,,,,,,,,,-91.53946258,-27.547295,-27.917046,-19.206558,-19.512718
CTGGTACGGGGTAGATCCGA,20,4644,2,4.39,,,,,,,,,,-88.06013805,-27.219887,-26.250366,-20.016624,-18.876045
CTGTTACCGGAAAGGTGCGA,20,8113,1,2.2,,,,,,,,,,-95.37816597,-27.029022,-27.406937,-18.500465,-17.580883
CTGTTTCTGGGGATGTCCGA,20,4644,2,4.39,,,,,,,,,,-77.50275273,-27.841354,-26.82582,-24.624321,-21.716778
CTGATACTGGGCAGGTCCGA,20,8113,1,2.2,,,,,,,,,,-89.35178873,-27.02961,-26.627556,-21.848045,-18.793148
CTGCTGCCGGGTAGAACCGA,20,8113,1,2.2,,,,,,,,,,-93.64091444,-27.208931,-27.810547,-19.614883,-16.67854
CTGTCACCGGGTGGGTGCGA,20,8113,1,2.2,,,,,,,,,,-81.92961152,-27.775139,-27.817055,-23.196861,-21.910934
CTGTTACCGGCGAGTTCCGA,20,3487,3,6.59,,,,,,,,,,-94.49581262,-27.741959,-27.660835,-17.871384,-14.50827
CTGTTACCAGGTTGATCCGA,20,4644,2,4.39,,,,,,,,,,-86.27983707,-26.983139,-24.840225,-19.28347,-17.85051
CTGTTACCGCTTAGGTCCGA,20,1999,7,15.37,,,,,,,,,,-88.632533,-28.00193,-27.22026,-19.540161,-18.422554
CTGTTACCGTATAGGACCGA,20,4644,2,4.39,,,,,,,,,,-82.59833433,-26.845612,-26.43573,-21.12268,-18.996056
CTGATACCGGGTCGTTCCGA,20,2216,6,13.17,,,,,,,,,,-91.42782286,-27.575493,-26.166733,-18.578705,-14.370213
CTGTTTCCACTCAGGTCCGA,20,8113,1,2.2,,,,,,,,,,-66.03774278,-28.230797,-27.501305,-25.208092,-26.35889
CTGATACCGGGGGGGACCGA,20,8113,1,2.2,,,,,,,,,,-92.50424766,-27.230698,-29.179688,-21.369362,-15.738457
CTGATACCGGCAATGTCCGA,20,4644,2,4.39,,,,,,,,,,-98.36269932,-26.646202,-25.685188,-14.312881,-9.43914
CTGTTACGGGGTGGTTCGGA,20,8113,1,2.2,,,,,,,,,,-78.40264624,-28.354042,-27.373238,-23.038773,-21.864952
CTGTTTCCAGTTAAGTCCGA,20,8113,1,2.2,,,,,,,,,,-81.48837081,-27.863235,-26.47615,-24.486649,-22.631111
CTGTTACTTGGTGTGTCCGA,20,8113,1,2.2,,,,,,,,,,-75.69220407,-26.958107,-24.884308,-23.415787,-21.417625
CTGTTACCGGAACGGTCCGA,20,2923,4,8.78,,,,,,,,,,-95.14780331,-27.266174,-27.378601,-19.228432,-14.279316
CTGTTACCGGCTATGCCCGA,20,2500,5,10.98,,,,,,,,,,-93.65076963,-26.94931,-26.247253,-16.863289,-14.47353
CTGTTATCAGGTAGGTCCGA,20,1800,8,17.56,,,,,,,,,,-81.36840797,-27.536034,-26.847809,-24.78637,-22.78954
CTGTTACCGGCTCAGTCCGA,20,1514,10,21.95,,,,,,,,,,-97.23485169,-27.882324,-27.609161,-17.990303,-12.927982
CTGTTACCGTTTACATCCGA,20,8113,1,2.2,,,,,,,,,,-85.41063906,-27.061554,-25.36856,-20.884872,-19.564224
CTGCTATCGGGTAGTTGCGA,20,8113,1,2.2,,,,,,,,,,-92.49518826,-27.48693,-26.668083,-20.344498,-21.471992
CTGTTACCGGGCGGGGCCGA,20,2923,4,8.78,,,,,,,,,,-88.84955493,-27.8796,-29.711792,-22.472816,-19.845875
CTGTTTCCGCGTATGTCCGA,20,8113,1,2.2,,,,,,,,,,-79.93977693,-28.07029,-26.45826,-21.331528,-20.259342
CTGATACCGGGTAGTTGCGA,20,8113,1,2.2,,,,,,,,,,-93.0902315,-27.070389,-25.91227,-17.569618,-16.910976
CTGTTACTGGTGAGGTCCGA,20,8113,1,2.2,,,,,,,,,,-87.67562078,-27.303566,-26.194199,-22.00563,-19.554298
CTGTTACCGGTGAGCTCCGA,20,8113,1,2.2,,,,,,,,,,-92.74036978,-27.722176,-27.437653,-18.863663,-15.550835
CTGTAACCGGGTAGTTCCGA,20,1397,11,24.15,,,,,,,,,,-85.75918896,-27.48117,-26.569695,-21.756836,-18.507565
CTGTTGCCGCGTACGTCCGA,20,8113,1,2.2,,,,,,,,,,-80.86049064,-28.31247,-28.045837,-21.65606,-20.90775
CTGTTATCCTGTAGGTCCGA,20,4644,2,4.39,,,,,,,,,,-71.98136072,-27.626694,-26.457878,-24.58963,-26.274597
CTGTAACCGGGAACGTGCGA,20,8113,1,2.2,,,,,,,,,,-86.94756702,-27.0849,-28.839958,-23.45877,-22.5103
CTGCTACCGGGTACAGCCGA,20,8113,1,2.2,,,,,,,,,,-100.8558516,-26.577652,-26.807632,-14.26226,-12.624218
CTGTTACGGGGTGTGTCCGA,20,8113,1,2.2,,,,,,,,,,-85.7455492,-27.551208,-26.095848,-20.996284,-17.266693
CTGTAACCGGGTAGGTTCGA,20,1999,7,15.37,,,,,,,,,,-80.76381746,-27.994057,-27.597748,-23.12484,-21.988274
CTGTTTCTGGATACGTCCGA,20,8113,1,2.2,,,,,,,,,,-76.56116198,-27.577225,-26.161804,-23.967163,-21.834057
CTGTTACCGCGTAGCTCGGA,20,8113,1,2.2,,,,,,,,,,-86.28875594,-28.23838,-28.810661,-20.44001,-22.648067
CTGTTTCCGGATACCTCCGA,20,8113,1,2.2,,,,,,,,,,-82.78333088,-27.928894,-27.135674,-22.897171,-20.487022
CTGTTACTGCGTAGGTCGGA,20,8113,1,2.2,,,,,,,,,,-80.26170595,-27.71659,-27.319572,-23.122261,-24.521595
CTGTTACCGGGGATTTCCGA,20,4644,2,4.39,,,,,,,,,,-93.49131885,-27.71502,-27.083618,-18.88443,-16.071693
CTGCTACCGGTTAGAACCGA,20,8113,1,2.2,,,,,,,,,,-100.6222354,-26.645348,-26.622787,-16.33596,-12.838112
CTGTTACCCGGTGGGTCGGA,20,2500,5,10.98,,,,,,,,,,-91.76687492,-28.40113,-28.67141,-20.814072,-18.024845
CTGCTACCGGGTAGAGCCGA,20,8113,1,2.2,,,,,,,,,,-100.7350461,-26.892532,-27.33957,-15.285248,-13.128723
CTGTTGCCGCGTAGGTCCGA,20,3487,3,6.59,,,,,,,,,,-81.08628831,-28.412598,-27.85421,-21.507736,-20.732609
CTGTTACGGGCTAAGACCGA,20,8113,1,2.2,,,,,,,,,,-90.05547525,-27.10923,-27.672707,-19.719597,-17.422405
CTGTTACCGTTTAGATCCGA,20,8113,1,2.2,,,,,,,,,,-85.98357098,-27.413872,-25.750374,-20.776321,-19.17083
CTGTTACCGGATATGTCGGA,20,8113,1,2.2,,,,,,,,,,-91.32869517,-27.45977,-26.17463,-18.540527,-17.466145
CTGTTATCAGGTACGTCCGA,20,8113,1,2.2,,,,,,,,,,-81.46573021,-27.384705,-26.686966,-24.558968,-22.507694
CTGTTATCGGGTAGGTGCGA,20,4644,2,4.39,,,,,,,,,,-86.1242062,-27.529945,-27.349373,-22.79261,-22.14354
CTGTTACCGGTAAACTCCGA,20,8113,1,2.2,,,,,,,,,,-99.05518881,-27.130844,-27.073593,-17.685135,-14.206745
CTGCTACCGGGATGATCCGA,20,2923,4,8.78,,,,,,,,,,-103.4625182,-26.961937,-26.087479,-13.484779,-9.653217
CTGTTACGGGCTGGGTCCGA,20,8113,1,2.2,,,,,,,,,,-85.0166865,-27.943832,-27.465935,-21.461174,-18.636463
CTGTTACCGCTTACGTCCGA,20,4644,2,4.39,,,,,,,,,,-87.69663706,-27.770287,-27.213203,-19.638153,-18.454727
CTGTTACCGGGTTGATGCGA,20,8113,1,2.2,,,,,,,,,,-91.85457674,-27.045898,-25.762985,-17.197273,-17.11325
CTGTTACCGGACGGATCCGA,20,8113,1,2.2,,,,,,,,,,-94.28193566,-27.223267,-27.419167,-19.138924,-14.795071
CTGATACCGGGTTGGGCCGA,20,2216,6,13.17,,,,,,,,,,-90.70158323,-26.930885,-26.331924,-19.07518,-16.066261
CTGTTACCGGGGAGGTCGGA,20,4644,2,4.39,,,,,,,,,,-93.55001205,-28.28704,-29.069305,-20.12497,-18.584934
CTGCTACCGGCGAGGTCCGA,20,825,20,43.91,,,,,,,,,,-101.8703531,-27.724846,-28.514725,-15.36068,-11.27071
CTGCTACCGGGTACTCCCGA,20,4644,2,4.39,,,,,,,,,,-99.89701555,-27.20324,-27.370094,-16.12371,-12.885403
CTGTTACCAGAAAGGTCCGA,20,4644,2,4.39,,,,,,,,,,-89.76328681,-27.060852,-26.740685,-21.377151,-19.551003
CTGTTACCGGGCCTATCCGA,20,8113,1,2.2,,,,,,,,,,-91.56951265,-28.0196,-27.748016,-20.151352,-16.406658
CTGTTTCCGGCTAGATCCGA,20,4644,2,4.39,,,,,,,,,,-88.46773373,-28.026382,-26.714462,-20.295372,-17.879906
CTGTTACCGGGCAAACCCGA,20,8113,1,2.2,,,,,,,,,,-99.82061515,-26.60064,-27.431923,-17.767609,-13.608738
CTGTTACCTGTTAAGTCCGA,20,8113,1,2.2,,,,,,,,,,-88.64927794,-27.212502,-26.017769,-21.127762,-19.14576
CTGTTACCGCGTAGACCCGA,20,4644,2,4.39,,,,,,,,,,-90.89284682,-27.064095,-27.39759,-18.520332,-17.713573
CTGTTATCCGGTAGGTCCGA,20,1397,11,24.15,,,,,,,,,,-84.19669836,-27.710762,-26.986458,-22.65129,-22.7373
CTGTTACCGGCAGGGTCCGA,20,1303,12,26.34,,,,,,,,,,-97.74388812,-27.770859,-28.213524,-18.574318,-13.741547
CTGATACTTGGTAGGTCCGA,20,4644,2,4.39,,,,,,,,,,-80.06391319,-26.838959,-25.51149,-22.686928,-21.59393
CTGTTACCGGTTACATCCGA,20,1205,13,28.54,,,,,,,,,,-96.70463718,-26.970146,-25.48632,-17.822662,-14.305302
CTGTAACCCGGAAGGTCCGA,20,8113,1,2.2,,,,,,,,,,-86.14326605,-27.68293,-28.734856,-23.578888,-23.96035
CTGATACCAGGTAGGACCGA,20,8113,1,2.2,,,,,,,,,,-86.76247871,-26.531387,-26.757454,-22.07206,-18.856304
CTGTTACCGCGTTGGTGCGA,20,1514,10,21.95,,,,,,,,,,-90.6998008,-27.457382,-26.584595,-18.47522,-14.436741
CTGCTACCAGGTGGTTCGGA,20,8113,1,2.2,,,,,,,,,,-88.73035323,-27.898376,-27.135185,-19.78302,-18.585392
CTGTTACCGGGGATGACCGA,20,2923,4,8.78,,,,,,,,,,-94.40886976,-26.975937,-27.213562,-17.598465,-13.461857
CTGTTACCGGATAGGACCGA,20,473,38,83.42,,,,,,,,,,-93.91244206,-26.860527,-26.87732,-18.660057,-14.685722
CTGTTACTGGGTTAGTTCGA,20,8113,1,2.2,,,,,,,,,,-81.7715582,-27.791832,-26.93097,-23.381866,-22.762016
CTGATACCGGGTCCGACCGA,20,8113,1,2.2,,,,,,,,,,-89.69427921,-27.118439,-27.4151,-18.947601,-14.315697
CTGTTACCTGGTGGGGCCGA,20,8113,1,2.2,,,,,,,,,,-79.48072669,-27.280869,-27.388344,-23.104874,-22.433338
CTGCTACCGGTCAAGACCGA,20,8113,1,2.2,,,,,,,,,,-102.1243761,-26.792885,-27.250366,-14.746315,-10.998711
CTGTTACTGCGTATGACCGA,20,8113,1,2.2,,,,,,,,,,-80.86701036,-26.375801,-25.514023,-20.686127,-21.990547
CTGTTACCGTGTACGCCCGA,20,8113,1,2.2,,,,,,,,,,-84.20441741,-26.928192,-26.540085,-20.75827,-19.356518
CTGTTGCCGGGTAGATCCGA,20,2216,6,13.17,,,,,,,,,,-89.23984648,-27.831924,-26.727058,-20.079994,-17.249802
CTGACACCGGGTAAGCCCGA,20,8113,1,2.2,,,,,,,,,,-93.38539255,-26.663483,-27.396584,-23.08397,-17.681358
CTGATACGGGGTACGTCCGA,20,3487,3,6.59,,,,,,,,,,-88.84720966,-27.169525,-26.813202,-19.663673,-16.5704
CTGTTTCTGCATAGATCCGA,20,8113,1,2.2,,,,,,,,,,-74.04399845,-27.238144,-25.272484,-23.611237,-23.958015
CTGTTACCGGCGAGGACCGA,20,2216,6,13.17,,,,,,,,,,-95.28274655,-27.349762,-28.740341,-18.963364,-14.532352
CTGATACCGGGTCGGACCGA,20,1303,12,26.34,,,,,,,,,,-90.80692127,-27.043,-27.66993,-19.85379,-14.45219
CTGTTACCAGGTGTTTCCGA,20,8113,1,2.2,,,,,,,,,,-83.35327152,-27.406548,-25.402054,-22.189583,-20.089542
CTGTTACCGGGAGTGTCCGA,20,1999,7,15.37,,,,,,,,,,-96.92666622,-27.544731,-26.983986,-18.421646,-13.372162
CTGTTACCGTGTAGGCCCGA,20,4644,2,4.39,,,,,,,,,,-84.80046297,-27.124214,-26.67537,-20.929375,-19.348446
CTGTTGCCGGGTACATCCGA,20,8113,1,2.2,,,,,,,,,,-89.19445511,-27.632927,-26.676796,-20.171478,-17.698444
CTGTTTCCCAGTTGATCCGA,20,8113,1,2.2,,,,,,,,,,-68.3836415,-27.866653,-25.513306,-22.298767,-25.531523
CTGTTACCCGAAAGGTCCGA,20,8113,1,2.2,,,,,,,,,,-92.92598038,-27.461441,-27.609596,-18.854408,-19.190117
CTGTTACCGGATACGACCGA,20,3487,3,6.59,,,,,,,,,,-92.96985065,-26.576645,-26.58506,-17.79261,-14.191181
CTGTTTCCGGGGACGGCCGA,20,8113,1,2.2,,,,,,,,,,-82.84755758,-28.060738,-28.58709,-22.79911,-21.20914
CTGTTACCGTGGAGGTCGGA,20,8113,1,2.2,,,,,,,,,,-83.53892613,-28.180672,-28.109749,-21.767288,-22.635002
CTGCTACCGGATAGTACCGA,20,8113,1,2.2,,,,,,,,,,-98.00877944,-26.50418,-26.15673,-16.005081,-12.072796
CTGTTTCCGGGTATATCCGA,20,4644,2,4.39,,,,,,,,,,-87.23934915,-27.73484,-25.95816,-21.07714,-18.437195
CTGTTACCCGGAAGTCCCGA,20,8113,1,2.2,,,,,,,,,,-90.54157551,-27.455772,-27.903534,-19.66874,-18.898327
CTGTTACCGGCAGCGTCCGA,20,3487,3,6.59,,,,,,,,,,-96.95768957,-27.68396,-28.55503,-18.923264,-13.959915
CTGCTACCGGGTGAGCCCGA,20,8113,1,2.2,,,,,,,,,,-104.1661854,-27.0197,-27.771095,-15.557053,-11.997562
CTGTTACCAGGCTAGTCCGA,20,8113,1,2.2,,,,,,,,,,-87.50846543,-27.508423,-27.028519,-21.683044,-19.092377
CTGTTACCGACTAGATCCGA,20,2923,4,8.78,,,,,,,,,,-90.03237023,-27.083786,-26.026428,-17.449806,-16.447788
CTGGTACCGGGAAGATCCGA,20,4644,2,4.39,,,,,,,,,,-98.71337675,-27.043434,-26.940384,-17.35196,-14.836769
CTGTTACCAGATCGGACCGA,20,8113,1,2.2,,,,,,,,,,-79.61992381,-26.82708,-27.126183,-23.403648,-20.946136
CTGTTACTGGATAGGGCGGA,20,8113,1,2.2,,,,,,,,,,-79.0563727,-27.152122,-27.283318,-23.750076,-23.180317
CTGTTTCCGGCAAGGTCCGA,20,8113,1,2.2,,,,,,,,,,-90.24586785,-28.137123,-27.662872,-20.56968,-17.17448
CTGATACCGGGCGGGACCGA,20,8113,1,2.2,,,,,,,,,,-90.74437274,-27.2333,-29.159164,-21.69477,-16.119682
CTGTTACTAGGTATGTCCGA,20,4644,2,4.39,,,,,,,,,,-80.24610403,-26.84488,-25.025444,-22.778748,-22.058659
CTGCTGCCGGGTCGGTCCGA,20,8113,1,2.2,,,,,,,,,,-87.88209137,-28.604301,-28.55931,-21.15802,-17.487553
CTGTTACCGGCTTTGACCGA,20,8113,1,2.2,,,,,,,,,,-91.00539853,-27.349129,-26.7286,-19.404617,-15.402977
CTGTTTCTGGGCATGTCCGA,20,8113,1,2.2,,,,,,,,,,-76.59748797,-27.879852,-26.604362,-24.795227,-22.620174
CTGTTACCCGTTAGGACCGA,20,3487,3,6.59,,,,,,,,,,-87.15160156,-27.530884,-27.487625,-20.273842,-20.068161
CTGATACCGCGTCGGTGCGA,20,3487,3,6.59,,,,,,,,,,-90.49541052,-27.465652,-27.802803,-19.374382,-14.671043
CTGATACTGGGGAGGTCCGA,20,4644,2,4.39,,,,,,,,,,-90.5884092,-27.104431,-26.904114,-21.657951,-18.46125
CTGTAACCGCGTCGGTCCGA,20,4644,2,4.39,,,,,,,,,,-79.43074495,-28.065262,-28.593742,-23.792732,-22.600872
CTGTTACCGGCTCGCTCCGA,20,2500,5,10.98,,,,,,,,,,-89.11072699,-28.364914,-28.546547,-19.612206,-15.714855
CTGTCACCGGGTAGCAGCGA,20,8113,1,2.2,,,,,,,,,,-80.01739318,-27.308594,-28.310059,-23.81929,-23.412067
CTGCTACCGGTAAGTTCCGA,20,4644,2,4.39,,,,,,,,,,-100.8896907,-27.375572,-26.252594,-15.439339,-12.200783
CTGTTACCAGGTATCTCCGA,20,8113,1,2.2,,,,,,,,,,-86.77972359,-27.435287,-26.31717,-21.807358,-20.127556
CTGTAACCGAGTAAGTCCGA,20,3487,3,6.59,,,,,,,,,,-84.55643033,-27.115562,-27.336426,-23.044327,-21.431313
CTGTTACCGGAAAGAACCGA,20,4644,2,4.39,,,,,,,,,,-98.67224345,-26.306877,-26.959312,-17.692383,-14.20779
CTGTTACCGGTCAGCTCCGA,20,8113,1,2.2,,,,,,,,,,-91.27048113,-27.898743,-27.609276,-19.36982,-16.096603
CTGCTACCGGGCATGTCCGA,20,825,20,43.91,,,,,,,,,,-101.3663428,-27.404259,-27.085434,-15.073006,-11.346008
CTGGTACCGGCTATGTCCGA,20,8113,1,2.2,,,,,,,,,,-94.14497937,-27.363007,-25.937965,-17.536919,-15.278526
CTGTTACCGGTTCGTTCCGA,20,4644,2,4.39,,,,,,,,,,-89.29589282,-27.861069,-25.576553,-19.690231,-16.181614
CTGTTGCCAGGTAGTTCCGA,20,8113,1,2.2,,,,,,,,,,-75.9294649,-27.939682,-26.25312,-23.315102,-22.205448
CTGCTACCGGGTTGTACCGA,20,8113,1,2.2,,,,,,,,,,-95.87194997,-26.85579,-25.739784,-16.19049,-13.17696
CTGCTACCGGATAACTCCGA,20,8113,1,2.2,,,,,,,,,,-102.3869257,-26.836708,-27.017754,-14.93325,-11.532658
CTGTCACCGGGTTTGTCCGA,20,8113,1,2.2,,,,,,,,,,-84.65041121,-27.88308,-26.09211,-23.810226,-18.63237
CTGCTACCGGCAAGCTCCGA,20,4644,2,4.39,,,,,,,,,,-102.1341045,-27.41256,-28.50505,-14.56031,-11.219837
CTGTTACCGGGTTCGACCGA,20,1800,8,17.56,,,,,,,,,,-91.36076728,-27.359138,-26.63195,-18.475357,-14.574909
CTGCTACCGCGAAGAGCCGA,20,8113,1,2.2,,,,,,,,,,-96.95887505,-26.893784,-28.40049,-15.569283,-16.128372
CTGTTACCGGGTAACCCCGA,20,1999,7,15.37,,,,,,,,,,-97.42626933,-26.857399,-27.07386,-18.349586,-14.767277
CTGTTACCGGGTCTCTCCGA,20,2500,5,10.98,,,,,,,,,,-89.83566378,-28.416992,-27.810799,-20.798157,-16.615387
CTGATACCGCGTACGTCCGA,20,4644,2,4.39,,,,,,,,,,-91.41386745,-27.238312,-27.236145,-17.733627,-16.107658
CTGTTACCGAGTCGGTCGGA,20,8113,1,2.2,,,,,,,,,,-81.09380245,-28.221092,-28.04258,-22.10669,-23.41204
CTGTTACCAGCTAGCTCCGA,20,8113,1,2.2,,,,,,,,,,-85.05362943,-27.444145,-27.273834,-20.720772,-19.705307
CTGTTGCCGGGAACGTCCGA,20,8113,1,2.2,,,,,,,,,,-90.40342481,-28.000977,-28.323006,-21.195236,-17.570675
CTGTTACCGGGTGTATCCGA,20,2923,4,8.78,,,,,,,,,,-95.22740883,-27.231956,-25.7603,-17.754349,-13.810299
CTGTTACTGGGTCTGTCCGA,20,8113,1,2.2,,,,,,,,,,-83.92694532,-27.483177,-25.76213,-21.759789,-19.393993
CTGTTACCGGTTTGGGCCGA,20,8113,1,2.2,,,,,,,,,,-87.79699139,-27.40541,-26.580498,-20.447968,-18.47676
CTGCTACCGGTTCGGTCCGA,20,3487,3,6.59,,,,,,,,,,-95.45888589,-27.845139,-26.868309,-17.684647,-13.629414
CTGTTACCGGGCATGTTCGA,20,8113,1,2.2,,,,,,,,,,-87.6288857,-28.002747,-27.776299,-19.47445,-18.94022
CTGTTACCGGGCATTTCCGA,20,8113,1,2.2,,,,,,,,,,-92.60973785,-27.771988,-27.180801,-19.453377,-16.789642
CTGTTATCGCGTAGTTCCGA,20,8113,1,2.2,,,,,,,,,,-81.46018284,-27.631195,-26.155823,-22.041985,-22.782055
CTGTTTCCGGGAATGTCCGA,20,4644,2,4.39,,,,,,,,,,-88.63607495,-27.807945,-26.667206,-20.473335,-16.387482
CTGTTACCGGTAAGGTCCGA,20,300,76,166.85,,,,,,,,,,-98.28589029,-27.518303,-26.750183,-17.892029,-13.516811
CTGTTACGAGGTTGGTCCGA,20,8113,1,2.2,,,,,,,,,,-76.65641834,-27.391281,-25.599693,-22.765205,-22.120235
CTGTTACCGAATAAGTCCGA,20,8113,1,2.2,,,,,,,,,,-92.25246787,-26.941002,-26.299126,-18.908958,-17.243748
CTGTTACCAGTTAGTTCCGA,20,3487,3,6.59,,,,,,,,,,-85.10167004,-27.399734,-25.17965,-21.415634,-19.87178
CTGTTACCGTCCAGGACCGA,20,8113,1,2.2,,,,,,,,,,-82.47976788,-27.408852,-27.26735,-20.52433,-18.842442
CTGCTACCGGGAATCTCCGA,20,8113,1,2.2,,,,,,,,,,-102.4752315,-27.504562,-27.772514,-15.473846,-11.915905
CTGTTACCGGGCAGGTCGGA,20,2923,4,8.78,,,,,,,,,,-92.46871223,-28.271324,-28.927269,-20.40731,-19.035976
CTGATACCGTGTAGATCCGA,20,2923,4,8.78,,,,,,,,,,-87.96596687,-26.716026,-25.10138,-18.135979,-15.948166
CTGATACTGGGAAAGTCCGA,20,8113,1,2.2,,,,,,,,,,-95.33955704,-26.545143,-26.202133,-19.01529,-15.957874
CTGTTACCGTGTAGGGGCGA,20,8113,1,2.2,,,,,,,,,,-80.32064254,-27.503998,-27.87175,-22.03225,-21.260712
CTGTTACCGCATAGGTGCGA,20,3487,3,6.59,,,,,,,,,,-93.40642929,-27.207016,-27.085648,-18.762619,-14.973652
CTGATACCGGGAAACTCCGA,20,3487,3,6.59,,,,,,,,,,-100.2376612,-26.774872,-27.515167,-16.59008,-11.731918
CTGGTACTGGGTAGCTCCGA,20,8113,1,2.2,,,,,,,,,,-84.57704822,-27.19545,-26.254478,-21.253662,-19.357159
CTGTTACCGGAGACGTCCGA,20,1800,8,17.56,,,,,,,,,,-95.39081776,-27.419083,-27.842255,-18.161766,-14.329235
CTGCTACCGGGTAGGTCGGA,20,2923,4,8.78,,,,,,,,,,-99.68737151,-28.024445,-28.05526,-15.926285,-15.492794
CTGTTTCCGGGCAAGCCCGA,20,4644,2,4.39,,,,,,,,,,-89.6457143,-27.718185,-27.868263,-21.473969,-19.106388
CTGTAACCGCGTAGCTCCGA,20,8113,1,2.2,,,,,,,,,,-80.68581366,-27.65757,-28.298752,-22.817032,-22.814194
CTGTTACCAGGTCTGTCCGA,20,8113,1,2.2,,,,,,,,,,-83.75765791,-27.587349,-26.156929,-21.926102,-19.320824
CTGCTGCTGGGTAGGTCCGA,20,8113,1,2.2,,,,,,,,,,-86.53490274,-27.701996,-27.223656,-22.582397,-20.655258
CTGTTGCCGGTTATGTCCGA,20,8113,1,2.2,,,,,,,,,,-84.22702493,-27.941994,-25.78077,-21.646858,-18.516476
CTGTTACCAGGTAAGCCCGA,20,8113,1,2.2,,,,,,,,,,-92.21008043,-26.697128,-26.709595,-21.016884,-18.7986
CTGTTACCGATTAGGTCCGA,20,2923,4,8.78,,,,,,,,,,-86.18393887,-27.522919,-26.28215,-20.612877,-19.01791
CTGTTACCGGGTACTTCGGA,20,8113,1,2.2,,,,,,,,,,-90.16981112,-28.108444,-28.098076,-20.52591,-19.353897
CTGTTACCGGGACTTTCCGA,20,8113,1,2.2,,,,,,,,,,-92.22940548,-27.90538,-27.60025,-20.130066,-16.684917
CTGCTACCGGGCAACCCCGA,20,8113,1,2.2,,,,,,,,,,-102.8509702,-26.980759,-28.5522,-16.551468,-13.288635
CTGACACGGGATAGGTCCGA,20,4644,2,4.39,,,,,,,,,,-80.01639604,-27.012703,-25.495132,-22.953316,-20.276085
CTGATACCGGCAAGGCCCGA,20,4644,2,4.39,,,,,,,,,,-97.68238892,-26.700966,-27.733673,-17.516731,-13.1547165
CTGCTACCGGGCTGGACCGA,20,4644,2,4.39,,,,,,,,,,-96.5632799,-27.355675,-28.11628,-17.63655,-13.118153
CTGTTGCCAGGCAGGTCCGA,20,8113,1,2.2,,,,,,,,,,-75.78039067,-28.084457,-28.206734,-24.997559,-23.809189
CTGTTACCGGTCCGGTCCGA,20,3487,3,6.59,,,,,,,,,,-88.9062504,-28.159355,-27.480682,-20.329788,-15.867477
CTGTCACCGGGTAGGACCGA,20,751,22,48.3,,,,,,,,,,-87.01227629,-27.35659,-27.92006,-24.12783,-19.256332
CTGTTACCGGGGAGAGCCGA,20,8113,1,2.2,,,,,,,,,,-95.29049328,-27.228065,-28.115555,-18.45346,-16.688358
CTGTTACCAGGTATGTGCGA,20,4644,2,4.39,,,,,,,,,,-84.76905125,-26.905312,-25.609222,-20.596924,-20.824772
CTGATACGGGGAGGGTCCGA,20,8113,1,2.2,,,,,,,,,,-89.92934652,-27.51751,-27.611992,-21.428802,-17.502674
CTGTTACTGGTTAGTTCCGA,20,8113,1,2.2,,,,,,,,,,-85.41679306,-27.26976,-24.804176,-21.819405,-18.569675
CTGCTACCGGGTATTTCCGA,20,1514,10,21.95,,,,,,,,,,-99.01855604,-27.479286,-26.217705,-16.44448,-13.479443
CTGTTACCGGCTCGGTGCGA,20,4644,2,4.39,,,,,,,,,,-89.50060528,-27.921196,-28.144478,-19.66645,-18.197445
CTGTAACCGGGGAGGTCCGA,20,1133,14,30.73,,,,,,,,,,-89.33196497,-27.688118,-28.6969,-23.112427,-19.22852
CTGATACCAGGGACGTCCGA,20,8113,1,2.2,,,,,,,,,,-88.19431743,-27.127686,-27.749405,-21.563309,-18.731659
CTGTTACCGGCATGGGCCGA,20,8113,1,2.2,,,,,,,,,,-94.66175619,-27.185524,-27.332771,-18.68589,-13.8256035
CTGCTACCGGATCAGTCCGA,20,8113,1,2.2,,,,,,,,,,-101.7642283,-27.19593,-26.82315,-15.184242,-11.25518
CTGTTATTGGGTAACTCCGA,20,8113,1,2.2,,,,,,,,,,-82.36608858,-27.458168,-26.42527,-24.28775,-22.490013
CTGTTTCCGGGGACCCCCGA,20,8113,1,2.2,,,,,,,,,,-83.17497796,-28.288826,-28.7939,-24.166245,-21.74268
CTGTTATCGCGCAGGTCCGA,20,8113,1,2.2,,,,,,,,,,-82.94050495,-27.793953,-28.058075,-23.250603,-22.835129
CTGTTACTGGGTATCTCCGA,20,4644,2,4.39,,,,,,,,,,-85.75306707,-27.316002,-25.99379,-21.912651,-19.884174
CTGCTACCGGTTAGCTCCGA,20,2500,5,10.98,,,,,,,,,,-96.88552688,-27.60225,-27.017776,-16.728264,-13.515736
CTGTCACCGGGTACGACCGA,20,8113,1,2.2,,,,,,,,,,-86.2540943,-27.178848,-27.885048,-23.752586,-19.177578
CTGTCACCCGGAAGGTCCGA,20,4644,2,4.39,,,,,,,,,,-85.75261258,-28.105377,-28.779686,-24.525017,-23.25576
CTGTTGCCGAGTAGGTCCGA,20,2500,5,10.98,,,,,,,,,,-76.99609304,-28.124924,-27.200226,-22.53415,-21.310997
CTGTTACCGGATCAGTTCGA,20,8113,1,2.2,,,,,,,,,,-89.57899554,-27.843185,-27.519478,-19.963066,-18.789688
CTGTTACCGGGGACAGCCGA,20,8113,1,2.2,,,,,,,,,,-95.39163882,-27.032425,-27.758461,-17.87191,-16.431992
CTGCTACTGGTTAGGTCCGA,20,8113,1,2.2,,,,,,,,,,-93.76264058,-27.281326,-26.062202,-20.39392,-17.985939
CTGATACCAGGGAGGTCCGA,20,8113,1,2.2,,,,,,,,,,-88.73305768,-27.190971,-27.420296,-21.202042,-18.169178
CTGTAACCGGGGACGTCCGA,20,4644,2,4.39,,,,,,,,,,-89.12419129,-27.680908,-29.150146,-23.558601,-19.960659
CTGTTACCGGGTATTTTCGA,20,8113,1,2.2,,,,,,,,,,-85.76793258,-28.268814,-27.838821,-22.143822,-21.823357
CTGTTACCGGGAAAAGCCGA,20,8113,1,2.2,,,,,,,,,,-100.7231989,-26.567764,-27.06446,-15.859901,-14.190853
CTGTTTCCCGGTTCGTCCGA,20,8113,1,2.2,,,,,,,,,,-75.44073368,-28.698303,-27.024414,-23.02427,-23.188751
CTGTAACCGGGAAAGTCCGA,20,8113,1,2.2,,,,,,,,,,-95.57663961,-27.139359,-28.045319,-21.454681,-17.825878
CTGTTACCGGGATTGGCCGA,20,8113,1,2.2,,,,,,,,,,-92.31402931,-27.104134,-26.12014,-18.008095,-15.703983
CTGTTACTCGGTCCGGCCGA,20,8113,1,2.2,,,,,,,,,,-73.57179623,-27.669289,-27.459282,-23.541412,-25.48245
CTGCTACCGGGACTGTCCGA,20,8113,1,2.2,,,,,,,,,,-100.7886871,-27.473763,-27.293114,-15.8914795,-11.358299
CTGCTACCGGGTACGTCGGA,20,8113,1,2.2,,,,,,,,,,-99.10748489,-27.836685,-28.15847,-15.895645,-15.377056
CTGTTACCGGTAGGATCCGA,20,8113,1,2.2,,,,,,,,,,-97.39823824,-27.348045,-26.407364,-17.893799,-14.033146
CTGCTACCGGCTAGGTTCGA,20,8113,1,2.2,,,,,,,,,,-95.492959,-28.214973,-28.000969,-17.03518,-16.284805
CTGTTATCGGGTATGCGCGA,20,8113,1,2.2,,,,,,,,,,-82.56362025,-27.090988,-26.55648,-21.7846,-21.996586
CTGGTACCGGGCAGTTCCGA,20,4644,2,4.39,,,,,,,,,,-91.98163303,-27.660538,-27.296112,-19.631851,-17.210686
CTGGTACCGGGCAGGTTCGA,20,8113,1,2.2,,,,,,,,,,-88.25797676,-28.146675,-28.31575,-22.138939,-22.345905
CTGTTACCGATTACGTCCGA,20,4644,2,4.39,,,,,,,,,,-85.45752102,-27.25148,-26.230492,-20.812363,-19.184032
CTGTTACCGGGTAGTTCGGA,20,2216,6,13.17,,,,,,,,,,-91.02759451,-28.117111,-27.473831,-19.85707,-18.328587
CTGTTACTCGGTTGTTCCGA,20,8113,1,2.2,,,,,,,,,,-77.06342913,-27.193794,-24.65831,-21.236267,-22.697056
CTGCTACCGGGGACGCCCGA,20,8113,1,2.2,,,,,,,,,,-102.560938,-27.291885,-29.011314,-16.548424,-12.961967
CTGTTACCAGTCAGGTCCGA,20,8113,1,2.2,,,,,,,,,,-84.67993786,-27.508598,-26.814415,-21.5317,-19.730537
CTGGTACCGGGTGGATCCGA,20,8113,1,2.2,,,,,,,,,,-94.09058913,-27.215088,-26.27639,-17.944519,-15.023392
CTGTTGCCGGGCCGGTCCGA,20,4644,2,4.39,,,,,,,,,,-80.5696445,-28.939713,-29.235016,-24.256248,-20.554482
CTGCTTCTGGGTATGTCCGA,20,8113,1,2.2,,,,,,,,,,-84.62810593,-27.65194,-26.119186,-22.376999,-21.014015
CTGCTACCCGGCAGGGCCGA,20,8113,1,2.2,,,,,,,,,,-90.92174274,-27.708923,-29.638779,-19.030708,-19.672283
CTGTTACCGGGTTAATCCGA,20,1205,13,28.54,,,,,,,,,,-98.47764076,-27.165466,-25.81469,-17.101723,-13.076668
CTGTTTCCGGCTGGGTCCGA,20,4644,2,4.39,,,,,,,,,,-82.03222192,-28.54869,-27.85479,-22.371086,-19.097
CTGCTACCGGTCAGATCCGA,20,2500,5,10.98,,,,,,,,,,-101.434906,-27.21846,-26.6708,-15.081329,-11.603493
CTGTTACCGGATAAATCCGA,20,1800,8,17.56,,,,,,,,,,-101.706917,-26.620857,-25.71537,-16.402924,-12.40398
CTGTTACCGGTTGCGTCCGA,20,3487,3,6.59,,,,,,,,,,-91.68181595,-27.611198,-26.393661,-19.537605,-14.699951
CTGTTACCGGGTAAACTCGA,20,8113,1,2.2,,,,,,,,,,-93.77227471,-27.323364,-28.012367,-19.671875,-17.816265
CTGCTACCGGCTAGATGCGA,20,3487,3,6.59,,,,,,,,,,-101.3819826,-27.11605,-27.340279,-14.450195,-14.876659
CTGATACCGGCTAGACCCGA,20,8113,1,2.2,,,,,,,,,,-96.02564124,-26.660576,-27.10096,-17.817726,-13.703548
CTGATACCGGAAAAACCCGA,20,8113,1,2.2,,,,,,,,,,-99.83533451,-25.512886,-26.44831,-16.499031,-12.445934
CTGTAACCGGCTTGGTCCGA,20,8113,1,2.2,,,,,,,,,,-84.99298407,-27.65068,-26.5224,-20.876541,-17.842896
CTGTTACCCGGCAAGTCGGA,20,4644,2,4.39,,,,,,,,,,-96.81375451,-28.116722,-29.362343,-19.535957,-16.895
CTGCTACCGGCTGGCTCCGA,20,4644,2,4.39,,,,,,,,,,-94.60466039,-27.92453,-28.175575,-15.966347,-13.017239
CTGTTACCTGGTAGAGCCGA,20,8113,1,2.2,,,,,,,,,,-84.48119996,-26.873528,-26.237534,-20.534119,-20.463215
CTGCTACCGGCTCGATCCGA,20,3487,3,6.59,,,,,,,,,,-98.8565982,-27.663712,-27.512718,-15.487358,-11.660374
CTGATACCGGGTACCACCGA,20,8113,1,2.2,,,,,,,,,,-92.29533241,-26.421326,-26.619896,-18.334465,-14.227306
CTGATACCGGGTTAGCCCGA,20,8113,1,2.2,,,,,,,,,,-97.75244616,-26.669281,-26.21296,-17.677284,-12.925896
CTGTTATCGTGTAGCTCCGA,20,8113,1,2.2,,,,,,,,,,-77.18391702,-27.56948,-26.242508,-23.751884,-23.263996
CTGATACTGGGTAGGACCGA,20,8113,1,2.2,,,,,,,,,,-87.76232017,-26.430664,-26.242653,-21.77195,-18.614845
CTGTTACCGGCGTTGTCCGA,20,4644,2,4.39,,,,,,,,,,-93.31503151,-27.632057,-26.310852,-18.28836,-14.02182
CTGCTACCGGACAGGACCGA,20,8113,1,2.2,,,,,,,,,,-98.30275434,-26.707214,-28.117828,-16.722427,-12.620609
CTGTTACCTGGGATGTCCGA,20,8113,1,2.2,,,,,,,,,,-86.06296028,-27.229095,-26.256302,-20.473137,-18.228111
CTGTTACCGGGAATATCCGA,20,1800,8,17.56,,,,,,,,,,-99.31569529,-26.98211,-26.360321,-16.614975,-13.050652
CTGTTACCGGCTTCAGCCGA,20,8113,1,2.2,,,,,,,,,,-93.14692738,-27.393234,-27.03537,-18.303246,-15.219368
CTGATACCGGTTAGCGCCGA,20,4644,2,4.39,,,,,,,,,,-87.90899851,-26.82927,-26.873955,-20.15371,-17.372082
CTGTTACCGGTTAAGACCGA,20,2923,4,8.78,,,,,,,,,,-97.63213694,-26.922852,-26.593872,-17.871101,-13.700508
CTGTCACCGGGTAACTTCGA,20,4644,2,4.39,,,,,,,,,,-81.8183656,-28.210007,-29.089142,-25.448502,-23.702766
CTGTAACCGGGTAAATCCGA,20,8113,1,2.2,,,,,,,,,,-93.31221261,-26.829124,-27.013565,-21.472763,-17.882118
CTGTTACGGGATAGCTCCGA,20,8113,1,2.2,,,,,,,,,,-84.09827656,-27.42089,-26.892845,-20.655983,-18.357048
CTGTTTCCGGGTGTGTCCGA,20,4644,2,4.39,,,,,,,,,,-82.44836382,-28.105934,-26.370758,-22.067589,-17.921917
CTGTTACTGGTTCGATCCGA,20,8113,1,2.2,,,,,,,,,,-85.25373837,-27.102592,-24.778587,-21.334305,-19.480324
CTGTCACCGCGTAGGTGCGA,20,4644,2,4.39,,,,,,,,,,-84.70122071,-27.747559,-28.284843,-23.206215,-18.931965
CTGTTACCGGCAACATCCGA,20,2216,6,13.17,,,,,,,,,,-101.009697,-26.801643,-27.095573,-16.005707,-12.698948
CTGTAACCGGGTTTGTCCGA,20,8113,1,2.2,,,,,,,,,,-83.63640487,-27.465073,-26.073547,-22.691383,-18.836525
CTGACACCGGCTAGCTCCGA,20,8113,1,2.2,,,,,,,,,,-85.81276415,-27.687569,-27.86277,-22.115776,-17.819893
CTGTTACCTGATAGGTCCGA,20,2500,5,10.98,,,,,,,,,,-85.3809507,-27.175339,-25.827873,-20.794052,-19.39154
CTGGTACCGGGAGGGTCCGA,20,8113,1,2.2,,,,,,,,,,-96.21452683,-27.709816,-28.150902,-20.446526,-16.831207
CTGATACCGGGTCAATCCGA,20,8113,1,2.2,,,,,,,,,,-98.21150744,-26.86663,-26.110062,-16.585945,-11.9850235
CTGTTACCTGGTAGTCCCGA,20,8113,1,2.2,,,,,,,,,,-83.4541545,-27.104958,-25.795837,-20.98249,-19.725994
CTGTTACCGGGTCGGCCGGA,20,8113,1,2.2,,,,,,,,,,-88.22776332,-27.975044,-28.604713,-21.311424,-19.234577
CTGGTATCGGGCAGGTCCGA,20,8113,1,2.2,,,,,,,,,,-88.17235867,-27.663681,-27.924103,-23.479347,-21.328316
CTGCTACCGGAAATGTCCGA,20,8113,1,2.2,,,,,,,,,,-103.0725652,-26.694237,-25.972946,-13.499229,-10.039906
CTGTAACCGGTCAGGTCCGA,20,4644,2,4.39,,,,,,,,,,-86.2675082,-27.722626,-27.66816,-22.97387,-19.821522
CTGTTACCGTGTGCGTCCGA,20,8113,1,2.2,,,,,,,,,,-83.90886504,-27.598457,-26.534409,-20.940231,-18.713146
CTGTTATCGGGTAGGTCGGA,20,2923,4,8.78,,,,,,,,,,-86.38461998,-28.223541,-27.94217,-23.471863,-22.38567
CTGTTTCCGGGTGGGGCGGA,20,8113,1,2.2,,,,,,,,,,-74.58975712,-28.38668,-29.14061,-24.453476,-24.88551
CTGCTACCGGGAATTCCCGA,20,8113,1,2.2,,,,,,,,,,-102.0699304,-26.944054,-26.747086,-15.141411,-11.988083
CTGTTACCGGGCAGAACCGA,20,1800,8,17.56,,,,,,,,,,-95.92759218,-26.81186,-27.638123,-18.796906,-14.804264
CTGTTACTGCGTAGGTGCGA,20,8113,1,2.2,,,,,,,,,,-84.12418501,-26.962265,-26.75592,-22.266144,-19.140251
CTGCTACCGGGGTGGGCCGA,20,8113,1,2.2,,,,,,,,,,-96.03362104,-27.448738,-27.987999,-17.667488,-15.0081215
CTGTTACCGGGCAACTGCGA,20,8113,1,2.2,,,,,,,,,,-93.10824236,-27.367676,-28.489098,-19.046448,-18.451023
CTGGTACCGGATAGCTCCGA,20,3487,3,6.59,,,,,,,,,,-91.30388314,-27.210945,-26.544586,-18.492157,-16.282803
CTGTTACCGCGTAGCTGCGA,20,8113,1,2.2,,,,,,,,,,-91.30715648,-27.4664,-27.812271,-18.790497,-15.36356
CTGCTACCGGGTGCGACCGA,20,4644,2,4.39,,,,,,,,,,-97.4103842,-27.054977,-27.8096,-16.102943,-12.167492
CTGAAACCCGGTGGGTCCGA,20,8113,1,2.2,,,,,,,,,,-80.76285101,-27.590164,-27.899559,-23.514038,-23.52663
CTGTTATCGGGTATTTCCGA,20,8113,1,2.2,,,,,,,,,,-86.18213063,-27.682945,-25.905296,-22.457397,-20.481216
CTGTTTCCGCGAAGGTCCGA,20,8113,1,2.2,,,,,,,,,,-83.59657755,-28.309517,-28.224045,-21.882652,-21.45132
CTGTTATTGGTTACGTCCGA,20,8113,1,2.2,,,,,,,,,,-77.95210059,-27.549088,-25.84452,-24.553162,-22.249474
CTGTTTCCACGTAGTTCCGA,20,4644,2,4.39,,,,,,,,,,-68.19785895,-27.95758,-26.073517,-23.953339,-25.227015
CTGGTACTGGGGATGTCCGA,20,4644,2,4.39,,,,,,,,,,-86.29998548,-27.052452,-26.207176,-21.828835,-20.825115
CTGTTACCGGATCTGTCCGA,20,2500,5,10.98,,,,,,,,,,-91.65874335,-27.47638,-25.892647,-18.60791,-14.429794
CTGTTACCGGCAAGGCCCGA,20,4644,2,4.39,,,,,,,,,,-97.85618756,-27.147415,-28.15416,-17.997711,-14.899284
CTGTTACCGGGGAGGTGCGA,20,2500,5,10.98,,,,,,,,,,-92.94591353,-27.559021,-28.439178,-19.239655,-17.888527
CTGACACCGGGTAGGACCGA,20,8113,1,2.2,,,,,,,,,,-88.44159308,-26.935608,-27.47419,-23.94503,-18.596325
CTGCTACCTGGTAGATCCGA,20,8113,1,2.2,,,,,,,,,,-93.43551617,-26.91922,-25.773445,-16.816483,-15.622505
CTGTAACCGGCTCGGTCCGA,20,8113,1,2.2,,,,,,,,,,-84.35356541,-28.1008,-28.503815,-23.593056,-19.599262
CTGTTACCGGGCGAATCCGA,20,8113,1,2.2,,,,,,,,,,-98.00478429,-27.377365,-27.76693,-18.200203,-13.683586
CTGACACCGGGTACGACCGA,20,8113,1,2.2,,,,,,,,,,-87.08346182,-26.739807,-27.571922,-23.396149,-18.464638
CTGTTACCAGGGAGGTCCGA,20,2216,6,13.17,,,,,,,,,,-87.79117774,-27.60196,-27.877502,-21.748108,-19.422623
CTGATATCGGGTAAGTCCGA,20,4644,2,4.39,,,,,,,,,,-94.58838508,-27.132576,-26.43164,-20.077011,-15.520454
CTGTTACGGAGTAGATCCGA,20,4644,2,4.39,,,,,,,,,,-81.18467645,-27.138466,-26.182549,-20.668854,-19.630257
CTGTCACCGGGTGGGTCGGA,20,8113,1,2.2,,,,,,,,,,-82.66667149,-28.49385,-28.533844,-24.10765,-21.99487
CTGTTACCGGGAAAGTGCGA,20,3487,3,6.59,,,,,,,,,,-98.87918525,-27.096436,-27.69986,-16.640198,-15.288887
CTGCTACCGCGCAGGTCCGA,20,4644,2,4.39,,,,,,,,,,-96.32680447,-27.804703,-28.964058,-16.74482,-15.585533
CTGTTACCGGAAAGGTCGGA,20,8113,1,2.2,,,,,,,,,,-94.98129345,-27.727142,-27.96331,-19.241425,-17.893284
CTGTTACCAGGTAGGCCGGA,20,8113,1,2.2,,,,,,,,,,-87.28806545,-27.331703,-27.702415,-22.992546,-20.51902
CTGTTATTGGTTAGGTCCGA,20,3487,3,6.59,,,,,,,,,,-79.16217476,-27.790352,-26.343452,-25.621635,-23.380753
CTGCTATCGGGTATGTCCGA,20,2923,4,8.78,,,,,,,,,,-96.07132001,-27.28598,-25.932007,-18.838028,-16.227737
CTGATACCGGCTACGTCCGA,20,431,43,94.4,,,,,,,,,,-94.93100012,-27.231789,-26.990318,-16.931564,-11.631279
CTGTTACCGGGGCCGTCCGA,20,1514,10,21.95,,,,,,,,,,-92.89299198,-28.294716,-29.063988,-20.628235,-15.600922
CTGTTACGGGGGAGGACCGA,20,8113,1,2.2,,,,,,,,,,-87.24165283,-27.433716,-28.64206,-22.858978,-20.761868
CTGCTACCGGGGCGTTCCGA,20,4644,2,4.39,,,,,,,,,,-96.66830723,-28.039307,-28.45987,-17.173409,-13.594101
CTGTAACCGGATAAGTTCGA,20,8113,1,2.2,,,,,,,,,,-84.11970481,-27.565086,-27.395401,-22.72551,-21.3703
CTGTTACCGTGTGGGTCCGA,20,4644,2,4.39,,,,,,,,,,-84.03916294,-27.661034,-26.48452,-20.758324,-18.709503
CTGATTCCGGTTAGGTCCGA,20,2923,4,8.78,,,,,,,,,,-84.63264345,-27.895523,-26.526169,-22.476372,-18.814503
CTGTTACGCGGTAAGTCCGA,20,8113,1,2.2,,,,,,,,,,-86.06511662,-27.321602,-27.289581,-19.978096,-20.094444
CTGATACCGGAGAGGTCCGA,20,3487,3,6.59,,,,,,,,,,-95.68576738,-27.096924,-27.002434,-17.461502,-12.579239
CTGTTACCGGGAATGCCCGA,20,2500,5,10.98,,,,,,,,,,-98.1447568,-26.630981,-26.580093,-16.560295,-12.924664
CTGATACCGGGTTAATCCGA,20,8113,1,2.2,,,,,,,,,,-98.40179672,-26.765327,-25.521286,-16.88601,-12.230785
CTGTTATCGGCTAGTTCCGA,20,8113,1,2.2,,,,,,,,,,-87.51471261,-27.798271,-26.349876,-21.796272,-19.56448
CTGTTACCGGGCACAACCGA,20,8113,1,2.2,,,,,,,,,,-95.43152371,-26.666824,-27.50129,-18.42376,-14.719696
CTGTTACCGCGAAAGACCGA,20,8113,1,2.2,,,,,,,,,,-95.42334669,-26.819405,-28.003754,-16.94944,-16.740528
CTGCTACCGGATATATCCGA,20,8113,1,2.2,,,,,,,,,,-101.8981797,-26.615685,-25.46531,-14.961174,-12.0555
CTGTTACCTGGTCGGTCCGA,20,3487,3,6.59,,,,,,,,,,-82.62968266,-27.753815,-26.700722,-21.63411,-19.206676
CTGATACCGGATAAATCCGA,20,8113,1,2.2,,,,,,,,,,-100.4755973,-26.173332,-25.347923,-16.070038,-11.436623
CTGTTTCCGTGTACGTCCGA,20,8113,1,2.2,,,,,,,,,,-76.00503795,-28.025642,-26.554665,-23.446693,-21.676601
CTGATACCGGTTGCGTCCGA,20,4644,2,4.39,,,,,,,,,,-90.86860717,-27.188202,-25.985832,-18.468567,-13.330914
CTGTTACCGGCTACTGCCGA,20,8113,1,2.2,,,,,,,,,,-92.55818969,-27.11052,-26.736336,-18.187874,-14.481331
CTGTAACCGGGTAGATCGGA,20,8113,1,2.2,,,,,,,,,,-85.95389288,-27.673271,-28.109436,-22.448952,-20.865814
CTGCTACCGAGTAGGACCGA,20,4644,2,4.39,,,,,,,,,,-92.47257484,-26.888077,-27.49649,-18.083748,-16.681828
CTGGTACCGGGCAGGGCCGA,20,8113,1,2.2,,,,,,,,,,-90.29535697,-27.411728,-28.704369,-22.281433,-21.029488
CTGTTACCGGTTAGGACGGA,20,8113,1,2.2,,,,,,,,,,-89.36874491,-27.628319,-27.925804,-20.81202,-19.425026
CTGTTACCGGGTAGGGCGGA,20,1800,8,17.56,,,,,,,,,,-89.3929822,-27.661186,-28.4758,-20.45327,-20.059841
CTGCTACCGGCTAGGGCCGA,20,570,29,63.67,,,,,,,,,,-98.30465753,-27.486076,-28.428452,-16.677422,-12.107353
CTGTTACCGGTCTGGTCCGA,20,1999,7,15.37,,,,,,,,,,-90.74971674,-27.842339,-26.286522,-18.899841,-14.866844
CTGCTACCGGTAGGTCCCGA,20,8113,1,2.2,,,,,,,,,,-95.89306341,-27.409653,-27.001503,-17.243515,-14.272808
CTGATATCGGATTAGTCCGA,20,8113,1,2.2,,,,,,,,,,-89.83527709,-27.027908,-25.599342,-21.054153,-16.992363
CTGTCACCGCATAGGTCCGA,20,8113,1,2.2,,,,,,,,,,-82.80162547,-27.654709,-27.219658,-23.260185,-21.220081
CTGCTACCGGGCCGGACCGA,20,3487,3,6.59,,,,,,,,,,-94.44182763,-27.695564,-29.547523,-19.185501,-14.4638405
CTGTTACCGGCTAGACCCGA,20,618,27,59.27,,,,,,,,,,-95.93118108,-27.075348,-27.381783,-17.896652,-15.112358
CTGTTATCAGGTATATCCGA,20,8113,1,2.2,,,,,,,,,,-82.09387561,-26.98439,-25.262688,-23.258926,-22.746773
CTGTTACCAGGTAAATCCGA,20,4644,2,4.39,,,,,,,,,,-94.23940268,-26.715973,-25.859009,-19.407356,-17.65931
CTGCTACCGGATTAGTCCGA,20,4644,2,4.39,,,,,,,,,,-101.8574225,-27.180145,-26.15052,-15.490898,-11.561302
CTGTCACCGGGTATCTCCGA,20,8113,1,2.2,,,,,,,,,,-85.38940697,-28.009232,-27.5736,-24.169525,-20.032219
CTGTTACTGGGTACGACCGA,20,2216,6,13.17,,,,,,,,,,-86.134505,-26.614632,-26.049904,-20.575531,-18.705353
CTGCTACCGGCATGGTCCGA,20,4644,2,4.39,,,,,,,,,,-101.8885515,-27.283195,-26.480179,-14.010826,-10.093109
CTGTTACGGGGTGGATCCGA,20,8113,1,2.2,,,,,,,,,,-87.38534058,-27.41233,-26.412422,-20.04496,-17.638142
CTGTTACCTGGTAGGTGCGA,20,4644,2,4.39,,,,,,,,,,-83.91804974,-27.17736,-26.589844,-20.94999,-21.90364
CTGTTACCGGGTATTGCCGA,20,4644,2,4.39,,,,,,,,,,-92.02089793,-26.895607,-25.39257,-17.835472,-16.383415
CTGCTACCTGGAAGGTCCGA,20,8113,1,2.2,,,,,,,,,,-95.21544242,-27.295189,-27.147491,-18.058235,-16.715359
CTGTTACCGGGTACCACCGA,20,2500,5,10.98,,,,,,,,,,-93.11322262,-26.855522,-26.818352,-18.5363,-15.28281
CTGTTACCCGGAAGCTCCGA,20,8113,1,2.2,,,,,,,,,,-92.37577567,-27.778008,-28.618027,-19.233833,-19.471642
CTGTTGCCGGGTAGGACGGA,20,8113,1,2.2,,,,,,,,,,-81.6357566,-28.131813,-28.634262,-23.129738,-21.970905
CTGTTACCAGCTTGGTCCGA,20,8113,1,2.2,,,,,,,,,,-83.55255753,-27.36419,-25.70861,-20.290764,-18.304577
CTGTCACCGGTTAGTTCCGA,20,8113,1,2.2,,,,,,,,,,-84.59413409,-27.935242,-26.095398,-22.992554,-19.445465
CTGTTACCGGGTTAGCCCGA,20,1999,7,15.37,,,,,,,,,,-97.18072048,-27.066574,-26.485634,-17.900276,-13.910706
CTGTTACTGGGTAGGACCGA,20,1133,14,30.73,,,,,,,,,,-87.02732841,-26.808174,-26.484688,-21.93351,-19.43893
CTGCTACCGGTTATGACCGA,20,8113,1,2.2,,,,,,,,,,-97.56331666,-26.765038,-25.970016,-16.135834,-12.7272415
CTGTTACCGGGGAGATTCGA,20,2923,4,8.78,,,,,,,,,,-91.17503929,-28.10141,-29.115128,-20.174606,-19.134953
CTGCTACCGGGTATGGCCGA,20,1133,14,30.73,,,,,,,,,,-98.2658309,-26.882576,-26.249321,-14.225632,-12.629456
CTGTTACGGAGAAGGTCCGA,20,8113,1,2.2,,,,,,,,,,-82.44235585,-27.448769,-27.318184,-21.807152,-20.432621
CTGTTACCGGTTAGCGCCGA,20,4644,2,4.39,,,,,,,,,,-88.50444397,-27.25808,-27.218315,-20.431404,-18.657078
CTGTTACCTGCTAAGCCCGA,20,8113,1,2.2,,,,,,,,,,-87.49418875,-26.657608,-26.49685,-19.818893,-19.230236
CTGTTACCGGCATGTTCCGA,20,8113,1,2.2,,,,,,,,,,-94.63684596,-27.263725,-25.719841,-16.923546,-14.050686
CTGATACCGGTTAAGACCGA,20,8113,1,2.2,,,,,,,,,,-96.69821053,-26.507484,-26.398804,-17.880142,-12.898388
CTGTTACCGGGTAAATGCGA,20,4644,2,4.39,,,,,,,,,,-98.06018943,-26.872215,-26.702232,-16.627022,-15.841679
CTGCTACCGTGTAGCTCCGA,20,8113,1,2.2,,,,,,,,,,-90.99822041,-27.409912,-26.718834,-17.808098,-16.62553
CTGTTACCAGGAAGACCGGA,20,8113,1,2.2,,,,,,,,,,-90.58928544,-27.005577,-28.117088,-22.761436,-19.557972
CTGTTACCGTTTATGTCCGA,20,8113,1,2.2,,,,,,,,,,-83.77057823,-27.381325,-25.382576,-21.49424,-19.451313
CTGTTACCGGCTACACCCGA,20,4644,2,4.39,,,,,,,,,,-95.0095802,-26.80632,-27.249138,-18.095352,-15.6399765
CTGTTACCGGTAGGGCCCGA,20,8113,1,2.2,,,,,,,,,,-92.43139379,-27.453606,-27.99253,-20.51561,-17.501076
CTGGTACCGGGAAGCGCCGA,20,8113,1,2.2,,,,,,,,,,-90.89767119,-27.001205,-28.414345,-21.025352,-19.811375
CTGCTACCGGGAAAATCCGA,20,3487,3,6.59,,,,,,,,,,-109.5178154,-26.570267,-26.981598,-12.393341,-8.968628
CTGTTACCGGCTAGTGCCGA,20,8113,1,2.2,,,,,,,,,,-93.57181414,-27.168182,-26.555809,-18.003319,-14.019428
CTGTTACCGGACGTGTCCGA,20,8113,1,2.2,,,,,,,,,,-92.08898632,-27.502792,-27.083145,-19.448341,-15.060822
CTGTTGCCGGGGGAGCCCGA,20,8113,1,2.2,,,,,,,,,,-88.47086364,-28.026207,-29.282516,-22.479103,-19.586494
CTGCTACCCAGAAGGTCCGA,20,8113,1,2.2,,,,,,,,,,-89.17507144,-27.39988,-27.945091,-17.775383,-19.80539
CTGTTACCGCGGAGGACCGA,20,4644,2,4.39,,,,,,,,,,-89.76283438,-27.43013,-28.985924,-19.94011,-19.160831
CTGTTACGAGGTAGCTCCGA,20,8113,1,2.2,,,,,,,,,,-77.84260129,-27.452278,-27.095802,-23.402962,-22.946804
CTGATACCGGTTGGGTCCGA,20,2500,5,10.98,,,,,,,,,,-92.242498,-27.36737,-25.969078,-18.880661,-14.048771
CTGTTTCCGTGTAGGTCCGA,20,1397,11,24.15,,,,,,,,,,-75.93223118,-28.170853,-26.63536,-23.58876,-22.090393
CTGATACCGGGGTCGTCCGA,20,8113,1,2.2,,,,,,,,,,-94.14119935,-27.668884,-27.271614,-18.31266,-13.308132
CTGCTACCGGCTACGGCCGA,20,8113,1,2.2,,,,,,,,,,-97.56892986,-27.249756,-28.159836,-15.5907135,-11.499382
CTGCTACCGGGATTGTCCGA,20,3487,3,6.59,,,,,,,,,,-101.2344143,-27.320175,-25.818428,-15.1334915,-11.033768
CTGTTACCCGTAAGGTCGGA,20,8113,1,2.2,,,,,,,,,,-94.53151462,-28.224838,-28.350113,-19.672295,-17.09734
CTGTTACCGGGTATACCCGA,20,3487,3,6.59,,,,,,,,,,-96.60115865,-26.596527,-25.82927,-17.752052,-14.078812
CTGTTACCCGGCAGGTCCGA,20,719,23,50.49,,,,,,,,,,-91.09045854,-27.98957,-28.677223,-19.441154,-19.499939
CTGCTTCCGGGTAGGACCGA,20,8113,1,2.2,,,,,,,,,,-89.86014281,-27.716232,-27.947662,-19.668518,-17.754616
CTGTTACCGGGTGACTCCGA,20,1800,8,17.56,,,,,,,,,,-96.26147575,-27.592743,-27.29113,-18.290642,-14.111671
CTGATACCGGGATAGTCCGA,20,8113,1,2.2,,,,,,,,,,-100.1053341,-26.89766,-26.023567,-16.066933,-10.500488
CTGTTTCCGGGTTTGTTCGA,20,8113,1,2.2,,,,,,,,,,-73.28531804,-28.743614,-27.509773,-25.267601,-24.453331
CTGTTACCGTGAACGTCCGA,20,8113,1,2.2,,,,,,,,,,-89.09137167,-27.279526,-26.941086,-19.70581,-17.44722
CTGTTACCGTGTAGTTGCGA,20,8113,1,2.2,,,,,,,,,,-85.4901054,-27.360374,-25.683365,-20.006882,-19.000603
CTGTTTCCGGGGCGATCCGA,20,8113,1,2.2,,,,,,,,,,-84.08512512,-28.320915,-28.18892,-22.513206,-19.551903
CTGCTACCGGGGAAGACCGA,20,2923,4,8.78,,,,,,,,,,-105.0475858,-26.857704,-28.281128,-14.524338,-10.287968
CTGTTACCGGGAAGTACCGA,20,2216,6,13.17,,,,,,,,,,-96.05473072,-26.890816,-27.199608,-17.988068,-14.994411
CTGTTACCCGGTACTTCCGA,20,8113,1,2.2,,,,,,,,,,-88.3091637,-27.790863,-27.032394,-19.480904,-19.97419
CTGTTACCCGGAAGGTGCGA,20,8113,1,2.2,,,,,,,,,,-90.11581727,-27.503616,-28.464836,-19.370094,-21.82528
CTGTTACCGGCTTGCTCCGA,20,1657,9,19.76,,,,,,,,,,-90.06021554,-27.777176,-26.529648,-17.864166,-14.7449
CTGTTACTTGGTAGGTCCGA,20,1657,9,19.76,,,,,,,,,,-79.05409118,-27.227356,-25.878998,-23.314484,-22.689568
CTGTAACCGCGTTGGTCCGA,20,4644,2,4.39,,,,,,,,,,-80.22244619,-27.618446,-26.613785,-21.113174,-20.456875
CTGATACCGGTTACATCCGA,20,8113,1,2.2,,,,,,,,,,-95.73512276,-26.54406,-25.155884,-17.291344,-13.094406
CTGATACCGCGTTGGTGCGA,20,8113,1,2.2,,,,,,,,,,-92.20844054,-27.071518,-26.139832,-17.958107,-13.827686
CTGTTTCCGGGCAGGACCGA,20,8113,1,2.2,,,,,,,,,,-83.33084979,-27.940742,-28.301651,-22.776718,-19.891354
CTGTTACCCGCTAGGTCGGA,20,4644,2,4.39,,,,,,,,,,-93.5322322,-28.487366,-28.785583,-19.325233,-16.78267
CTGTTACTGGCTTGGTCCGA,20,8113,1,2.2,,,,,,,,,,-85.81636896,-27.248642,-25.298035,-20.761986,-18.602966
CTGTTACCTGGTAGCTCCGA,20,4644,2,4.39,,,,,,,,,,-84.66058558,-27.407196,-26.42157,-20.48626,-19.482838
CTGCTACCGGGAACGACCGA,20,2500,5,10.98,,,,,,,,,,-103.2285738,-26.665863,-28.092552,-14.589478,-10.682892
CTGCTACCGGGTAGTAGCGA,20,8113,1,2.2,,,,,,,,,,-96.4019209,-27.215424,-27.411911,-16.436607,-16.538895
CTGAAACCCGGAAGGTCCGA,20,8113,1,2.2,,,,,,,,,,-85.84419269,-27.31112,-28.25634,-22.96637,-23.434399
CTGTTACCGCGATGGCGCGA,20,8113,1,2.2,,,,,,,,,,-90.7491499,-27.216454,-28.15892,-19.80375,-15.605919
CTGATACCGGATAGGACCGA,20,4644,2,4.39,,,,,,,,,,-93.07244338,-26.436447,-26.531952,-18.57093,-13.731163
CTGTAACCCGGTAGGCCCGA,20,8113,1,2.2,,,,,,,,,,-80.92388989,-27.428215,-28.707405,-25.594475,-24.586395
CTGTTACCGGTCATGACCGA,20,8113,1,2.2,,,,,,,,,,-92.13424938,-26.997437,-26.29718,-17.988266,-14.192303
CTGTTACCGGGAGATTCCGA,20,8113,1,2.2,,,,,,,,,,-97.96689694,-27.533676,-27.107521,-18.103157,-14.255604
CTGCTTCCGGCTTGGTCCGA,20,8113,1,2.2,,,,,,,,,,-86.3157916,-28.423096,-26.991776,-19.836891,-18.181957
CTGTTACCGGGCATGGCCGA,20,4644,2,4.39,,,,,,,,,,-92.07264301,-27.197815,-27.11319,-17.415886,-15.776051
CTGTTACCGTCAATGTCCGA,20,8113,1,2.2,,,,,,,,,,-88.97026489,-27.17212,-25.603775,-17.759277,-15.983936
CTGTTTCCCGGTAGCTCCGA,20,8113,1,2.2,,,,,,,,,,-78.94101378,-28.422829,-27.753868,-23.169502,-23.652359
CTGCTACCTAGTACGTCCGA,20,8113,1,2.2,,,,,,,,,,-82.32106075,-27.110367,-26.63076,-20.585373,-21.663063
CTGTTACCGCGAAGATCCGA,20,8113,1,2.2,,,,,,,,,,-94.41705385,-27.248367,-27.335503,-16.789986,-16.129738
CTGTCACCGGATAATTCCGA,20,8113,1,2.2,,,,,,,,,,-89.68539417,-27.262619,-26.246674,-22.820778,-18.782185
CTGCTACCGGTTTCGTCCGA,20,8113,1,2.2,,,,,,,,,,-95.22427163,-27.791649,-26.451912,-17.672302,-14.117783
CTGTTACCGGGTCCGACCGA,20,2923,4,8.78,,,,,,,,,,-90.16153069,-27.53547,-27.555069,-18.822113,-14.778088
CTGTCACCGGGTCTGTCCGA,20,8113,1,2.2,,,,,,,,,,-83.88277739,-28.220116,-27.201614,-24.302536,-18.739456
CTGCTACCGGGTCGTACCGA,20,4644,2,4.39,,,,,,,,,,-94.99560838,-27.236443,-27.245392,-16.95337,-13.214989
CTGTTACCGGTTTGTTCCGA,20,4644,2,4.39,,,,,,,,,,-89.89424846,-27.500946,-24.702225,-19.306114,-16.569992
CTGCTACCGGTTTGGTCCGA,20,2923,4,8.78,,,,,,,,,,-96.26175507,-27.60273,-25.789497,-17.023483,-13.608608
CTGTTACCCGGTATGTCGGA,20,2923,4,8.78,,,,,,,,,,-93.10283058,-27.829704,-27.059433,-19.044548,-16.060192
CTGAAACCGAGGAGATCCGA,20,8113,1,2.2,,,,,,,,,,-82.0254989,-26.845276,-27.623901,-22.846481,-20.962559
CTGTTGCCAGGTAGGGCCGA,20,8113,1,2.2,,,,,,,,,,-71.85821892,-27.78128,-27.794762,-25.325562,-24.834349
CTGTTACCGGGGGGTTCCGA,20,8113,1,2.2,,,,,,,,,,-92.2004685,-28.001114,-28.04641,-20.08384,-16.230217
CTGTTACCGAGTTGGTCGGA,20,3487,3,6.59,,,,,,,,,,-83.05586098,-27.869377,-26.3834,-20.401878,-22.695389
CTGTTACCGGGTTTCTCCGA,20,8113,1,2.2,,,,,,,,,,-90.28472429,-27.957664,-26.687836,-20.749107,-16.675518
CTGATACCGGGAGTGTCCGA,20,8113,1,2.2,,,,,,,,,,-96.82817904,-27.117752,-26.487236,-17.548431,-12.052914
CTGGTACCGGGTAGACCCGA,20,2923,4,8.78,,,,,,,,,,-96.56151727,-26.796669,-26.938751,-19.390358,-16.729286
CTGCTACGGGGTAGTTCCGA,20,8113,1,2.2,,,,,,,,,,-93.50740736,-27.597076,-26.516617,-17.994713,-15.461628
CTGCCATCCGGTGGGTCCGA,20,8113,1,2.2,,,,,,,,,,-81.04621785,-28.236076,-28.379982,-26.282394,-25.405785
CTGATACCGGATACGACCGA,20,8113,1,2.2,,,,,,,,,,-91.52990271,-26.134598,-26.33905,-17.653618,-13.352318
CTGAAACTGGGTCAATCCGA,20,8113,1,2.2,,,,,,,,,,-82.10830206,-26.552505,-26.09713,-24.506866,-23.52288
CTGTCACCGGTCAGGTCCGA,20,8113,1,2.2,,,,,,,,,,-85.82208249,-28.097572,-27.733986,-23.908463,-19.20414
CTGTTACCGTGTTGGGCCGA,20,8113,1,2.2,,,,,,,,,,-79.48066665,-27.181389,-26.115974,-21.198135,-20.874947
CTGTTACCGCGCGGGTGCGA,20,4644,2,4.39,,,,,,,,,,-88.55678926,-28.062706,-29.856644,-21.567436,-16.766087
CTGTTACCCGGTAGGTTCGA,20,2216,6,13.17,,,,,,,,,,-85.07863156,-28.33496,-28.30832,-21.029778,-23.0848
CTGTCACCGGCTCGGTCCGA,20,8113,1,2.2,,,,,,,,,,-84.33855421,-28.536934,-28.599304,-24.589775,-18.936913
CTGATACCGGTTAGATCCGA,20,525,33,72.45,,,,,,,,,,-97.09056167,-26.891998,-25.361748,-17.294083,-12.785076
CTGTTACCGGGTAGGAGCGA,20,2216,6,13.17,,,,,,,,,,-90.67001454,-27.344398,-28.137001,-19.306,-18.470512
CTGTTACCGGACATATCCGA,20,8113,1,2.2,,,,,,,,,,-96.43568332,-26.790688,-26.160416,-17.503838,-14.501915
CTGTTACCCGGTAGTTCCGA,20,1397,11,24.15,,,,,,,,,,-89.15941205,-27.758331,-26.481354,-18.151596,-18.548286
CTGTTACCGGTTAGGGGCGA,20,8113,1,2.2,,,,,,,,,,-86.71491415,-27.741325,-28.271461,-21.170326,-21.94551
CTGATATCGTGTAGGTGCGA,20,8113,1,2.2,,,,,,,,,,-80.90340781,-26.946274,-26.17022,-23.593811,-21.220306
CTGTTACCAGGTACGACCGA,20,8113,1,2.2,,,,,,,,,,-86.07416467,-26.71502,-26.652893,-21.482292,-19.45277
CTGAAACCGGGTAGGACCGA,20,2923,4,8.78,,,,,,,,,,-86.67905749,-26.72319,-27.80095,-23.77304,-19.596516
CTGATACCGCGTTCGTGCGA,20,4644,2,4.39,,,,,,,,,,-90.9252659,-27.39447,-27.038643,-18.984032,-14.65472
CTGTTACCCGCTACGTCGGA,20,4644,2,4.39,,,,,,,,,,-92.30702137,-28.298332,-28.93229,-19.966805,-17.222572
CTGCTACCCGGTACGTCCGA,20,4644,2,4.39,,,,,,,,,,-95.86472501,-27.602997,-27.853134,-16.427536,-16.15551
CTGTTACCTGGTACCTCCGA,20,8113,1,2.2,,,,,,,,,,-84.34676474,-27.430298,-26.473274,-21.239227,-20.304314
CTGCTACCGGGAAGGACCGA,20,374,52,114.16,,,,,,,,,,-103.7563259,-26.917786,-28.267677,-15.589409,-11.355637
CTGCTGCCGGCTAAATCCGA,20,8113,1,2.2,,,,,,,,,,-97.71541126,-27.486221,-27.698975,-18.284645,-16.777126
CTGTTACCTTGGAGATCCGA,20,8113,1,2.2,,,,,,,,,,-74.94187351,-27.348541,-26.267647,-21.878647,-22.452328
CTGTTACCGTGAAGGTCCGA,20,1999,7,15.37,,,,,,,,,,-89.53356297,-27.464272,-26.74086,-19.515778,-17.13401
CTGTAACCGGGTAACGCCGA,20,8113,1,2.2,,,,,,,,,,-86.7516501,-26.786362,-28.141289,-24.16201,-22.498596
CTGTTACCGGAGTGCTCCGA,20,8113,1,2.2,,,,,,,,,,-90.5470097,-27.423897,-26.947105,-18.45855,-15.417324
CTGTTACCGGGTGTGCCCGA,20,8113,1,2.2,,,,,,,,,,-93.54339587,-26.989372,-26.20668,-18.790642,-14.521175
CTGTTACCGAGCAGGACCGA,20,8113,1,2.2,,,,,,,,,,-85.47588651,-27.028687,-28.043846,-21.344704,-20.150738
CTGTTACCGGCCAGGGCCGA,20,1999,7,15.37,,,,,,,,,,-92.51285603,-27.816208,-28.757355,-19.990257,-16.088062
CTGTTACCGTGTACATCCGA,20,2923,4,8.78,,,,,,,,,,-87.7839273,-26.885834,-25.345467,-18.766273,-17.636189
CTGTTGCCGGGTAGGCCCGA,20,1514,10,21.95,,,,,,,,,,-86.65014627,-27.856506,-27.82518,-21.72937,-19.012577
CTGATACCGGTGAAGTCCGA,20,8113,1,2.2,,,,,,,,,,-99.18141072,-26.862465,-26.398674,-16.562958,-10.9999695
CTGTTACTGGGTAGGCCGGA,20,8113,1,2.2,,,,,,,,,,-83.06170267,-27.231567,-27.154106,-22.894203,-21.53458
CTGCTTCTGCGTAGGTCCGA,20,8113,1,2.2,,,,,,,,,,-79.58511652,-27.899803,-27.338951,-23.50608,-24.39518
CTGTTACCGGGTAGCCCGGA,20,8113,1,2.2,,,,,,,,,,-89.4337435,-27.514679,-28.080711,-20.554054,-18.752071
CTGATACCGGCCAGTTCCGA,20,8113,1,2.2,,,,,,,,,,-92.2350676,-27.495758,-26.909126,-18.056358,-14.373482
CTGTTACCGGGCGGGACCGA,20,1657,9,19.76,,,,,,,,,,-90.7771135,-27.649658,-29.426788,-21.611824,-16.83102
CTGATACCGGCTGGATCCGA,20,4644,2,4.39,,,,,,,,,,-95.26641849,-27.008224,-26.258957,-16.670418,-12.186333
CTGATACCCGGTAGGGCCGA,20,8113,1,2.2,,,,,,,,,,-86.83110097,-27.177551,-27.869865,-20.560959,-20.57727
CTGATACCGGTAACGTCCGA,20,8113,1,2.2,,,,,,,,,,-95.9622821,-26.778923,-26.436806,-17.049889,-11.866512
CTGTTACCGCGTCGGTGCGA,20,1999,7,15.37,,,,,,,,,,-89.16954999,-27.875107,-28.200775,-19.678574,-15.202236
CTGTTACCGGGTAGAATCGA,20,8113,1,2.2,,,,,,,,,,-89.7360247,-27.399971,-27.639328,-20.245964,-18.883331
CTGTTACTGGGGAGGTCCGA,20,2216,6,13.17,,,,,,,,,,-89.55333857,-27.485,-27.34803,-22.350983,-19.83088
CTGTTGCCGGGGAGGTCGGA,20,8113,1,2.2,,,,,,,,,,-83.49335696,-28.876976,-29.54097,-23.815262,-22.69746
CTGACACCGGGTAGCAGCGA,20,8113,1,2.2,,,,,,,,,,-81.79221815,-26.872238,-27.947952,-23.601158,-22.314594
CTGCTACCGACGATGTCCGA,20,8113,1,2.2,,,,,,,,,,-92.80800719,-26.996521,-26.554588,-15.834518,-15.016651
CTGGTATCGGGTAGTTCCGA,20,8113,1,2.2,,,,,,,,,,-86.98666516,-27.533905,-26.008705,-22.193611,-20.237968
CTGCTACCGGGTACAACCGA,20,8113,1,2.2,,,,,,,,,,-102.3005433,-26.259789,-26.502098,-14.253769,-10.732849
CTGCTACCGGTTAGTCCCGA,20,8113,1,2.2,,,,,,,,,,-95.98183751,-27.30632,-26.38134,-17.060753,-13.859013
CTGGTACCGAACAGGTCCGA,20,8113,1,2.2,,,,,,,,,,-84.45476015,-26.9814,-27.05809,-21.321007,-21.262356
CTGTTACCGGTTACGCCCGA,20,8113,1,2.2,,,,,,,,,,-91.10669822,-27.033478,-26.791054,-19.261597,-16.069447
CTGCTTCCGGGGAGGTCCGA,20,8113,1,2.2,,,,,,,,,,-92.68483985,-28.40271,-28.870438,-20.421692,-17.732956
CTGATACCGGTTCGTTCCGA,20,8113,1,2.2,,,,,,,,,,-89.04339443,-27.450684,-25.107658,-18.912155,-15.130695
CTGTAACCGGCTAGCTCCGA,20,8113,1,2.2,,,,,,,,,,-85.14624388,-27.747787,-28.293701,-21.960182,-19.719048
CTGGTATCGGGTATGTCGGA,20,8113,1,2.2,,,,,,,,,,-83.92086176,-27.708267,-27.020233,-23.701515,-23.122105
CTGTTACTGCGTAGCTCCGA,20,4644,2,4.39,,,,,,,,,,-81.40881591,-27.16021,-26.472824,-21.616486,-22.079605
CTGTTTCCGGCTAGGCCCGA,20,8113,1,2.2,,,,,,,,,,-83.35327292,-28.128143,-27.95639,-21.715073,-20.173775
CTGATACCGGGTTCGACCGA,20,8113,1,2.2,,,,,,,,,,-91.07629502,-26.964188,-26.459045,-18.309883,-13.852856
CTGTTTCCAGGTAAGTCCGA,20,8113,1,2.2,,,,,,,,,,-83.36700371,-27.822632,-26.754555,-23.186684,-21.152748
CTGCTACCGCGAAGGTGCGA,20,8113,1,2.2,,,,,,,,,,-101.6151825,-27.283188,-28.623787,-15.9861145,-10.9684105
CTGTTACCCGGTGGCTCCGA,20,8113,1,2.2,,,,,,,,,,-86.94918613,-28.037323,-27.842934,-19.620651,-20.10194
CTGTTACCGCGAAGTTGCGA,20,4644,2,4.39,,,,,,,,,,-92.53431048,-27.511429,-27.640144,-18.415741,-15.110695
CTGATACCGGGTAACCCCGA,20,2923,4,8.78,,,,,,,,,,-97.46457706,-26.420319,-26.790092,-18.049202,-13.358444
CTGTTACCGGGACGAACCGA,20,4644,2,4.39,,,,,,,,,,-95.03128222,-26.757538,-27.671005,-18.372551,-14.385517
CTGATACCGGGAACCTCGGA,20,8113,1,2.2,,,,,,,,,,-91.92994609,-27.528755,-29.111038,-19.99025,-18.202599
CTGCTACCGCGTAGTTCCGA,20,8113,1,2.2,,,,,,,,,,-93.7900193,-27.614609,-26.763916,-15.390076,-15.085335
CTGACACCGTGCAGGTCCGA,20,8113,1,2.2,,,,,,,,,,-78.75735555,-27.226677,-26.819809,-24.699379,-21.203568
CTGCTTCCGGGAAAGTCCGA,20,8113,1,2.2,,,,,,,,,,-100.3481819,-27.741592,-27.868683,-17.585777,-15.387505
CTGGTATCGGGACGGTCCGA,20,8113,1,2.2,,,,,,,,,,-87.60893623,-27.605087,-27.919716,-23.978539,-20.942474
CTGTTACCGGGTTACGCCGA,20,8113,1,2.2,,,,,,,,,,-92.11052243,-27.098434,-26.686592,-19.012299,-16.831818
CTGCTACCGGGTATCCCCGA,20,4644,2,4.39,,,,,,,,,,-99.27392781,-27.099503,-26.720749,-16.48182,-12.886478
CTGTTACCGGCCTGATCCGA,20,8113,1,2.2,,,,,,,,,,-93.25382336,-27.652115,-26.859467,-17.904045,-14.582539
CTGTTTCTGGGTAGAACCGA,20,8113,1,2.2,,,,,,,,,,-77.56122706,-27.177925,-26.080582,-23.832542,-22.353992
CTGTTACGGGATTGGTCCGA,20,4644,2,4.39,,,,,,,,,,-84.72915235,-27.392227,-25.375648,-20.216515,-18.133057
CTGTTACCGGTTAGGCCCGA,20,1514,10,21.95,,,,,,,,,,-92.34638745,-27.327187,-27.08442,-19.838707,-16.623802
CTGTTTCCGGGTCAGTCCGA,20,2923,4,8.78,,,,,,,,,,-87.07551633,-28.404411,-27.288895,-21.554214,-17.447773
CTGCAACCGGTTAGGTCCGA,20,8113,1,2.2,,,,,,,,,,-90.89073721,-27.542442,-26.856361,-20.666641,-18.092995
CTGTTTCCGGGTATGCCCGA,20,8113,1,2.2,,,,,,,,,,-84.87520595,-27.395401,-26.098091,-20.768417,-17.978886
CTGTTACCGTGTTGGCGCGA,20,8113,1,2.2,,,,,,,,,,-81.63811419,-27.085396,-26.441505,-21.261559,-19.78521
CTGATACCGGTAAGGTCCGA,20,3487,3,6.59,,,,,,,,,,-97.64806634,-27.078392,-26.220566,-17.056816,-11.820084
CTGTTACTGGGGACGTCCGA,20,8113,1,2.2,,,,,,,,,,-88.76823713,-27.470673,-27.520203,-21.89769,-19.67138
CTGTTACCGCGTCCGTGCGA,20,8113,1,2.2,,,,,,,,,,-88.6774112,-28.054138,-28.358055,-19.815758,-15.2475395
CTGCTACCGGTTAGAGCCGA,20,8113,1,2.2,,,,,,,,,,-98.44568147,-26.9916,-26.987762,-16.642548,-14.648933
CTGTTACCGGGGACCTCCGA,20,971,17,37.32,,,,,,,,,,-94.92654525,-28.050323,-28.995071,-19.67849,-16.179653
CTGTAACCGGGTATCTCCGA,20,8113,1,2.2,,,,,,,,,,-84.78492901,-27.612793,-27.399986,-23.234024,-20.43188
CTGCATCCGGCTACGTCCGA,20,8113,1,2.2,,,,,,,,,,-81.10311567,-28.026863,-28.501862,-24.123741,-21.80077
CTGATACCGGGCAGGTCGGA,20,8113,1,2.2,,,,,,,,,,-92.4905897,-27.83818,-28.553276,-20.1726,-18.254314
CTGTTACCGTGTAGATCCGA,20,751,22,48.3,,,,,,,,,,-87.89577327,-27.118248,-25.462967,-18.467155,-16.961136
CTGCTGCCGGATAGGTCCGA,20,8113,1,2.2,,,,,,,,,,-90.70018913,-27.873161,-27.505272,-20.137985,-17.21354
CTGTTACCGGGCGCGACCGA,20,8113,1,2.2,,,,,,,,,,-90.2625931,-27.674004,-29.474625,-20.995552,-16.249928
CTGTTACCGGGAAACTCCGA,20,1205,13,28.54,,,,,,,,,,-101.115182,-27.246307,-27.944519,-17.234604,-13.342598
CTGTTACCGGATAGGGCCGA,20,751,22,48.3,,,,,,,,,,-91.75738801,-27.09874,-27.210686,-19.419113,-17.102348
CTGTTACCGTGCAAGTCCGA,20,2923,4,8.78,,,,,,,,,,-89.85447052,-27.194649,-26.571564,-18.975487,-16.78865
CTGCTACCGGGCAAGACCGA,20,4644,2,4.39,,,,,,,,,,-104.2315404,-26.807114,-28.158875,-14.774178,-10.765511
CTGATACCGGGTTGGTTCGA,20,8113,1,2.2,,,,,,,,,,-88.00930052,-27.639824,-25.617722,-18.924355,-17.197662
CTGATACCGGGTTGTTCCGA,20,2500,5,10.98,,,,,,,,,,-92.35047128,-27.061096,-24.51622,-17.281372,-13.8582
CTGCTACCGCGTAGGACCGA,20,8113,1,2.2,,,,,,,,,,-95.38183566,-27.197815,-28.305206,-16.722267,-16.012215
CTGATACCGGATCGATCCGA,20,8113,1,2.2,,,,,,,,,,-93.86969286,-26.75975,-25.62873,-17.484856,-12.776302
CTGTTATCCGTTAGGTCCGA,20,8113,1,2.2,,,,,,,,,,-81.49399537,-27.885292,-26.747421,-23.25467,-23.368069
CTGTTATCGGGAACGGCCGA,20,8113,1,2.2,,,,,,,,,,-87.2859329,-27.226608,-27.71035,-21.371384,-20.561356
CTGCTACCGGATAGACCCGA,20,8113,1,2.2,,,,,,,,,,-100.61965,-26.41742,-26.855232,-15.461502,-11.944199
CTGTCACCGGGTATAACCGA,20,8113,1,2.2,,,,,,,,,,-87.30988531,-26.80529,-26.743279,-23.681534,-19.336823
CTGTTACGCGGCAAGACCGA,20,8113,1,2.2,,,,,,,,,,-82.86041233,-26.89917,-28.232567,-21.246918,-22.26093
CTGATACCGGGTTTGTCGGA,20,8113,1,2.2,,,,,,,,,,-89.17587348,-27.60485,-26.26838,-20.317436,-18.210693
CTGTAACCGGGTACGGCCGA,20,8113,1,2.2,,,,,,,,,,-84.25030541,-27.05204,-28.208008,-23.666351,-21.69345
CTGATACCGGGAATCACCGA,20,8113,1,2.2,,,,,,,,,,-94.46303682,-26.480682,-26.923012,-17.711014,-13.460186
CTGATACCGGGTAGGGGCGA,20,8113,1,2.2,,,,,,,,,,-88.795017,-27.21164,-28.202682,-20.046928,-19.83945
CTGTTACCAGAAAGACCCGA,20,8113,1,2.2,,,,,,,,,,-88.40681519,-26.31382,-26.934982,-21.975822,-20.817207
CTGTAACCGGTTAGGACCGA,20,8113,1,2.2,,,,,,,,,,-83.98612457,-27.142868,-27.627518,-24.342377,-21.018532
CTGTTACCCGGGAGCTGCGA,20,8113,1,2.2,,,,,,,,,,-86.27337822,-27.819305,-29.25644,-20.379272,-23.370403
CTGTAACCGGGTAGGGCCGA,20,618,27,59.27,,,,,,,,,,-84.24758875,-27.253006,-28.342674,-24.47696,-22.350193
CTGATGCGGGGTAGGTCCGA,20,8113,1,2.2,,,,,,,,,,-80.06496198,-27.751877,-27.374115,-23.123947,-20.948238
CTGCTACCGGGCGCGTCCGA,20,8113,1,2.2,,,,,,,,,,-98.3613404,-28.155098,-29.721504,-18.513039,-13.840439
CTGTTTCCGGGAGGGTCCGA,20,8113,1,2.2,,,,,,,,,,-86.01744327,-28.487396,-28.62674,-22.879883,-19.589458
CTGCTACCGGGATGGCCCGA,20,8113,1,2.2,,,,,,,,,,-102.47771,-26.955162,-27.202957,-15.506752,-11.879555
CTGTTTCCGAGTACATCCGA,20,8113,1,2.2,,,,,,,,,,-80.55640741,-27.53086,-26.208221,-22.161377,-22.25253
CTGTTACCGGGCGGTTCCGA,20,2923,4,8.78,,,,,,,,,,-90.82693894,-28.053253,-27.970978,-20.934036,-16.907295
CTGTTATCGGGAAGGGCCGA,20,3487,3,6.59,,,,,,,,,,-87.47901946,-27.480057,-28.132034,-22.723244,-21.719456
CTGTTACCGCGTAGTACCGA,20,8113,1,2.2,,,,,,,,,,-87.74027335,-27.083565,-26.747734,-18.632011,-19.129406
CTGATACCGGTTCGGACCGA,20,8113,1,2.2,,,,,,,,,,-88.3954653,-26.939339,-26.796562,-20.034279,-15.236454
CTGTTACCGGCGAGGGCCGA,20,4644,2,4.39,,,,,,,,,,-94.36317006,-27.579689,-28.915787,-19.723808,-15.056614
CTGATACCGGGTCGGGCCGA,20,8113,1,2.2,,,,,,,,,,-89.01151291,-27.341805,-28.007446,-20.519684,-16.915615
CTGTTACCGGGTCGATGCGA,20,8113,1,2.2,,,,,,,,,,-90.86957531,-27.426369,-27.011765,-17.851173,-17.443184
CTGTTACCGGACTGCTCCGA,20,8113,1,2.2,,,,,,,,,,-88.42874729,-27.483757,-27.163216,-19.489983,-16.296162
CTGTTACCGAGGAGGACCGA,20,8113,1,2.2,,,,,,,,,,-86.06714778,-27.230278,-28.307419,-21.231155,-19.991413
CTGATACCGGGAAGACCCGA,20,8113,1,2.2,,,,,,,,,,-100.4377155,-26.397667,-27.322487,-17.550995,-12.362625
CTGATACGGCGTAGGCCCGA,20,8113,1,2.2,,,,,,,,,,-82.77804506,-27.059563,-27.577042,-21.95021,-21.907562
CTGTTACCGGGTCACACCGA,20,8113,1,2.2,,,,,,,,,,-93.06023222,-27.020538,-27.231583,-18.335419,-14.745441
CTGACACCGGGCAGGTCCGA,20,8113,1,2.2,,,,,,,,,,-89.60358876,-27.606705,-28.038635,-23.974113,-18.532814
CTGTTTCCTGGTAGGACCGA,20,4644,2,4.39,,,,,,,,,,-73.85892294,-27.582825,-26.600334,-23.732567,-22.977978
CTGTTACGGTGTAGGTCCGA,20,3487,3,6.59,,,,,,,,,,-78.45291774,-27.521698,-26.318115,-22.551277,-21.061867
CTGATACCGGATACGTTCGA,20,8113,1,2.2,,,,,,,,,,-87.67382722,-27.184631,-26.674889,-18.804016,-17.078617
CTGCAACCGGATAGGTGCGA,20,8113,1,2.2,,,,,,,,,,-90.56488443,-26.937927,-27.133484,-20.485725,-20.55341
CTGATACCGGGTACGCCCGA,20,1014,16,35.13,,,,,,,,,,-96.11576131,-26.63565,-27.103554,-17.832855,-13.252796
CTGGTACTGGGTAGGTCGGA,20,8113,1,2.2,,,,,,,,,,-83.04764642,-27.746895,-27.274979,-23.754639,-23.000877
CTGTAACCGGAAAGGTCCGA,20,8113,1,2.2,,,,,,,,,,-91.4356847,-27.1343,-27.45768,-21.918724,-18.739494
CTGTTACCGCACATGTCCGA,20,8113,1,2.2,,,,,,,,,,-89.539383,-27.089485,-26.623993,-17.73793,-17.134064
CTGTTACCGGGGGGGACCGA,20,3487,3,6.59,,,,,,,,,,-92.09866031,-27.618721,-29.461563,-21.310394,-16.612854
CTGTTACCGGGGTTATCCGA,20,8113,1,2.2,,,,,,,,,,-94.2563479,-27.514626,-26.456802,-18.72808,-14.88726
CTGTTACCGGGTCGTTCCGA,20,359,56,122.94,,,,,,,,,,-91.06410929,-27.984451,-26.629738,-19.180603,-15.344227
CTGATACCGGTCAAGTCCGA,20,8113,1,2.2,,,,,,,,,,-97.57482303,-27.04007,-26.47332,-16.817009,-11.693657
CTGTTACCAGGACGGTCCGA,20,8113,1,2.2,,,,,,,,,,-86.21252138,-27.475403,-27.754196,-22.766373,-19.738327
CTGTTATCGGCAAAGTCCGA,20,8113,1,2.2,,,,,,,,,,-96.59197302,-27.26548,-27.043152,-19.44078,-16.583447
CTGTTATCGGATAGGTCCGA,20,2216,6,13.17,,,,,,,,,,-88.9766975,-27.514252,-26.468224,-22.006569,-18.646267
CTGGTATCGCGTAGGTGCGA,20,8113,1,2.2,,,,,,,,,,-85.18109815,-27.28881,-27.569336,-24.20971,-21.038643
CTGCTACGGGGTAGGACCGA,20,4644,2,4.39,,,,,,,,,,-94.70617313,-27.096954,-27.779259,-19.34774,-17.043617
CTGTTACCGGCAATGTCCGA,20,1205,13,28.54,,,,,,,,,,-99.29284474,-27.089073,-26.17453,-15.038658,-11.130547
CTGTTACCGGATCGGCCCGA,20,8113,1,2.2,,,,,,,,,,-88.64029,-27.32016,-27.60131,-20.261505,-16.647655
CTGTTACCGGGGCTGCCCGA,20,8113,1,2.2,,,,,,,,,,-91.92395602,-27.465317,-28.034874,-20.210693,-16.217628
CTGTTACCGTGAAGTACCGA,20,8113,1,2.2,,,,,,,,,,-85.57128138,-26.801117,-26.24842,-19.703201,-19.13631
CTGATACCGGCTATGCCCGA,20,3487,3,6.59,,,,,,,,,,-93.63645271,-26.540756,-25.89759,-16.487495,-13.06374
CTGATATCAGGTAGGTCCGA,20,3487,3,6.59,,,,,,,,,,-83.03515069,-27.126717,-26.429451,-24.313133,-21.518044
CTGATACCGGCTCAGTCCGA,20,4644,2,4.39,,,,,,,,,,-96.30087582,-27.446869,-27.284248,-17.7611,-11.964405
CTGTTACCGGATTGATCCGA,20,2500,5,10.98,,,,,,,,,,-95.122812,-26.905006,-24.76278,-16.691994,-13.478699
CTGTTACTGGGGAACTCCGA,20,8113,1,2.2,,,,,,,,,,-90.64714071,-27.248299,-27.470146,-21.7659,-19.7457
CTGTTACCGGGTAGTTGCGA,20,2216,6,13.17,,,,,,,,,,-91.97551319,-27.47831,-26.428902,-18.117981,-18.129147
CTGTTACCGGGTCTGTCGGA,20,8113,1,2.2,,,,,,,,,,-88.46346163,-28.294846,-27.460007,-20.464668,-18.821243
CTGTTACCCGGTAGGACCGA,20,570,29,63.67,,,,,,,,,,-89.18992499,-27.348213,-27.807053,-19.623596,-19.035046
CTGATTCTGGATAGGTCCGA,20,8113,1,2.2,,,,,,,,,,-77.51023082,-27.29924,-25.757996,-24.09063,-21.493362
CTGTTACCGAGTGGATCCGA,20,4644,2,4.39,,,,,,,,,,-87.19542736,-27.203667,-26.0635,-18.467415,-17.606983
CTGGTACCGCGTAGGCCCGA,20,8113,1,2.2,,,,,,,,,,-88.78212016,-27.344131,-27.991043,-21.14093,-21.387344
CTGCTACCGGGTACGTGCGA,20,8113,1,2.2,,,,,,,,,,-99.50807282,-27.17302,-27.521019,-15.783112,-14.603603
CTGTTACCAGGTACTTCCGA,20,3487,3,6.59,,,,,,,,,,-87.10512702,-27.347305,-26.29409,-21.636948,-20.123528
CTGTTACCGGGAAGTTTCGA,20,4644,2,4.39,,,,,,,,,,-90.20013034,-28.25454,-28.700348,-21.304848,-20.351429
CTGTTACCAGGTAGTTCCGA,20,1999,7,15.37,,,,,,,,,,-87.30215486,-27.332832,-25.722183,-20.537262,-18.912556
CTGTTACCGGGGCGAGCGGA,20,8113,1,2.2,,,,,,,,,,-87.40853946,-27.867294,-29.662018,-21.610374,-20.915867
CTGTTTCCGGGCAGTTCCGA,20,8113,1,2.2,,,,,,,,,,-83.41813002,-28.398827,-27.644348,-23.24546,-21.01522
CTGCTACCGGGAACTTCCGA,20,4644,2,4.39,,,,,,,,,,-102.6050366,-27.402168,-27.841698,-15.518845,-12.252762
CTGTTACCGGAAAGTCCCGA,20,8113,1,2.2,,,,,,,,,,-94.27521414,-26.91874,-27.027466,-18.77369,-15.482311
CTGATACCGGGGATTTCCGA,20,8113,1,2.2,,,,,,,,,,-93.86283927,-27.318954,-26.631104,-18.049904,-14.756134
CTGATACCGGAACCGTCCGA,20,8113,1,2.2,,,,,,,,,,-92.7513825,-26.827286,-27.308723,-18.807663,-13.337154
CTGGTACCGGTTAGGTCCGA,20,2500,5,10.98,,,,,,,,,,-94.50055719,-27.617622,-26.326263,-19.642052,-17.092018
CTGTTTCTGGGTCGGTCCGA,20,4644,2,4.39,,,,,,,,,,-72.94740956,-28.36605,-27.13588,-26.008652,-23.546886
CTGTAACCGGGTCGGCCCGA,20,8113,1,2.2,,,,,,,,,,-83.05061566,-27.631218,-28.860855,-25.371338,-21.60189
CTGATACCGAATAGCTCCGA,20,8113,1,2.2,,,,,,,,,,-83.8404448,-26.684433,-25.992622,-18.982994,-17.57
CTGTTTCCGGGTGGATCCGA,20,8113,1,2.2,,,,,,,,,,-84.64509018,-27.961151,-26.683014,-21.206696,-18.54884
CTGTTTCCGGGTCGCTCCGA,20,8113,1,2.2,,,,,,,,,,-79.23499974,-28.790237,-28.133926,-23.7827,-20.754902
CTGTTACCGGGTCCTTCCGA,20,3487,3,6.59,,,,,,,,,,-90.40090161,-28.319656,-27.22496,-19.959785,-16.630268
CTGTTACGCGGTAGGTGCGA,20,8113,1,2.2,,,,,,,,,,-79.55099874,-27.35437,-27.711067,-21.723549,-24.35773
CTGTTACCGGCTCGGTCGGA,20,8113,1,2.2,,,,,,,,,,-88.72748164,-28.635078,-28.744751,-20.81044,-18.865631
CTGTTACCGGGTTGGGCCGA,20,498,35,76.84,,,,,,,,,,-90.14739878,-27.317276,-26.696533,-19.33648,-16.894615
CTGTTACCGGTTTGGACCGA,20,1999,7,15.37,,,,,,,,,,-90.12778909,-27.173813,-26.122055,-19.508972,-16.003036
CTGTTACGGTGTACGTCCGA,20,8113,1,2.2,,,,,,,,,,-77.51682734,-27.386505,-26.490059,-22.456436,-20.932652
CTGATACCGGATAGTTCCGA,20,1205,13,28.54,,,,,,,,,,-94.09901904,-26.847939,-24.884254,-16.934738,-12.376709
CTGTTACCGGGCACCTCCGA,20,2500,5,10.98,,,,,,,,,,-93.40187648,-28.07753,-29.137161,-20.499565,-17.177486
CTGATACCAGAAAGGTCCGA,20,8113,1,2.2,,,,,,,,,,-89.22322382,-26.588371,-26.174278,-20.59272,-17.951214
CTGCTTCTGGGAAGGTCCGA,20,8113,1,2.2,,,,,,,,,,-89.23236172,-27.885468,-27.690208,-23.031631,-21.961525
CTGATATCGGGTCGGTCCGA,20,8113,1,2.2,,,,,,,,,,-86.76920829,-27.691277,-26.997162,-22.91716,-18.001389
CTGTTTCCGGGTAGCTGCGA,20,8113,1,2.2,,,,,,,,,,-80.49936364,-27.976181,-27.610695,-22.576462,-22.746586
CTGCTACCGGGCTGGGCCGA,20,8113,1,2.2,,,,,,,,,,-94.09367734,-27.646461,-28.325111,-18.400368,-15.785938
CTGTTGCCGGAGAGGTCCGA,20,8113,1,2.2,,,,,,,,,,-86.16194201,-28.130219,-28.126778,-21.825714,-18.762165
CTGTTTCTGGTTAGGTCGGA,20,8113,1,2.2,,,,,,,,,,-71.24553722,-28.582031,-27.471992,-26.517128,-25.627172
CTGTTTCCGGCTATGTCCGA,20,8113,1,2.2,,,,,,,,,,-85.27719836,-28.103256,-26.235397,-20.54438,-16.92585
CTGGTACCCGGTATGACCGA,20,8113,1,2.2,,,,,,,,,,-85.70984279,-26.916595,-26.513428,-20.404984,-20.303692
CTGTTTCCAGGTCGGTCCGA,20,4644,2,4.39,,,,,,,,,,-71.8655133,-28.380653,-27.437065,-25.330261,-23.30272
CTGTTACTGGGTAGTTCCGA,20,1014,16,35.13,,,,,,,,,,-87.24953038,-27.219818,-25.343285,-21.123253,-17.63232
CTGTCACCGGGTAGGGCCGA,20,1397,11,24.15,,,,,,,,,,-84.72569518,-27.593773,-28.206596,-24.561516,-21.365955
CTGTCACCGGTTAGGACCGA,20,8113,1,2.2,,,,,,,,,,-84.76401209,-27.462715,-27.479347,-24.675224,-20.293308
CTGCTACCGGGTACCTCCGA,20,872,19,41.71,,,,,,,,,,-100.4757589,-27.555397,-27.719284,-16.0626,-12.514465
CTGTTTCTGCGAAAGTCCGA,20,8113,1,2.2,,,,,,,,,,-79.60372804,-27.549042,-27.126984,-23.71022,-24.426506
CTGTTACCGGGGAGAACCGA,20,1397,11,24.15,,,,,,,,,,-96.38240794,-26.944397,-27.874352,-18.126602,-14.469543
CTGTTACCGGATAGCCCCGA,20,8113,1,2.2,,,,,,,,,,-89.68536993,-26.937668,-27.028336,-19.401505,-16.38375
CTGATACCGGGCACTCCCGA,20,8113,1,2.2,,,,,,,,,,-92.23951088,-27.221252,-28.276566,-20.117645,-16.53614
CTGTTACCGGCATGGACCGA,20,8113,1,2.2,,,,,,,,,,-95.67604881,-26.927101,-27.1073,-17.852089,-13.249676
CTGCTTCCGGGGCAGTCCGA,20,8113,1,2.2,,,,,,,,,,-93.69909623,-28.300491,-28.75776,-20.13617,-17.286564
CTGTTACTAGGAAGGTCCGA,20,8113,1,2.2,,,,,,,,,,-83.10115868,-27.209702,-26.853783,-24.531754,-23.6511
CTGTTGCCGGCTACGTCCGA,20,4644,2,4.39,,,,,,,,,,-85.97729599,-28.319939,-27.87278,-21.030525,-17.60287
CTGTTACCGCGTAAGTGCGA,20,618,27,59.27,,,,,,,,,,-96.93292516,-27.31414,-27.7249,-17.54528,-12.459805
CTGAAACCGGGCAGGTCCGA,20,8113,1,2.2,,,,,,,,,,-89.06436639,-27.338882,-28.173767,-23.185432,-19.55228
CTGTTACCAGGCACGTCCGA,20,4644,2,4.39,,,,,,,,,,-86.93183204,-27.477402,-28.140518,-22.524635,-20.431091
CTGCCACCGGGTAGACCCGA,20,8113,1,2.2,,,,,,,,,,-97.20942946,-27.282455,-28.379395,-21.735886,-17.317211
CTGTTACCGGGGGAATCCGA,20,8113,1,2.2,,,,,,,,,,-99.32440939,-27.370186,-27.888206,-17.669296,-13.175823
CTGTTTCCAGGTAGGTGCGA,20,8113,1,2.2,,,,,,,,,,-73.66363848,-27.801247,-27.231552,-24.268822,-25.157469
CTGGTACCGGGTAGGTGGGA,20,8113,1,2.2,,,,,,,,,,-88.29203644,-27.88604,-27.866478,-22.050537,-24.414402
CTGCTACCGTCTAGGGCCGA,20,8113,1,2.2,,,,,,,,,,-87.26103592,-27.541824,-27.922714,-19.334938,-16.383224
CTGATACCGGCTAACTCCGA,20,8113,1,2.2,,,,,,,,,,-96.40845843,-27.053726,-27.323235,-17.051498,-12.317001
CTGTTACCCGGTTTGTCCGA,20,8113,1,2.2,,,,,,,,,,-86.36358399,-27.737526,-25.873306,-20.128952,-19.28041
CTGTTACCCGGTCGCACCGA,20,4644,2,4.39,,,,,,,,,,-82.97791582,-27.62918,-28.292534,-21.017143,-20.863785
CTGTTACCGGGTATCTCGGA,20,8113,1,2.2,,,,,,,,,,-89.66838976,-28.118027,-27.99981,-20.653893,-19.789497
CTGCTACCGACTAGGTCGGA,20,8113,1,2.2,,,,,,,,,,-89.31059032,-27.869057,-27.932915,-17.312683,-19.279972
CTGTTACCGGGCTGACCCGA,20,8113,1,2.2,,,,,,,,,,-92.96342101,-27.184639,-27.525452,-19.499146,-15.074234
CTGTTACTGGGACGGTCCGA,20,4644,2,4.39,,,,,,,,,,-87.78797618,-27.345596,-27.09272,-22.832512,-19.711708
CTGCTACCGGTACTGTCCGA,20,8113,1,2.2,,,,,,,,,,-98.2933557,-27.19175,-26.183044,-16.393616,-12.16069
CTGTTACGGGGTTGGTCGGA,20,8113,1,2.2,,,,,,,,,,-81.23041116,-28.14029,-26.734413,-21.957443,-21.037922
CTGTTACCGGGACGCTCCGA,20,971,17,37.32,,,,,,,,,,-93.49282994,-27.872925,-28.727654,-19.713364,-15.486233
CTGTCACCGGGCATGAGCGA,20,8113,1,2.2,,,,,,,,,,-79.27250949,-27.59166,-28.807266,-24.211082,-22.402336
CTGTCACCGGATAGATCCGA,20,8113,1,2.2,,,,,,,,,,-90.15612765,-27.142303,-26.251244,-21.688927,-17.319378
CTGTTACCGGTTTAATCCGA,20,8113,1,2.2,,,,,,,,,,-97.64654598,-27.148811,-25.598206,-18.652756,-14.927273
CTGCAACCGCCTAGGTCCGA,20,8113,1,2.2,,,,,,,,,,-85.13254391,-27.992043,-28.51001,-20.214272,-20.737583
CTGATACCGGGCAGTCCCGA,20,8113,1,2.2,,,,,,,,,,-93.97024309,-27.109093,-27.545822,-19.691483,-15.474495
CTGTTACCGACTATGTCCGA,20,8113,1,2.2,,,,,,,,,,-88.70226207,-27.132256,-25.416763,-17.806084,-17.265213
CTGTTACGGGGGCGATCCGA,20,8113,1,2.2,,,,,,,,,,-86.01438822,-27.771736,-28.134079,-22.046738,-19.651276
CTGCTACCGAGTATGTCGGA,20,8113,1,2.2,,,,,,,,,,-91.76705155,-27.493591,-26.747437,-17.366653,-19.982315
CTGATACCGGACAGGTCCGA,20,3487,3,6.59,,,,,,,,,,-94.4570693,-26.914993,-26.754112,-17.783241,-12.741627
CTGATACCAGTGAGGTCCGA,20,8113,1,2.2,,,,,,,,,,-85.87138043,-27.025665,-26.277916,-20.842056,-18.191303
CTGTTGCCGGCTAGGTCCGA,20,2923,4,8.78,,,,,,,,,,-86.87922049,-28.440468,-27.689278,-20.750984,-17.465874
CTGTTACCGGCATCGACCGA,20,3487,3,6.59,,,,,,,,,,-94.4989265,-27.13456,-27.437096,-17.944984,-13.575912
CTGTTACCGGTTATGTCCGA,20,179,190,417.12,,,,,,,,,,-94.3751371,-27.303978,-25.241882,-18.191689,-14.162994
CTGTTACTGTGTAGGACCGA,20,8113,1,2.2,,,,,,,,,,-75.7592486,-26.628601,-25.966782,-24.016891,-23.415653
CTGCTACCGCATATGTCCGA,20,8113,1,2.2,,,,,,,,,,-94.7031843,-26.92759,-25.780533,-14.88134,-14.899616
CTGCTACCGGGCCGTTCCGA,20,8113,1,2.2,,,,,,,,,,-94.39002324,-28.298584,-28.480568,-18.33284,-15.031681
CTGTTACGGGGCAGGACCGA,20,8113,1,2.2,,,,,,,,,,-86.17891265,-27.37098,-28.401543,-22.753593,-20.5211
CTGTTACCGGGCCCGTCCGA,20,4644,2,4.39,,,,,,,,,,-90.25969641,-28.638222,-29.258232,-21.373856,-16.416363
CTGTTACCGTGTAGCACCGA,20,8113,1,2.2,,,,,,,,,,-82.95719598,-26.787804,-26.199387,-20.532234,-19.795662
CTGATACCGGGCTGGTCCGA,20,872,19,41.71,,,,,,,,,,-93.10587658,-27.425323,-26.638535,-18.481522,-13.389217
CTGGTACCGGGGAGGGCCGA,20,4644,2,4.39,,,,,,,,,,-91.31353785,-27.40129,-28.759346,-22.281624,-20.777206
CTGTTACCCGGTACGCCGGA,20,8113,1,2.2,,,,,,,,,,-92.27229272,-27.487495,-28.393723,-20.518127,-16.79504
CTGTTACCGTGGAGGTGCGA,20,8113,1,2.2,,,,,,,,,,-86.24935441,-27.45169,-27.443977,-20.909592,-18.179504
CTGTTACCCGGAAAGTCCGA,20,2500,5,10.98,,,,,,,,,,-97.33038035,-27.386505,-27.79618,-17.144379,-17.162098
CTGCTACCGGATTGCTCCGA,20,8113,1,2.2,,,,,,,,,,-94.44662854,-27.170769,-25.824387,-15.647911,-12.711708
CTGCTACCGGGTAATACCGA,20,4644,2,4.39,,,,,,,,,,-102.5485015,-26.484772,-26.384727,-14.643211,-11.119629
CTGCTATCGGGCTGGTCCGA,20,8113,1,2.2,,,,,,,,,,-92.40494053,-27.804802,-27.40664,-21.083641,-18.588894
CTGTTACCCGGGACGTCCGA,20,8113,1,2.2,,,,,,,,,,-91.39783293,-27.989502,-28.93776,-19.82589,-19.713161
CTGTTACCGTGTAATTCCGA,20,8113,1,2.2,,,,,,,,,,-87.98275594,-27.17051,-25.372116,-19.570885,-18.141762
CTGTTACCGTGTAAGTTCGA,20,8113,1,2.2,,,,,,,,,,-84.57773617,-27.769814,-27.291458,-21.118217,-19.007107
CTGATACCGGGTATTACCGA,20,8113,1,2.2,,,,,,,,,,-92.469812,-26.528877,-25.716927,-18.402214,-14.921371
CTGTTACCGGCTTGAACCGA,20,4644,2,4.39,,,,,,,,,,-93.8843774,-26.922241,-26.405937,-17.838516,-14.720192
CTGTAACCGGGCAGACCCGA,20,8113,1,2.2,,,,,,,,,,-88.63541191,-26.961357,-28.8835,-25.376488,-21.553959
CTGATACCGGGTACCGCCGA,20,8113,1,2.2,,,,,,,,,,-90.71762391,-26.678993,-27.091148,-19.00264,-16.381008
CTGCTACCGGGTGTGTCGGA,20,8113,1,2.2,,,,,,,,,,-96.13125409,-27.889404,-27.149422,-16.991035,-16.216026
CTGATACCGTCTAGGTCCGA,20,4644,2,4.39,,,,,,,,,,-85.35359652,-27.470657,-26.16661,-18.962593,-16.002567
CTGGTACCGGCTAGATCCGA,20,4644,2,4.39,,,,,,,,,,-96.3225566,-27.286324,-26.549164,-17.078484,-14.88805
CTGTTACCGAGAAGATCCGA,20,8113,1,2.2,,,,,,,,,,-92.50332847,-27.04274,-26.692368,-18.023376,-17.026337
CTGTTACCACGGAGATCCGA,20,8113,1,2.2,,,,,,,,,,-81.54205517,-27.108147,-27.22551,-20.138664,-21.301731
CTGTTACCGGTGTGGTCCGA,20,3487,3,6.59,,,,,,,,,,-92.76693965,-27.44455,-25.772018,-18.06588,-14.105457
CTGCTACCGGGGCGGACCGA,20,8113,1,2.2,,,,,,,,,,-96.66812887,-27.457825,-29.479462,-18.610985,-13.574707
CTGATACCGGGTAGGACGGA,20,8113,1,2.2,,,,,,,,,,-91.48970167,-27.131416,-28.06768,-20.2863,-17.876186
CTGATACCGGCTAGTACCGA,20,8113,1,2.2,,,,,,,,,,-93.14203565,-26.677979,-26.422958,-17.89212,-13.919327
CTGTTACTCCGTAGGTCCGA,20,8113,1,2.2,,,,,,,,,,-76.95297596,-27.502548,-26.75673,-22.60263,-25.514503
CTGATACCGGGATGCTCCGA,20,8113,1,2.2,,,,,,,,,,-94.28115132,-26.971481,-26.208595,-16.985184,-12.504894
CTGCTACCGAGTACATGCGA,20,8113,1,2.2,,,,,,,,,,-96.19299607,-26.585197,-26.628174,-16.486565,-14.463562
CTGATACTGGGATGGTCCGA,20,8113,1,2.2,,,,,,,,,,-90.05405331,-26.643585,-25.080315,-19.803436,-16.757744
CTGTTACCGGTGTCGTCCGA,20,8113,1,2.2,,,,,,,,,,-91.70979629,-27.758545,-26.405243,-18.894867,-14.848724
CTGCTACCGGGTGCTTCCGA,20,8113,1,2.2,,,,,,,,,,-97.12927062,-27.708908,-26.79287,-16.492447,-13.0987625
CTGTTACCGGGGGGGCCGGA,20,8113,1,2.2,,,,,,,,,,-90.03208755,-28.06749,-30.036217,-23.04036,-21.15216
CTGTCACCGGAAAGGTCCGA,20,8113,1,2.2,,,,,,,,,,-90.5678283,-27.474655,-27.463882,-23.356506,-18.579388
CTGTTACCGAATTGGTCCGA,20,4644,2,4.39,,,,,,,,,,-85.1049111,-27.100655,-25.052574,-19.181252,-18.685234
CTGTTTCCTGGGAGGTCCGA,20,8113,1,2.2,,,,,,,,,,-75.76437456,-28.246246,-27.834251,-24.690254,-23.370358
CTGTTACCGGGCAGATTCGA,20,4644,2,4.39,,,,,,,,,,-90.64811676,-27.972694,-28.82991,-20.832993,-19.740788
CTGTTACCGGTATAGTCCGA,20,8113,1,2.2,,,,,,,,,,-99.07341641,-27.208221,-25.814484,-17.474533,-12.955509
CTGTTGCCGGGGTGGTCCGA,20,8113,1,2.2,,,,,,,,,,-84.02969802,-28.230179,-27.419395,-21.446602,-17.828587
CTGACACCGGGTAGTTCCGA,20,8113,1,2.2,,,,,,,,,,-88.47570332,-27.419281,-26.06427,-21.697899,-17.529
CTGTTACCGTGAAAGTGCGA,20,8113,1,2.2,,,,,,,,,,-92.47137702,-27.01152,-26.94899,-18.854187,-16.135246
CTGATACTGGGTAGGGCCGA,20,8113,1,2.2,,,,,,,,,,-86.3326044,-26.632942,-26.589638,-22.292915,-20.56409
CTGATACCGGTTAGCACCGA,20,8113,1,2.2,,,,,,,,,,-90.21856915,-26.543655,-26.330688,-19.322113,-15.347904
CTGACACCAGGAAGGTCCGA,20,8113,1,2.2,,,,,,,,,,-84.07300065,-27.194016,-27.047798,-25.13459,-21.70142
CTGTTACCCGGTAGGCCGGA,20,2216,6,13.17,,,,,,,,,,-93.12517001,-27.718636,-28.494469,-20.54264,-16.71622
CTGTTACCGGTTAAGGCCGA,20,3487,3,6.59,,,,,,,,,,-95.58388532,-27.143806,-26.886253,-18.304245,-15.802238
CTGCTTCCGGGTGGCTCCGA,20,8113,1,2.2,,,,,,,,,,-85.67882244,-28.435287,-28.147224,-20.99739,-19.299637
CTGATACCGGGCTCGTCCGA,20,4644,2,4.39,,,,,,,,,,-91.63086821,-27.881958,-27.731613,-19.339775,-14.309338
CTGCTACCCGGAAATTCCGA,20,8113,1,2.2,,,,,,,,,,-98.99522494,-27.149284,-27.37336,-14.794792,-14.945267
CTGTTACCCGATAGTTCGGA,20,8113,1,2.2,,,,,,,,,,-90.58084869,-28.048485,-27.354187,-20.164864,-17.622227
CTGTTACCGCGCAGGACCGA,20,3487,3,6.59,,,,,,,,,,-89.11017279,-27.437874,-28.99543,-20.3564,-19.238564
CTGCTACCGGGCAAATCCGA,20,4644,2,4.39,,,,,,,,,,-106.6955716,-26.79322,-27.359406,-13.881622,-10.356731
CTGTTACCGCGTACATTCGA,20,8113,1,2.2,,,,,,,,,,-87.08007605,-27.776642,-28.230621,-20.005547,-18.267479
CTGATGCCGCTTTCGTCCGA,20,8113,1,2.2,,,,,,,,,,-73.14211862,-28.412247,-27.150223,-23.223526,-22.718994
CTGTTACGGGGTAGGTGCGA,20,1657,9,19.76,,,,,,,,,,-85.90513365,-27.49968,-27.365944,-21.518806,-21.234089
CTGTCACCGGCTACGTCCGA,20,8113,1,2.2,,,,,,,,,,-87.52075758,-27.970146,-28.248192,-23.374794,-18.29816
CTGCTACCGGCTAGCGCCGA,20,2923,4,8.78,,,,,,,,,,-95.6710165,-27.329796,-28.553955,-16.942177,-11.661964
CTGATACCGGGGTGCTCCGA,20,8113,1,2.2,,,,,,,,,,-92.43363611,-27.331337,-26.964394,-18.01442,-13.769493
CTGTTACCGGCTATGACCGA,20,1800,8,17.56,,,,,,,,,,-94.45613731,-26.981483,-26.480927,-16.464134,-12.960636
CTGTTACGAGGTACGTCCGA,20,4644,2,4.39,,,,,,,,,,-80.09886902,-27.34417,-27.026207,-23.381111,-22.2496
CTGAAACGGGGTAGGTCCGA,20,8113,1,2.2,,,,,,,,,,-81.51556223,-27.216621,-26.578293,-23.033913,-21.855053
CTGTTACCAGGTCGGACCGA,20,8113,1,2.2,,,,,,,,,,-80.8664526,-27.206886,-27.620224,-23.129875,-20.421974
CTGTCACCGGGTAGTTCGGA,20,8113,1,2.2,,,,,,,,,,-82.49722701,-28.394905,-28.063995,-23.633522,-21.502308
CTGTTGCCGGGTAGGGCCGA,20,4644,2,4.39,,,,,,,,,,-83.2178024,-27.952713,-28.111519,-22.519257,-20.942486
CTGCTACCGCGTAGATCCGA,20,8113,1,2.2,,,,,,,,,,-97.56216665,-27.224472,-27.002281,-14.27253,-13.502022
CTGTTACGGGGGAATTCCGA,20,8113,1,2.2,,,,,,,,,,-88.84757903,-27.590866,-27.631172,-20.832886,-18.536137
CTGTTTCCGGATTAGTCCGA,20,8113,1,2.2,,,,,,,,,,-86.82453936,-27.959549,-26.232796,-21.919044,-18.61842
CTGTTACCTAGGAAGTCCGA,20,8113,1,2.2,,,,,,,,,,-80.18944988,-27.29081,-27.380753,-22.128914,-22.897488
CTGTAACCGGATAGGACCGA,20,8113,1,2.2,,,,,,,,,,-85.37278731,-26.774681,-27.544685,-23.839378,-20.210548
CTGCTACCGGGTGATTCCGA,20,8113,1,2.2,,,,,,,,,,-101.0526406,-27.343285,-26.09076,-14.815987,-11.5402565
CTGCTACCGGGTGAGTTCGA,20,8113,1,2.2,,,,,,,,,,-97.23985385,-28.018822,-28.183044,-17.252129,-16.11613
CTGTTACCGGTGTAGTCCGA,20,8113,1,2.2,,,,,,,,,,-97.09200467,-27.339684,-26.05478,-17.678612,-13.188839
CTGGTACCGGGTTCGTCCGA,20,8113,1,2.2,,,,,,,,,,-91.90441197,-27.765152,-26.47519,-19.383698,-16.680222
CTGTTACTGCGAGGGTCCGA,20,8113,1,2.2,,,,,,,,,,-83.74229534,-27.447716,-27.575668,-23.242508,-23.322144
CTGTCACCGGATATTCCCGA,20,8113,1,2.2,,,,,,,,,,-81.73451517,-27.11081,-26.10534,-23.793503,-20.591621
CTGTTACGGGGTCGGTCCGA,20,1133,14,30.73,,,,,,,,,,-85.21320931,-28.050613,-27.466583,-21.955673,-18.401363
CTGATACCGGGCTAGTCCGA,20,4644,2,4.39,,,,,,,,,,-96.30625653,-27.39579,-26.990005,-18.05252,-12.53997
CTGTTACCCGGAAGGTCCGA,20,1014,16,35.13,,,,,,,,,,-94.17518247,-27.736313,-28.076195,-18.455894,-18.23359
CTGTTACCGGTTACGGCCGA,20,4644,2,4.39,,,,,,,,,,-90.16545476,-27.134544,-26.775925,-18.89151,-16.838608
CTGTTACCGTGGAAGTGCGA,20,8113,1,2.2,,,,,,,,,,-90.19624719,-27.205956,-27.242683,-19.531448,-16.421124
CTGTTACCGGTGATATCCGA,20,8113,1,2.2,,,,,,,,,,-96.47336269,-27.029976,-25.61155,-17.521645,-14.462303
CTGCTACCGCGTCGATGCGA,20,8113,1,2.2,,,,,,,,,,-96.56941296,-27.49118,-27.825294,-15.528152,-11.5179825
CTGCTACCCGGTAGGTGCGA,20,4644,2,4.39,,,,,,,,,,-93.90515164,-27.514915,-28.082466,-16.890419,-19.330566
CTGTTTCCCGGCAGTTCCGA,20,8113,1,2.2,,,,,,,,,,-77.64853547,-28.516678,-28.008781,-23.168732,-23.969074
CTGCTACCGGGTAGTACCGA,20,561,30,65.86,,,,,,,,,,-99.44345015,-26.832642,-26.685387,-15.82029,-12.231422
CTGTTACCGTGTAGTTCCGA,20,1133,14,30.73,,,,,,,,,,-84.86953298,-27.441772,-25.326363,-19.728897,-18.590832
CTGGTACCGGCTTTGTCCGA,20,8113,1,2.2,,,,,,,,,,-90.54934948,-27.694565,-26.091034,-20.05954,-17.252365
CTGTTTCCCGGTGGATCCGA,20,8113,1,2.2,,,,,,,,,,-78.24176162,-28.125877,-26.956772,-21.596336,-22.299034
CTGCTACCGGGCTTGTCCGA,20,3487,3,6.59,,,,,,,,,,-97.30051502,-27.894142,-26.940338,-17.093025,-13.035015
CTGCTGCCGGGTAGACCCGA,20,8113,1,2.2,,,,,,,,,,-94.75186691,-27.436394,-28.037376,-19.556938,-16.801361
CTGTTACCGTATAGGCCCGA,20,8113,1,2.2,,,,,,,,,,-80.86429233,-26.94519,-26.55127,-21.553314,-20.207703
CTGACACCGGGTAATTCCGA,20,8113,1,2.2,,,,,,,,,,-91.01153736,-27.11866,-26.290771,-22.090912,-17.873768
CTGTTACCGTGAAGGTGCGA,20,8113,1,2.2,,,,,,,,,,-88.95048567,-27.24797,-27.087433,-20.26049,-17.519024
CTGTTACCGTGTACTTCCGA,20,8113,1,2.2,,,,,,,,,,-84.23521184,-27.46,-25.844368,-20.524414,-19.546947
CTGATACCGGGTAACGCCGA,20,8113,1,2.2,,,,,,,,,,-95.05059572,-26.423836,-26.979317,-18.012047,-14.9383545
CTGATACCGGCCAGATCCGA,20,4644,2,4.39,,,,,,,,,,-96.24396385,-27.072395,-27.012276,-17.077934,-12.7967
CTGTTACCCGGTAAGCCGGA,20,8113,1,2.2,,,,,,,,,,-96.8417518,-27.32869,-28.079315,-19.103096,-15.003323
CTGTTACCCGGAACGTCCGA,20,8113,1,2.2,,,,,,,,,,-93.51706398,-27.566513,-28.297455,-18.966217,-18.769943
CTGTTACCGGTTAGGGCCGA,20,688,24,52.69,,,,,,,,,,-90.97469239,-27.467033,-27.35897,-20.225174,-18.045204
CTGTTACCGACTAGGGCCGA,20,8113,1,2.2,,,,,,,,,,-85.18701384,-27.31514,-27.687828,-20.643951,-18.397846
CTGTAACCGGTTAGATCCGA,20,8113,1,2.2,,,,,,,,,,-88.32211569,-27.205322,-26.356323,-21.710655,-18.54715
CTGCTACCGGGTACTACCGA,20,4644,2,4.39,,,,,,,,,,-98.72356812,-26.782173,-26.785301,-15.748123,-12.239597
CTGCTACCGGTTAGACCCGA,20,8113,1,2.2,,,,,,,,,,-99.77538125,-26.84745,-26.915443,-16.705917,-13.436497
CTGGTACCGGGTTGGTCCGA,20,2500,5,10.98,,,,,,,,,,-93.17859761,-27.438599,-25.474342,-18.222832,-15.523808
CTGCTACCGGCCTGGTCCGA,20,4644,2,4.39,,,,,,,,,,-96.10707882,-28.057442,-27.640152,-16.573929,-13.019318
CTGTTACGGGGTACGTGCGA,20,8113,1,2.2,,,,,,,,,,-84.61548554,-27.385765,-27.539368,-21.241531,-20.666836
CTGTCACCGGCTAGGTCCGA,20,872,19,41.71,,,,,,,,,,-88.7635124,-28.081413,-27.729149,-22.555916,-17.708656
CTGTTACCGCGTAGATTCGA,20,3487,3,6.59,,,,,,,,,,-87.31352499,-27.991585,-28.060364,-19.780235,-17.68103
CTGTTACCGGGCAAATTCGA,20,8113,1,2.2,,,,,,,,,,-93.3431146,-27.68338,-28.754974,-19.920128,-18.851604
CTGAAACCGGGTCGGACCGA,20,8113,1,2.2,,,,,,,,,,-82.63122202,-27.049103,-28.570557,-25.132866,-20.921562
CTGTTTCCTGATTGATCCGA,20,8113,1,2.2,,,,,,,,,,-72.30867213,-27.334,-24.506706,-22.758812,-22.831402
CTGCTACCGGGACGGACCGA,20,3487,3,6.59,,,,,,,,,,-99.3271578,-27.050117,-28.756256,-17.107262,-12.250175
CTGTTACCGGTATGGTCCGA,20,3487,3,6.59,,,,,,,,,,-95.17435282,-27.30655,-25.41597,-17.731659,-13.456528
CTGTTACGAGGTAGGTCCGA,20,1514,10,21.95,,,,,,,,,,-80.59766612,-27.483246,-26.790337,-23.24627,-22.188885
CTGGTACCGGATAGGTCCGA,20,3487,3,6.59,,,,,,,,,,-95.27849449,-27.236526,-26.136513,-18.641945,-16.004314
CTGTTACTGGGGCGGTCCGA,20,8113,1,2.2,,,,,,,,,,-85.13629285,-27.664207,-27.829163,-24.133698,-21.353333
CTGTTACCGGGGGGATCCGA,20,1205,13,28.54,,,,,,,,,,-95.76283414,-27.677887,-28.207062,-18.774391,-14.262627
CTGCTACGGGGTAGATCCGA,20,4644,2,4.39,,,,,,,,,,-97.12210424,-27.19593,-26.66668,-17.126053,-14.780857
CTGTTGCCGGGAAGAGCCGA,20,8113,1,2.2,,,,,,,,,,-89.08863639,-27.56955,-28.103867,-21.276993,-20.324753
CTGTTACCGGGGCGCTCCGA,20,2500,5,10.98,,,,,,,,,,-90.8813939,-28.262268,-29.490997,-20.786873,-16.895683
CTGATACCGGCTAGCTCCGA,20,448,41,90.01,,,,,,,,,,-93.09550012,-27.40181,-27.204567,-17.174988,-12.756802
CTGTTACCGGGCAAGTGCGA,20,8113,1,2.2,,,,,,,,,,-95.59266338,-27.351479,-28.101715,-17.880844,-16.506985
CTGTTGCCGGGTCGGCCCGA,20,8113,1,2.2,,,,,,,,,,-81.40811834,-28.344536,-28.425018,-22.745865,-19.787045
CTGTTTCCTGGTAGATCCGA,20,8113,1,2.2,,,,,,,,,,-77.39843264,-27.625252,-25.678116,-22.422523,-22.015434
CTGTTATCCGGTTGGTCCGA,20,8113,1,2.2,,,,,,,,,,-80.22586512,-27.636368,-25.892113,-22.655693,-23.183346
CTGTTACCGCGGAATTCCGA,20,8113,1,2.2,,,,,,,,,,-91.2318373,-27.426575,-27.645409,-17.722336,-17.595524
CTGTTACCGGCTGGGGCCGA,20,4644,2,4.39,,,,,,,,,,-91.09614606,-27.648636,-28.600082,-20.519226,-16.041119
CTGCTACCCGCTAGATCGGA,20,8113,1,2.2,,,,,,,,,,-98.2139251,-27.961021,-28.723373,-15.05114,-12.189301
CTGTTACCCGGTAGATCCGA,20,1133,14,30.73,,,,,,,,,,-92.17766844,-27.42221,-26.668373,-17.153519,-17.429352
CTGATACCGGTTAGTTCCGA,20,1999,7,15.37,,,,,,,,,,-93.20110497,-27.234734,-24.975334,-17.877724,-13.994968
CTGTTACCGCGTCGGTCCGA,20,1514,10,21.95,,,,,,,,,,-87.77128044,-28.184074,-27.92566,-19.50888,-17.823048
CTGGTACCGGATCGGTGCGA,20,8113,1,2.2,,,,,,,,,,-88.61228986,-27.214767,-27.053017,-21.30275,-20.964767
CTGTTACCGAGTGGGACCGA,20,4644,2,4.39,,,,,,,,,,-83.45638057,-27.164452,-27.570877,-21.062317,-20.194092
CTGTTACCGGGCATGCCCGA,20,1397,11,24.15,,,,,,,,,,-94.71933579,-27.017448,-27.12056,-18.085815,-14.636711
CTGCAACCAGTTAGGTCCGA,20,4644,2,4.39,,,,,,,,,,-81.76981495,-27.32415,-26.589195,-23.230408,-22.208275
CTGTTACTGGGTAATTCCGA,20,3487,3,6.59,,,,,,,,,,-89.91726099,-26.998405,-25.354698,-20.901855,-17.889172
CTGATACCGCATACGTCCGA,20,8113,1,2.2,,,,,,,,,,-89.21922577,-26.79364,-26.515396,-17.65203,-16.593052
CTGTTACCGGGGAAAACCGA,20,4644,2,4.39,,,,,,,,,,-99.49203825,-26.54766,-27.33921,-16.78099,-13.041836
CTGTTACCGGATTGGACCGA,20,3487,3,6.59,,,,,,,,,,-90.74545616,-26.836815,-25.971268,-18.72039,-14.965527
CTGATTCCGGGTAGGTCGGA,20,8113,1,2.2,,,,,,,,,,-83.3427909,-28.228004,-27.730713,-22.600342,-21.19899
CTGTTACCCGGTAACAGCGA,20,8113,1,2.2,,,,,,,,,,-87.34216919,-26.988625,-27.740097,-19.06997,-21.318943
CTGCTACTGCGCAGGTCCGA,20,8113,1,2.2,,,,,,,,,,-90.36071261,-27.203827,-27.679878,-20.821098,-21.132278
CTGTTACCGTGTAGATGCGA,20,8113,1,2.2,,,,,,,,,,-88.16110836,-26.9935,-25.939163,-18.93959,-17.483383
CTGTCACCGGATTTGTCCGA,20,8113,1,2.2,,,,,,,,,,-83.79819585,-27.603813,-25.663734,-23.607819,-19.10028
CTGATACCGTGTAGGGCCGA,20,8113,1,2.2,,,,,,,,,,-82.21455252,-26.82338,-26.670853,-21.194092,-19.986626
CTGATACCGGACAAGTCCGA,20,8113,1,2.2,,,,,,,,,,-97.93165703,-26.611618,-26.67781,-16.548485,-11.512768
CTGTTATCGAGTACTTCGGA,20,8113,1,2.2,,,,,,,,,,-76.09047488,-28.005554,-27.727089,-24.85418,-26.94883
CTGTTATCGGTTAGGTCCGA,20,1999,7,15.37,,,,,,,,,,-87.7691236,-27.863312,-26.697021,-22.919044,-19.495464
CTGTTACCGTGTTGGCCCGA,20,8113,1,2.2,,,,,,,,,,-82.07997781,-27.028984,-25.673767,-20.489243,-19.412148
CTGTTACCGCGTCCGTCCGA,20,8113,1,2.2,,,,,,,,,,-87.45014164,-28.365578,-28.17237,-19.732956,-18.341839
CTGATACCGGGTATCTCCGA,20,1303,12,26.34,,,,,,,,,,-93.94652482,-27.261665,-26.355934,-18.047928,-13.653774
CTGTAACCGAATAAGTCCGA,20,4644,2,4.39,,,,,,,,,,-83.86647899,-26.8134,-26.875923,-23.249039,-21.606789
CTGTTACCGGGAAGAACCGA,20,1397,11,24.15,,,,,,,,,,-98.94365475,-26.65297,-27.358643,-17.449905,-13.6318245
CTGTTACCCGGTACATCCGA,20,8113,1,2.2,,,,,,,,,,-91.84989527,-27.203903,-26.622375,-17.807823,-18.328861
CTGTTACCGGCGAACCCCGA,20,8113,1,2.2,,,,,,,,,,-95.0789066,-27.096481,-28.54638,-18.657684,-15.817085
CTGTTACCGCCTATGTGCGA,20,8113,1,2.2,,,,,,,,,,-91.42249821,-27.714035,-27.052689,-18.225456,-14.419292
CTGTTACCCGATAGGGCCGA,20,8113,1,2.2,,,,,,,,,,-85.13485769,-27.39389,-27.792114,-20.98655,-21.9631
CTGGTACCGGCGAGGTCCGA,20,8113,1,2.2,,,,,,,,,,-95.48699114,-27.701866,-28.239784,-19.185295,-16.113434
CTGTTACCGGGAGAATCCGA,20,3487,3,6.59,,,,,,,,,,-101.5530299,-27.14724,-27.248108,-16.60624,-12.5633545
CTGTTACTGTGTGGGTCCGA,20,8113,1,2.2,,,,,,,,,,-75.61169618,-27.238106,-25.930412,-24.24366,-23.5517
CTGATTCTGGTTAGGTCCGA,20,8113,1,2.2,,,,,,,,,,-76.87374229,-27.651787,-26.12844,-25.074463,-22.626408
CTGTTACCGTGTCGATCCGA,20,8113,1,2.2,,,,,,,,,,-83.9193946,-27.362694,-25.66613,-19.086372,-17.500454
CTGTTACCGTGTGGCTCCGA,20,8113,1,2.2,,,,,,,,,,-81.60686079,-27.755562,-26.516022,-20.701935,-19.935646
CTGTTACCGGTTAGGCGCGA,20,8113,1,2.2,,,,,,,,,,-89.21375026,-27.409721,-27.82618,-20.801155,-20.545597
CTGTTACCGGGAATCCCCGA,20,8113,1,2.2,,,,,,,,,,-95.3963496,-27.108261,-27.26355,-18.718452,-15.229805
CTGTTACGGGGCGGGTCCGA,20,8113,1,2.2,,,,,,,,,,-84.88176519,-28.197395,-28.862404,-23.88784,-20.433235
CTGTTACCGGGACACTCCGA,20,8113,1,2.2,,,,,,,,,,-97.40949199,-27.51361,-28.260017,-18.393723,-14.464157
CTGTTACGGGGTAGATTCGA,20,8113,1,2.2,,,,,,,,,,-82.83346684,-27.983818,-27.828667,-22.481133,-21.402733
CTGTAACCGGGTTGGACCGA,20,8113,1,2.2,,,,,,,,,,-83.39040305,-27.02044,-26.959259,-23.186165,-19.674862
CTGGTACCGGATACGTCCGA,20,8113,1,2.2,,,,,,,,,,-93.76549681,-27.0195,-26.499397,-18.93116,-16.47152
CTGTTACCGCGTACGTGCGA,20,719,23,50.49,,,,,,,,,,-92.82839456,-27.409492,-27.880226,-18.826431,-13.959682
CTGATACCGGTACGGTCCGA,20,4644,2,4.39,,,,,,,,,,-93.50902943,-27.023224,-26.363235,-18.351677,-12.673096
CTGCTACCGGGTGGCACCGA,20,8113,1,2.2,,,,,,,,,,-95.63491138,-27.009415,-27.8022,-16.92241,-13.376289
CTGCTACCGGGTCGAACCGA,20,3487,3,6.59,,,,,,,,,,-98.24052301,-26.92543,-27.494553,-15.814049,-11.868202
CTGTTACCGGGTGTGGCCGA,20,8113,1,2.2,,,,,,,,,,-90.83429438,-27.11647,-26.379822,-18.452766,-15.90361
CTGAAACCGCGTACGTCCGA,20,8113,1,2.2,,,,,,,,,,-82.85075083,-27.200882,-28.087868,-22.829842,-21.752243
CTGTTACCACGTAGGTCCGA,20,1999,7,15.37,,,,,,,,,,-81.65091832,-27.412285,-26.772102,-20.912285,-21.491638
CTGTTACCGGTTTGATCCGA,20,971,17,37.32,,,,,,,,,,-94.04420138,-27.245155,-24.967293,-17.939758,-14.876858
CTGGTACCGGGTACTCCCGA,20,8113,1,2.2,,,,,,,,,,-91.86930672,-27.19165,-26.941414,-19.946709,-17.85268
CTGTTACCGGGGAGTTTCGA,20,8113,1,2.2,,,,,,,,,,-87.62437273,-28.506264,-29.377922,-22.02845,-21.394619
CTGATACCAGGTATGTCCGA,20,8113,1,2.2,,,,,,,,,,-89.04438216,-26.617874,-24.8256,-19.408005,-16.515255
CTGTCACCGGTTAGATCCGA,20,4644,2,4.39,,,,,,,,,,-88.82624861,-27.540894,-26.351479,-22.691978,-18.531025
CTGATACCGGCTCGGTCCGA,20,688,24,52.69,,,,,,,,,,-92.12771745,-27.77414,-27.444199,-18.851173,-12.900322
CTGTTGCCGAGGATGTCCGA,20,8113,1,2.2,,,,,,,,,,-76.98091869,-27.916199,-27.114273,-22.27327,-21.32735
CTGCTACCGGGGACTTCCGA,20,8113,1,2.2,,,,,,,,,,-100.0635442,-27.852623,-28.420517,-16.271675,-13.18362
CTGTTACCGGGTAATTGCGA,20,8113,1,2.2,,,,,,,,,,-94.79332043,-27.291214,-26.449966,-17.643646,-17.249695
CTGTTACCCGGTAAGACCGA,20,8113,1,2.2,,,,,,,,,,-92.75334459,-27.042892,-27.353607,-17.951492,-17.34061
CTGTTACCGGGTAGGCCGGA,20,2216,6,13.17,,,,,,,,,,-92.80795745,-27.512947,-27.979378,-19.809479,-18.068768
CTGGTACCGGGCAGGCCCGA,20,4644,2,4.39,,,,,,,,,,-94.82632631,-27.338799,-28.599174,-21.703873,-19.366966
CTGTTGCCGGGTAGCCCCGA,20,4644,2,4.39,,,,,,,,,,-84.12334989,-27.873055,-27.792725,-22.17315,-19.530022
CTGCTACCGGGAAATTCCGA,20,8113,1,2.2,,,,,,,,,,-105.9801333,-27.023369,-26.999367,-13.87706,-10.604752
CTGCTACCGGGAAAGTTCGA,20,8113,1,2.2,,,,,,,,,,-102.2702,-27.649551,-28.322197,-15.182426,-14.066956
CTGTTACCGCGCAGTTGCGA,20,8113,1,2.2,,,,,,,,,,-89.30922197,-27.741478,-28.15084,-19.60241,-16.128536
CTGTTTCCTGGTAAGACCGA,20,8113,1,2.2,,,,,,,,,,-78.70947806,-27.31955,-26.087547,-22.186531,-21.373077
CTGTTACCGGCTAGAGCCGA,20,1657,9,19.76,,,,,,,,,,-96.84024324,-27.190063,-27.459213,-17.83284,-14.102524
CTGTTTCCAGGTAACTCCGA,20,8113,1,2.2,,,,,,,,,,-81.90436656,-27.776245,-26.98616,-24.509453,-22.931133
CTGTTACCGGGAGCGACCGA,20,8113,1,2.2,,,,,,,,,,-94.57399229,-27.231483,-28.672386,-19.221664,-15.0109825
CTGCTATCGGTCAGGTCCGA,20,8113,1,2.2,,,,,,,,,,-92.79213317,-27.74591,-27.18612,-20.306519,-18.00705
CTGTTACCGAGTAGAACCGA,20,4644,2,4.39,,,,,,,,,,-88.95117287,-26.607338,-26.479378,-19.371376,-18.346924
CTGTAACCGGCTAGGTCCGA,20,971,17,37.32,,,,,,,,,,-88.22741469,-27.695122,-27.67492,-21.403282,-18.075283
CTGTTACCGGGTCAGTTCGA,20,8113,1,2.2,,,,,,,,,,-89.74541175,-28.215446,-28.137703,-19.941055,-18.2472
CTGTTGCCGCGGAGGCCCGA,20,8113,1,2.2,,,,,,,,,,-80.08702413,-28.164055,-29.45578,-23.431946,-23.39516
CTGTTACCGGGTATTCCCGA,20,8113,1,2.2,,,,,,,,,,-93.18659545,-27.119278,-25.665344,-18.530167,-15.627113
CTGTTACCGGGTCATTCCGA,20,3487,3,6.59,,,,,,,,,,-94.65760976,-27.705688,-26.341003,-18.273956,-14.40163
CTGATACCGGTCAGGTCCGA,20,2500,5,10.98,,,,,,,,,,-93.93635146,-27.395233,-26.61113,-17.98159,-13.045261
CTGCTACGGGGTAAGACCGA,20,8113,1,2.2,,,,,,,,,,-98.19601056,-26.807037,-27.51159,-17.350166,-15.214447
CTGTTTCCGGTGATGTCCGA,20,8113,1,2.2,,,,,,,,,,-84.56706299,-27.868599,-26.138962,-21.613014,-17.612503
CTGTTATCGGATAAGTCCGA,20,3487,3,6.59,,,,,,,,,,-92.9160956,-27.292381,-26.320717,-20.698792,-17.070297
CTGATGCCGGCCATGTCCGA,20,8113,1,2.2,,,,,,,,,,-83.4470399,-27.9104,-27.210419,-21.004692,-17.592388
CTGATACGGTTTAGCTCCGA,20,8113,1,2.2,,,,,,,,,,-70.97912091,-27.398376,-26.218468,-23.784348,-22.45575
CTGCTACCGGATATTTCCGA,20,8113,1,2.2,,,,,,,,,,-97.99501064,-27.156479,-25.678719,-16.453987,-13.748848
CTGTTTCCGGGTAGAACCGA,20,4644,2,4.39,,,,,,,,,,-86.26117144,-27.372253,-26.694466,-20.841782,-18.513664
CTGTTACCGTGTGGGTGCGA,20,8113,1,2.2,,,,,,,,,,-83.89836783,-27.415237,-26.74887,-21.192825,-19.330479
CTGATACCGACCACGTCCGA,20,8113,1,2.2,,,,,,,,,,-83.62330033,-27.08728,-27.544632,-19.67871,-18.138878
CTGTCACCGGATAGGACCGA,20,8113,1,2.2,,,,,,,,,,-85.63294758,-27.06771,-27.412117,-24.230263,-19.667423
CTGTTACCGGGTTAGGCCGA,20,2923,4,8.78,,,,,,,,,,-94.3185001,-27.31849,-26.84748,-18.414085,-15.56781
CTGTTATCAGGTAGGTCGGA,20,8113,1,2.2,,,,,,,,,,-81.14068448,-27.991852,-27.826584,-25.907532,-24.379566
CTGTAACCGGAGAGGTCCGA,20,8113,1,2.2,,,,,,,,,,-88.39521317,-27.422035,-28.021332,-22.62378,-19.214218
CTGTTTCCGAATATGTCCGA,20,8113,1,2.2,,,,,,,,,,-77.5513597,-27.494888,-25.542328,-22.693314,-22.238102
CTGTTACCGGGATTATCCGA,20,8113,1,2.2,,,,,,,,,,-96.15716723,-27.233246,-26.046333,-18.100143,-14.170357
CTGATACCGGGTTGCACCGA,20,8113,1,2.2,,,,,,,,,,-89.95414762,-26.46286,-25.641754,-18.403328,-14.4521675
CTGTTACCGGGAGGGACCGA,20,4644,2,4.39,,,,,,,,,,-94.875618,-27.38562,-28.825363,-19.999619,-15.648006
CTGATACCGGCAAGTTCCGA,20,8113,1,2.2,,,,,,,,,,-97.17456147,-26.985313,-26.358627,-16.10038,-12.037216
CTGATACCAGCTAGGTCCGA,20,8113,1,2.2,,,,,,,,,,-87.68703638,-26.998894,-26.350693,-19.961693,-17.009201
CTGCTACCGGACTGGACCGA,20,8113,1,2.2,,,,,,,,,,-94.59819894,-26.893959,-27.604134,-17.407486,-13.015781
CTGTTACCAGGGCGGTCCGA,20,4644,2,4.39,,,,,,,,,,-82.97739747,-27.781723,-28.543053,-23.679726,-20.78275
CTGATACCGGGTAAGCCCGA,20,1303,12,26.34,,,,,,,,,,-100.8294839,-26.45736,-26.733505,-16.800781,-11.896744
CTGATACCCGGTAGGACGGA,20,8113,1,2.2,,,,,,,,,,-91.44352506,-27.294899,-28.579903,-21.066582,-16.482285
CTGTTACCGGCGATGTCCGA,20,1514,10,21.95,,,,,,,,,,-96.29196133,-27.402214,-26.844795,-16.505234,-12.385738
CTGGTACCGGGCACGCCCGA,20,8113,1,2.2,,,,,,,,,,-93.27565199,-27.29766,-29.026932,-21.494438,-19.193428
CTGATTCCGGTTCGGTCCGA,20,8113,1,2.2,,,,,,,,,,-79.62186299,-28.069862,-26.538124,-23.307213,-19.628986
CTGCTACCGGCTACGCCCGA,20,8113,1,2.2,,,,,,,,,,-98.42113819,-27.175568,-28.25624,-15.914215,-13.441254
CTGTTACCGGCTAGTCCCGA,20,3487,3,6.59,,,,,,,,,,-92.16115595,-27.49089,-27.011963,-18.420944,-15.741882
CTGTTATCAGGTATTTCCGA,20,8113,1,2.2,,,,,,,,,,-79.11535459,-27.391495,-25.608475,-24.631943,-23.711231
CTGTAACCGGGTATGTCCGA,20,1514,10,21.95,,,,,,,,,,-86.93077591,-27.169434,-26.112915,-20.837013,-17.25885
CTGTTTCCGGGTCACTCCGA,20,8113,1,2.2,,,,,,,,,,-84.72019237,-28.512451,-27.757042,-23.008064,-19.68414
CTGCTACCGGGGAGTTCCGA,20,825,20,43.91,,,,,,,,,,-100.6757042,-27.723236,-27.811646,-15.593819,-12.137623
CTGATACCGGGTATGTGCGA,20,8113,1,2.2,,,,,,,,,,-93.30796299,-26.72425,-25.561401,-16.989128,-15.025379
CTGTTGCCGGCTAGAACCGA,20,8113,1,2.2,,,,,,,,,,-88.3515415,-27.494858,-27.516975,-20.636925,-18.365616
CTGTTACCGGGTATAGCCGA,20,8113,1,2.2,,,,,,,,,,-94.9338651,-26.810272,-25.933044,-16.97406,-15.291492
CTGATACCGGTAAGCTCCGA,20,3487,3,6.59,,,,,,,,,,-94.34248863,-27.071892,-26.722801,-17.620735,-13.282986
CTGTTACCCGCTAGCTCGGA,20,8113,1,2.2,,,,,,,,,,-90.26432598,-28.501633,-29.376022,-20.079605,-17.978046
CTGCTACCCGGTAGCTCCGA,20,8113,1,2.2,,,,,,,,,,-94.53515822,-27.74244,-28.016548,-16.260681,-16.37231
CTGATACCGAGTTGAAGCGA,20,8113,1,2.2,,,,,,,,,,-86.55248242,-26.567474,-26.376335,-19.80542,-18.846916
CTGTTACGGCGGAGGTCCGA,20,8113,1,2.2,,,,,,,,,,-82.163656,-27.91391,-28.559845,-22.271599,-22.035847
CTGGTACCAGGTGGGCCCGA,20,8113,1,2.2,,,,,,,,,,-83.96940193,-27.111671,-27.625092,-24.441864,-22.629192
CTGCTGCCGGGTTGCTCCGA,20,8113,1,2.2,,,,,,,,,,-86.2692968,-28.168953,-27.003181,-20.078056,-17.662487
CTGTTACCGATTTGGTCCGA,20,4644,2,4.39,,,,,,,,,,-83.57436539,-27.402008,-25.248863,-20.496605,-19.631573
CTGTTACCAGGTAGCACCGA,20,8113,1,2.2,,,,,,,,,,-85.07448941,-26.67891,-26.712868,-22.067291,-20.591793
CTGTTACTTGGTAGCTCCGA,20,8113,1,2.2,,,,,,,,,,-76.53965649,-27.190735,-25.924881,-23.162994,-23.174305
CTGCTACCGGATCTATCCGA,20,8113,1,2.2,,,,,,,,,,-98.53702898,-27.154366,-26.233719,-16.117226,-13.168694
CTGCTACCGGGGTGGCCCGA,20,8113,1,2.2,,,,,,,,,,-100.182376,-27.294434,-27.859772,-16.789612,-13.081673
CTGTAACCGGATTTGTCCGA,20,8113,1,2.2,,,,,,,,,,-83.09681582,-27.210068,-25.653137,-22.55027,-19.148422
CTGTTACCGGCAAGGGCCGA,20,1800,8,17.56,,,,,,,,,,-97.5221194,-27.274918,-28.2827,-18.292542,-13.946106
CTGTTACCGGATAAGGCCGA,20,3487,3,6.59,,,,,,,,,,-96.20269711,-26.828491,-26.8172,-17.468002,-15.107285
CTGTTACCCGGAGGATCCGA,20,8113,1,2.2,,,,,,,,,,-92.06280281,-27.654053,-27.985466,-18.521767,-18.5029
CTGTTACGGGGTAGCTCCGA,20,1657,9,19.76,,,,,,,,,,-86.37212186,-27.695702,-27.396606,-20.992249,-18.488583
CTGTTACTGGTTTGTTCCGA,20,4644,2,4.39,,,,,,,,,,-82.11656337,-27.101868,-24.150856,-22.14624,-20.44764
CTGCTACCGGGTTTTTCCGA,20,8113,1,2.2,,,,,,,,,,-95.20177147,-27.815727,-26.554527,-19.242264,-15.764496
CTGTCACCGGGTTGGACCGA,20,8113,1,2.2,,,,,,,,,,-84.04072394,-27.373001,-26.831535,-23.440018,-18.88543
CTGTTACCGTGCAGGTCCGA,20,1657,9,19.76,,,,,,,,,,-85.99858188,-27.487206,-26.763863,-20.333298,-18.284428
CTGCTACCGGGCAGGACCGA,20,872,19,41.71,,,,,,,,,,-100.3838233,-27.175194,-28.726364,-17.084877,-12.843601
CTGTTTCCGGTTAGTGGCGA,20,8113,1,2.2,,,,,,,,,,-76.3779805,-28.15664,-26.975075,-23.099815,-25.145515
CTGATACCGGGGAGACCCGA,20,8113,1,2.2,,,,,,,,,,-98.43987793,-26.72316,-27.848877,-18.455887,-13.522747
CTGTTACCGGAAATATCCGA,20,8113,1,2.2,,,,,,,,,,-99.4554093,-26.64193,-25.944107,-16.828926,-13.789349
CTGATACCGGGTTAGTTCGA,20,8113,1,2.2,,,,,,,,,,-90.95456834,-27.715096,-26.606796,-19.244408,-16.857327
CTGGTACCGAGTAGGGCCGA,20,8113,1,2.2,,,,,,,,,,-82.79128184,-27.15815,-27.54329,-23.045113,-23.939808
CTGTTTCCGGTAAGGGCCGA,20,8113,1,2.2,,,,,,,,,,-83.71746693,-27.932068,-27.770615,-22.60231,-21.164467
CTGCTACCGGGCACGACCGA,20,8113,1,2.2,,,,,,,,,,-99.64317645,-27.101974,-28.75933,-16.379387,-12.393925
CTGTTACCGCGCCGATGCGA,20,4644,2,4.39,,,,,,,,,,-87.73138089,-27.82814,-28.880714,-19.890999,-15.968552
CTGACACCGCGTAGGTCCGA,20,8113,1,2.2,,,,,,,,,,-85.56306822,-27.573906,-27.327675,-22.773758,-20.166847
CTGTTACCGCGTGTGTCGGA,20,8113,1,2.2,,,,,,,,,,-86.23444189,-28.119583,-27.46318,-20.363678,-21.70919
CTGTTACCGGGTGGAACCGA,20,2500,5,10.98,,,,,,,,,,-93.79411557,-26.81073,-26.940613,-17.998787,-14.383778
CTGCTACCGGGTCTGGCCGA,20,8113,1,2.2,,,,,,,,,,-93.99183711,-27.558105,-27.218124,-16.166428,-14.358913
CTGTTACCGGGTCGCACCGA,20,2216,6,13.17,,,,,,,,,,-88.73534846,-27.335411,-27.780945,-19.792427,-16.237907
CTGACACCGGGCAAGTCCGA,20,8113,1,2.2,,,,,,,,,,-92.88208848,-27.285965,-28.083038,-23.328178,-17.708958
CTGGTATCGGGTGGGTCCGA,20,4644,2,4.39,,,,,,,,,,-87.25982575,-27.648376,-27.329842,-24.003036,-20.898975
CTGTTACCCAGTAGGTCCGA,20,2216,6,13.17,,,,,,,,,,-82.20338906,-27.640427,-27.070053,-20.21608,-22.543201
CTGTTACCGTGAAGCTCCGA,20,8113,1,2.2,,,,,,,,,,-87.53593988,-27.520615,-27.20086,-20.243912,-18.791492
CTGTTACCGGAGTGGTCCGA,20,4644,2,4.39,,,,,,,,,,-93.53251025,-27.358551,-26.348152,-17.96228,-13.9122925
CTGTTACCGTTTATGTGCGA,20,8113,1,2.2,,,,,,,,,,-85.06267482,-27.25544,-25.769981,-22.115944,-19.615124
CTGAAACCGGGTAGCACCGA,20,8113,1,2.2,,,,,,,,,,-84.75406918,-26.481392,-27.72406,-24.175095,-20.581875
CTGCTACCGGGAAGCACCGA,20,3487,3,6.59,,,,,,,,,,-102.1996734,-26.703651,-28.251762,-15.791199,-11.993359
CTGTTACCGGCTTCGTCCGA,20,1999,7,15.37,,,,,,,,,,-92.45392188,-28.070175,-26.95301,-18.671974,-14.399517
CTGTTACCGGGAATGGCCGA,20,1657,9,19.76,,,,,,,,,,-95.23433293,-26.85682,-26.647743,-16.20559,-14.408054
CTGCTACCTGGTAGTTCCGA,20,8113,1,2.2,,,,,,,,,,-89.85569471,-27.286453,-25.660652,-18.03453,-17.161697
CTGTTACTGGGTCGTTCCGA,20,8113,1,2.2,,,,,,,,,,-82.82773271,-27.598427,-25.75711,-22.403053,-19.56174
CTGTTATCGGATAGCTCCGA,20,8113,1,2.2,,,,,,,,,,-86.05258512,-27.46061,-26.66082,-22.25309,-19.933125
CTGATACCGGCTAGAACCGA,20,4644,2,4.39,,,,,,,,,,-96.54896274,-26.44841,-26.914413,-17.76564,-13.128746
CTGTTACCGGGTGGATTCGA,20,8113,1,2.2,,,,,,,,,,-88.75599989,-27.947548,-27.845955,-20.13427,-19.302223
CTGTTACCAAGTACGTCCGA,20,8113,1,2.2,,,,,,,,,,-78.74411418,-27.072456,-26.553024,-22.918427,-23.412968
CTGTTACCGAGTAGGTGCGA,20,4644,2,4.39,,,,,,,,,,-88.27072651,-27.260063,-27.020508,-19.898254,-17.783997
CTGTCACCGGGTTCTTCCGA,20,8113,1,2.2,,,,,,,,,,-82.68294497,-28.306213,-27.026512,-23.88514,-20.376614
CTGTTATTGGATAGGTCCGA,20,8113,1,2.2,,,,,,,,,,-80.34557692,-27.492783,-26.04174,-24.652893,-22.354172
CTGTTATCGCGTATGTCCGA,20,4644,2,4.39,,,,,,,,,,-83.29462078,-27.349304,-25.860535,-21.256195,-20.722218
CTGTTTCCGGGAAGTTCCGA,20,8113,1,2.2,,,,,,,,,,-87.14189747,-28.173012,-27.361084,-21.968544,-19.429054
CTGATACCGGTTCATTCCGA,20,8113,1,2.2,,,,,,,,,,-92.71724765,-27.095032,-24.83007,-17.930168,-14.230957
CTGCTTCCGGGAACGTCCGA,20,8113,1,2.2,,,,,,,,,,-95.70636827,-27.914513,-28.294495,-18.714867,-16.084446
CTGGTACCGGGTAGGTCGGA,20,2923,4,8.78,,,,,,,,,,-92.22257009,-27.999443,-27.932144,-20.826996,-20.239185
CTGTTACCGCGTGGGACCGA,20,8113,1,2.2,,,,,,,,,,-87.07984821,-27.518272,-28.358047,-19.89949,-19.279385
CTGATTCCGGATAGGTCCGA,20,2500,5,10.98,,,,,,,,,,-85.29330372,-27.492393,-26.228737,-21.432945,-17.857105
CTGTTGCCGGGTCTGTCCGA,20,8113,1,2.2,,,,,,,,,,-81.44445157,-28.489403,-26.895401,-21.724564,-17.95221
CTGTTACCGCGTTTATCCGA,20,8113,1,2.2,,,,,,,,,,-88.18117578,-27.567863,-26.31755,-19.401848,-18.934273
CTGACACCGGGTAGATCCGA,20,8113,1,2.2,,,,,,,,,,-92.04288082,-27.031532,-26.328033,-21.393562,-16.419933
CTGTTTCCGTGGGGGTCCGA,20,8113,1,2.2,,,,,,,,,,-72.24448416,-28.661575,-28.368736,-25.540726,-24.086037
CTGATACCGGTGAGGTCCGA,20,2923,4,8.78,,,,,,,,,,-95.45428912,-27.245468,-26.529373,-17.707092,-12.530857
CTGCTACCGGCTTGGACCGA,20,4644,2,4.39,,,,,,,,,,-96.35314042,-27.28807,-27.336823,-16.57492,-12.706181
CTGCTTCTGGGCAGGTCCGA,20,8113,1,2.2,,,,,,,,,,-85.45396933,-28.116104,-27.905754,-24.247627,-23.56252
CTGCCACCGGTAAGGACCGA,20,8113,1,2.2,,,,,,,,,,-94.51619396,-27.408493,-28.32737,-23.01316,-19.140667
CTGTTACCGGGAACCTCCGA,20,1397,11,24.15,,,,,,,,,,-97.45795261,-27.589516,-28.435509,-18.795525,-15.041294
CTGCTACCTGGTAGGACCGA,20,8113,1,2.2,,,,,,,,,,-91.23740324,-26.89441,-26.915459,-19.275597,-17.14708
CTGTTACCCGGTAGCACCGA,20,2923,4,8.78,,,,,,,,,,-87.9257964,-27.104332,-27.490456,-19.733566,-19.718464
CTGATACCGACGAGGTCCGA,20,8113,1,2.2,,,,,,,,,,-87.23440004,-27.103317,-27.193031,-18.68824,-16.302433
CTGTTACCGCGTCAGTGCGA,20,4644,2,4.39,,,,,,,,,,-93.40631796,-27.647408,-27.914917,-17.890831,-13.176712
CTGCTTCCGGCAATGTCCGA,20,8113,1,2.2,,,,,,,,,,-94.27377979,-27.64235,-26.849396,-17.73101,-15.39193
CTGTTACCTTGTAGGTCCGA,20,2923,4,8.78,,,,,,,,,,-74.68031098,-27.456085,-26.148323,-22.97329,-23.224342
CTGTTACCGTCTTGGTCCGA,20,8113,1,2.2,,,,,,,,,,-83.12244279,-27.812172,-25.62246,-19.394974,-17.705502
CTGGTACCGGGTATTTCCGA,20,8113,1,2.2,,,,,,,,,,-91.25117364,-27.48423,-25.863152,-19.917099,-18.099823
CTGATACCGGCTATCCCCGA,20,8113,1,2.2,,,,,,,,,,-89.51100593,-26.992813,-26.67073,-18.829353,-15.301228
CTGTTACCGGGGAACTCCGA,20,1800,8,17.56,,,,,,,,,,-98.94366909,-27.55471,-28.46511,-18.131256,-14.095829
CTGTTACCGGCCATGTCCGA,20,1514,10,21.95,,,,,,,,,,-94.43237153,-27.693192,-26.818634,-16.978767,-13.496471
CTGATACCGGTAAAGTCCGA,20,4644,2,4.39,,,,,,,,,,-100.9491865,-26.705208,-26.16211,-15.9076,-10.66988
CTGGTACCGGTTAGCTCCGA,20,4644,2,4.39,,,,,,,,,,-90.26778055,-27.594795,-26.543365,-19.425438,-17.489101
CTGCTACCGGGTAAAACCGA,20,4644,2,4.39,,,,,,,,,,-105.7115968,-26.179253,-26.74411,-13.756775,-10.026699
CTGATACCGACAAAGTCCGA,20,8113,1,2.2,,,,,,,,,,-94.5352681,-26.36927,-26.367325,-16.33648,-14.549171
CTGATACCGAATAGGTCCGA,20,8113,1,2.2,,,,,,,,,,-86.94681628,-26.74514,-25.61142,-18.811188,-16.913666
CTGTTACCCGGATGGTCGGA,20,8113,1,2.2,,,,,,,,,,-92.75673941,-28.039864,-27.585701,-19.257576,-16.492573
CTGCTACCGGTAATGTCCGA,20,8113,1,2.2,,,,,,,,,,-102.0281563,-26.979462,-25.755844,-14.611145,-11.011063
CTGATACCGGTGACGTCCGA,20,3487,3,6.59,,,,,,,,,,-93.8346119,-27.088364,-26.745369,-17.801308,-12.5703125
CTGCTACCGAGTCGTTCCGA,20,8113,1,2.2,,,,,,,,,,-87.9091924,-27.683418,-26.548546,-17.90001,-17.054241
CTGTAACCGGACAGGTCCGA,20,3487,3,6.59,,,,,,,,,,-88.09131406,-27.273804,-27.850105,-22.940727,-19.591537
CTGTTACGGGCTAGGGCCGA,20,8113,1,2.2,,,,,,,,,,-85.38563419,-27.638329,-28.228409,-22.001984,-19.643284
CTGCTGCCGGCAAGGTCCGA,20,8113,1,2.2,,,,,,,,,,-95.86184014,-28.024704,-28.642044,-19.121536,-16.626648
CTGTTACCGTGTAAATCCGA,20,2216,6,13.17,,,,,,,,,,-91.11759152,-26.813042,-25.517845,-18.242783,-16.375225
CTGCTACCGGGTAGCTGCGA,20,8113,1,2.2,,,,,,,,,,-98.04596979,-27.258316,-27.572525,-15.680046,-15.682194
CTGTTACCGGACAGAGCCGA,20,8113,1,2.2,,,,,,,,,,-94.07919035,-26.726357,-27.365372,-18.576088,-16.695728
CTGTTACCGGTTATGTGCGA,20,8113,1,2.2,,,,,,,,,,-91.7204609,-27.176376,-25.646713,-19.05198,-17.903385
CTGTTACCGGGAAGCTCCGA,20,125,283,621.29,,,,,,,,,,-97.97656732,-27.586578,-28.15303,-18.240318,-14.287209
CTGTAACCGCATAAGTCCGA,20,8113,1,2.2,,,,,,,,,,-86.32640312,-27.029076,-27.394768,-22.173523,-21.081978
CTGGTACCGGCTAGTTCCGA,20,3487,3,6.59,,,,,,,,,,-92.34177243,-27.657982,-26.201538,-17.964928,-15.35894
CTGCTACCGGGCAGGTTCGA,20,8113,1,2.2,,,,,,,,,,-95.7115246,-28.203888,-28.926079,-18.449028,-17.458496
CTGTCACCGGGCATGACCGA,20,8113,1,2.2,,,,,,,,,,-85.2201003,-27.2639,-28.027695,-23.995323,-19.320942
CTGTTTCTCGGGAGATCCGA,20,8113,1,2.2,,,,,,,,,,-73.86442777,-27.906166,-27.291283,-24.667313,-25.884209
CTGCTACCGGGCAGTTCCGA,20,1999,7,15.37,,,,,,,,,,-99.89632611,-27.667473,-27.670235,-16.187721,-12.865952
CTGCCACCGGGAAGACTCGA,20,8113,1,2.2,,,,,,,,,,-92.24497737,-27.97718,-29.561577,-23.42659,-21.000626
CTGTTTCCAGGTACGTCCGA,20,4644,2,4.39,,,,,,,,,,-78.0472155,-27.893684,-26.879585,-23.938835,-21.971626
CTGCTTCCGGGAAGGTCCGA,20,4644,2,4.39,,,,,,,,,,-95.67750743,-28.091324,-28.205719,-19.190529,-16.762154
CTGTTACCGGGTTGCGCCGA,20,3487,3,6.59,,,,,,,,,,-88.02157383,-27.13755,-26.514,-19.549126,-17.747456
CTGCTACCGGGTCGCTCCGA,20,618,27,59.27,,,,,,,,,,-96.07981467,-28.07618,-28.246666,-17.093231,-13.138729
CTGAAACCGAGTACGTCCGA,20,8113,1,2.2,,,,,,,,,,-80.05009017,-26.867302,-27.18328,-23.410225,-22.230686
CTGTTACCAAGTAGGTCCGA,20,1999,7,15.37,,,,,,,,,,-78.38959506,-27.250114,-26.398201,-22.392189,-22.816307
CTGTTACGGGGGAGATCCGA,20,8113,1,2.2,,,,,,,,,,-89.80924278,-27.561462,-27.737686,-20.550331,-18.454826
CTGATACCGGACCGGTCCGA,20,4644,2,4.39,,,,,,,,,,-89.00711369,-27.341301,-27.58374,-20.153313,-14.7405205
CTGTTACCGGTTCTGTCCGA,20,3487,3,6.59,,,,,,,,,,-90.39620755,-27.69728,-25.646286,-19.475937,-15.276958
CTGTTACCGGTTAAGCCCGA,20,4644,2,4.39,,,,,,,,,,-96.71759253,-26.914856,-26.651642,-18.33052,-14.818302
CTGCTACCGGGCTGGCCCGA,20,8113,1,2.2,,,,,,,,,,-98.13128952,-27.511444,-28.214943,-17.675987,-14.072689
CTGTAACCGGGTAGGACGGA,20,8113,1,2.2,,,,,,,,,,-82.42154409,-27.455788,-29.027664,-24.748566,-23.27745
CTGCTACCGAGTAGATCCGA,20,2923,4,8.78,,,,,,,,,,-95.62584804,-26.945938,-26.298904,-15.636955,-14.320801
CTGTTACCGTATATGTCCGA,20,8113,1,2.2,,,,,,,,,,-85.00218168,-26.947334,-24.798302,-19.526466,-18.003452
CTGCAACCGAGTAGGGCCGA,20,8113,1,2.2,,,,,,,,,,-80.88235685,-26.999657,-28.066032,-23.703354,-23.917965
CTGTTTCCGGGCGGGTCCGA,20,8113,1,2.2,,,,,,,,,,-81.43861632,-28.770226,-29.205872,-24.446655,-21.178093
CTGGTACCTGGTAGGCCCGA,20,8113,1,2.2,,,,,,,,,,-86.46963074,-27.030495,-26.817924,-22.93013,-21.783886
CTGTTTCCGGGTAGATTCGA,20,4644,2,4.39,,,,,,,,,,-81.06447198,-28.533379,-28.232948,-23.400253,-23.102371
CTGCTACCGGATATGACCGA,20,4644,2,4.39,,,,,,,,,,-98.30360155,-26.394905,-25.93016,-14.575966,-11.326817
CTGTCACCGGGTAGGCCCGA,20,665,25,54.88,,,,,,,,,,-87.68859384,-27.483246,-28.055931,-24.392578,-19.788338
CTGTTACCGGATAGCGCCGA,20,2500,5,10.98,,,,,,,,,,-89.54530489,-26.887009,-27.230247,-19.725967,-17.635185
CTGCTTCCGGGTACATCCGA,20,8113,1,2.2,,,,,,,,,,-94.48748716,-27.557198,-26.728828,-18.140121,-16.568344
CTGTTACGGCGCAGGTCCGA,20,4644,2,4.39,,,,,,,,,,-80.99364173,-27.939484,-28.505539,-22.398056,-21.908592
CTGATACCTGTTAGGTCCGA,20,8113,1,2.2,,,,,,,,,,-84.38738495,-27.112663,-25.72927,-21.381744,-19.03376
CTGATACCGAGTTGGTCCGA,20,4644,2,4.39,,,,,,,,,,-86.9795469,-27.008873,-24.901932,-18.258438,-17.239384
CTGTTACCGTGTAGGCCGGA,20,8113,1,2.2,,,,,,,,,,-81.64056909,-27.408035,-27.253586,-21.802925,-22.560246
CTGATACCGGGCAGACCCGA,20,8113,1,2.2,,,,,,,,,,-97.16065624,-26.643356,-27.759003,-19.230614,-14.122025
CTGTTACTGCTTTGGTGCGA,20,8113,1,2.2,,,,,,,,,,-79.72223201,-27.031708,-25.90065,-23.207062,-20.67474
CTGTTACCGTGGAGGTCCGA,20,2500,5,10.98,,,,,,,,,,-86.88748319,-27.686317,-27.194778,-20.298683,-17.867939
CTGTTACCGGCTTACTCCGA,20,8113,1,2.2,,,,,,,,,,-93.97111728,-27.710587,-27.120888,-18.667961,-14.89761
CTGTTACTGGCTTAGTCCGA,20,8113,1,2.2,,,,,,,,,,-89.66170089,-27.26268,-25.95372,-20.865929,-18.384556
CTGTTACCCGCTAAGTCGGA,20,4644,2,4.39,,,,,,,,,,-97.30875497,-28.15989,-28.807106,-18.572235,-16.032555
CTGATTCCGGGTTCGTCCGA,20,8113,1,2.2,,,,,,,,,,-82.64227445,-28.03688,-26.442513,-21.494293,-18.228863
CTGTTTCCCCGAAGGTCCGA,20,8113,1,2.2,,,,,,,,,,-76.5958201,-28.663918,-28.604553,-23.161606,-25.981348
CTGACACCGGGGAAGTCCGA,20,8113,1,2.2,,,,,,,,,,-94.18848962,-27.294708,-28.077057,-22.783768,-16.926323
CTGTTACCCGGTAATTCCGA,20,4644,2,4.39,,,,,,,,,,-91.90929565,-27.446716,-26.382957,-18.09134,-18.225979
CTGTTTCTGGGAGGGTCCGA,20,8113,1,2.2,,,,,,,,,,-77.68064063,-28.250237,-28.090492,-26.203522,-24.36599
CTGCTTCCGGCGAGGGCCGA,20,8113,1,2.2,,,,,,,,,,-88.57649352,-28.167221,-29.363731,-21.343063,-17.929253
CTGTTACCGGATAGGACGGA,20,8113,1,2.2,,,,,,,,,,-89.83623306,-27.278107,-27.839554,-20.04013,-18.369133
CTGCTACCGGGAAAGACCGA,20,3487,3,6.59,,,,,,,,,,-107.2666916,-26.531998,-27.755928,-13.250549,-9.502827
CTGTTACCGTGAAAGTCCGA,20,4644,2,4.39,,,,,,,,,,-93.05210021,-27.154274,-26.608955,-18.27874,-15.986969
CTGTTACCGGTGAGTGCCGA,20,8113,1,2.2,,,,,,,,,,-91.1743256,-27.032372,-26.218643,-18.638878,-16.987125
CTGTTACCGGGGAGTACCGA,20,2500,5,10.98,,,,,,,,,,-93.40865596,-27.155342,-27.723816,-18.690125,-15.783623
CTGGTATCGGGTAGCACCGA,20,8113,1,2.2,,,,,,,,,,-84.35789281,-26.86547,-26.99849,-23.016914,-21.977303
CTGTAACCGGGTAGCGCCGA,20,8113,1,2.2,,,,,,,,,,-82.62265153,-27.094643,-28.391655,-24.89627,-23.423325
CTGTTACTGGGTAGATCCGA,20,1063,15,32.93,,,,,,,,,,-90.69009476,-26.92492,-25.411247,-20.114212,-17.423145
CTGATACCGGCGGGGTCCGA,20,2923,4,8.78,,,,,,,,,,-94.0741385,-27.634796,-28.630203,-19.582825,-13.731407
CTGCTACCGGGGACGACCGA,20,8113,1,2.2,,,,,,,,,,-100.6495735,-27.143753,-28.664429,-16.120316,-12.031097
CTGCTACCGGTTTAGTCCGA,20,8113,1,2.2,,,,,,,,,,-100.6908364,-27.50888,-26.43274,-17.027695,-12.899048
CTGTTACCGGGTCAGACCGA,20,2500,5,10.98,,,,,,,,,,-95.08125996,-27.16681,-27.250183,-17.614769,-12.909
CTGTTATCCGGTAGGTCGGA,20,8113,1,2.2,,,,,,,,,,-86.71356995,-28.130043,-27.952454,-23.883286,-21.750324
CTGTTATTGGGTTGGTCCGA,20,8113,1,2.2,,,,,,,,,,-78.73865455,-27.586945,-25.72522,-24.518105,-22.687431
CTGCTTCCGGGTAGATCCGA,20,3487,3,6.59,,,,,,,,,,-94.12828099,-27.782402,-26.91822,-18.475647,-16.650646
CTGTTATCGGGTTGCTCCGA,20,8113,1,2.2,,,,,,,,,,-84.31885471,-27.627281,-25.965073,-22.257362,-19.99569
CTGCCACCGGATAGGTCCGA,20,8113,1,2.2,,,,,,,,,,-94.62701538,-27.76136,-27.265663,-21.282082,-17.315804
CTGTCACCGGGTACGCCCGA,20,8113,1,2.2,,,,,,,,,,-86.81817255,-27.329948,-28.29216,-24.389793,-19.793991
CTGTTACCGGACTGGTCCGA,20,2500,5,10.98,,,,,,,,,,-91.80452693,-27.421494,-26.487793,-18.62954,-14.360455
CTGTTTCCTGGTAATTCCGA,20,8113,1,2.2,,,,,,,,,,-77.08901096,-27.671135,-25.614922,-23.59449,-22.884842
CTGATACCGACTTTGTCCGA,20,8113,1,2.2,,,,,,,,,,-85.58856749,-27.04895,-25.113312,-19.659271,-18.3214
CTGTTACCGAGTAGATTCGA,20,8113,1,2.2,,,,,,,,,,-84.50313378,-27.736397,-27.442833,-20.863403,-18.526634
CTGTTACCGGTCTAGTCCGA,20,4644,2,4.39,,,,,,,,,,-94.98613173,-27.764717,-26.605263,-18.359718,-14.020763
CTGCAACCGGTTAGTAGCGA,20,8113,1,2.2,,,,,,,,,,-85.4182665,-27.227928,-27.317894,-22.390503,-22.80651
CTGATACCGGGTACGGCCGA,20,8113,1,2.2,,,,,,,,,,-92.7416421,-26.705345,-27.067154,-17.80111,-15.002613
CTGTTACCGGGAAGATTCGA,20,8113,1,2.2,,,,,,,,,,-93.66596896,-27.82286,-28.435326,-19.559998,-18.173946
CTGTTACCGGCTCTATCCGA,20,8113,1,2.2,,,,,,,,,,-93.55466951,-27.8274,-26.979248,-18.857758,-15.6109085
CTGCTACCGGGAACATCCGA,20,8113,1,2.2,,,,,,,,,,-106.5565986,-26.732468,-27.279594,-13.510048,-9.989155
CTGTTACCGGAAAGACCCGA,20,8113,1,2.2,,,,,,,,,,-97.54978609,-26.477455,-27.257195,-18.099335,-14.851479
CTGTCACCGGACAGGTCCGA,20,8113,1,2.2,,,,,,,,,,-87.12816111,-27.621284,-27.926758,-23.953682,-19.09525
CTGTTACCAGGTAGATCCGA,20,1014,16,35.13,,,,,,,,,,-90.27476397,-27.012718,-25.863892,-19.522331,-17.89502
CTGTTTCCGGGTGGTTCCGA,20,8113,1,2.2,,,,,,,,,,-80.23535715,-28.294373,-26.489716,-22.762955,-20.202133
CTGGTACCGGGGAGCGCCGA,20,8113,1,2.2,,,,,,,,,,-88.53369808,-27.332405,-28.921455,-22.150414,-20.876007
CTGTAACCGGGTTGTTCCGA,20,8113,1,2.2,,,,,,,,,,-82.49534116,-27.376968,-25.492027,-21.346024,-18.841179
CTGCTACCGGCAATATCCGA,20,8113,1,2.2,,,,,,,,,,-105.0028914,-26.678123,-26.576736,-13.349274,-10.737289
CTGTTACCGGGGCTGGCCGA,20,8113,1,2.2,,,,,,,,,,-89.23431541,-27.591278,-28.035355,-19.999046,-17.46846
CTGTTTCCCGATAGGTCGGA,20,8113,1,2.2,,,,,,,,,,-81.74345289,-28.612312,-27.975769,-23.030418,-21.16539
CTGATGCCGGGTAGGACCGA,20,8113,1,2.2,,,,,,,,,,-85.81438998,-27.349136,-27.75962,-22.372772,-18.083534
CTGTTATCGGGTTCGTGCGA,20,4644,2,4.39,,,,,,,,,,-82.31642551,-27.719086,-26.831337,-22.980629,-22.152584
CTGTTACCTGGTCAGTCCGA,20,8113,1,2.2,,,,,,,,,,-86.93017409,-27.48249,-26.314598,-20.221893,-17.981354
CTGATACCGGATAGATCCGA,20,1303,12,26.34,,,,,,,,,,-97.63507994,-26.488884,-25.20449,-16.190613,-11.454487
CTGATACCGGGGTAGTCCGA,20,4644,2,4.39,,,,,,,,,,-98.626236,-27.189362,-26.736824,-17.038818,-11.486332
CTGTTATCGGGTTGGTGCGA,20,8113,1,2.2,,,,,,,,,,-83.04736967,-27.38749,-26.380005,-22.815758,-22.401249
CTGATACCGGATACATCCGA,20,4644,2,4.39,,,,,,,,,,-96.46449956,-26.175034,-25.300758,-16.482643,-12.385651
CTGTTACCGGTATACTCCGA,20,8113,1,2.2,,,,,,,,,,-95.69001351,-27.173927,-26.182137,-18.458755,-14.858589
CTGTTACCGGATTTGTCGGA,20,8113,1,2.2,,,,,,,,,,-87.91642488,-27.739563,-26.221237,-20.638191,-19.374195
CTGTAACCGGGATGGTGCGA,20,8113,1,2.2,,,,,,,,,,-84.6515128,-27.04319,-27.063095,-22.468987,-21.631596
CTGTTATCGGGTAGACCCGA,20,8113,1,2.2,,,,,,,,,,-89.40279929,-27.069489,-26.745201,-21.392113,-19.355152
CTGTTACCCCGTAGGTCCGA,20,2923,4,8.78,,,,,,,,,,-84.91121142,-28.219284,-27.923294,-19.550926,-22.199448
CTGCAACCGGGTTGGTCCGA,20,8113,1,2.2,,,,,,,,,,-91.36073663,-27.44133,-26.000069,-18.86721,-16.32613
CTGTTACCCGGCAAGTCCGA,20,4644,2,4.39,,,,,,,,,,-94.58300783,-27.657745,-28.321404,-18.254425,-18.3852
CTGTTACCGGGTGGCTCCGA,20,263,94,206.36,,,,,,,,,,-92.26269439,-27.798332,-27.38276,-18.941238,-15.299301
CTGTTTCCTCGTAGGTCCGA,20,8113,1,2.2,,,,,,,,,,-68.65124199,-28.3489,-27.12297,-24.232689,-25.6583
CTGTTACTGGGTAAGACCGA,20,4644,2,4.39,,,,,,,,,,-90.50859502,-26.593132,-26.151192,-20.178322,-17.988262
CTGTTACCGAGCAGATCCGA,20,4644,2,4.39,,,,,,,,,,-88.8713903,-27.063797,-26.989449,-19.35656,-18.179787
CTGTTATCGGGAAGGGGCGA,20,8113,1,2.2,,,,,,,,,,-81.08359088,-27.765823,-29.032768,-24.016716,-25.5576
CTGTTACCGGGTAACACCGA,20,1800,8,17.56,,,,,,,,,,-97.22028871,-26.594368,-26.818375,-17.579857,-13.998955
CTGTTACCGGATTGTTCCGA,20,3487,3,6.59,,,,,,,,,,-91.32625488,-27.175201,-24.520134,-17.925987,-15.144035
CTGCTACCGGCGTGGTCCGA,20,4644,2,4.39,,,,,,,,,,-98.80207908,-27.664597,-27.414124,-15.510834,-11.411053
CTGTTGCCGGGTGTTTCCGA,20,8113,1,2.2,,,,,,,,,,-80.59614777,-28.316132,-26.343895,-22.723183,-20.04253
CTGATACCGGTTAGGACCGA,20,1657,9,19.76,,,,,,,,,,-92.98886866,-26.835815,-26.674042,-19.39338,-14.663609
CTGTTACCGGGTAGATGCGA,20,872,19,41.71,,,,,,,,,,-95.13378689,-27.093422,-26.690033,-17.045837,-16.639168
CTGTTACCGAGGCGGACCGA,20,8113,1,2.2,,,,,,,,,,-81.51180005,-27.296303,-28.822563,-22.444344,-20.978722
CTGTTACCAGGTACATCCGA,20,3487,3,6.59,,,,,,,,,,-90.6002113,-26.776344,-25.811897,-20.055168,-18.644299
CTGAAACCGGGTAGATCCGA,20,8113,1,2.2,,,,,,,,,,-90.55409983,-26.803398,-26.562233,-20.739113,-16.751835
CTGATACCGGTCCAGTCCGA,20,8113,1,2.2,,,,,,,,,,-92.70100591,-27.352737,-26.651001,-18.23838,-13.153133
CTGTTTCGGCGCAGATCCGA,20,8113,1,2.2,,,,,,,,,,-70.90991193,-28.217789,-27.877075,-24.59719,-24.818712
CTGTCACCGGGTAGCGCCGA,20,4644,2,4.39,,,,,,,,,,-82.76876388,-27.448051,-28.385452,-24.805626,-22.347809
CTGCTACCCGGAAGGACCGA,20,4644,2,4.39,,,,,,,,,,-96.82169299,-27.11515,-28.82183,-17.042618,-15.746643
CTGTAACCGGCTGGGAGCGA,20,8113,1,2.2,,,,,,,,,,-79.57243943,-27.560928,-29.69728,-25.276695,-24.722809
CTGTTACCGGATAGGCCCGA,20,2500,5,10.98,,,,,,,,,,-93.05005469,-26.955154,-26.966362,-18.818878,-15.604645
CTGTTACCGGCACTGTCCGA,20,4644,2,4.39,,,,,,,,,,-95.48796695,-27.49179,-27.128082,-17.962929,-13.339565
CTGTTACCGGGCCGCTCCGA,20,2923,4,8.78,,,,,,,,,,-88.13682094,-28.568535,-29.56752,-21.876297,-18.173439
CTGTTACCGTGTACGACCGA,20,8113,1,2.2,,,,,,,,,,-83.9357346,-26.7966,-26.139328,-19.909927,-18.217628
CTGCTACCGTGTAGTACCGA,20,8113,1,2.2,,,,,,,,,,-89.49024199,-26.689247,-25.877129,-17.92157,-16.726871
CTGATACCGGATTGGGCCGA,20,8113,1,2.2,,,,,,,,,,-88.28392501,-26.663292,-25.923912,-19.227608,-16.519585
CTGTTACCGGAGAGGTCGGA,20,8113,1,2.2,,,,,,,,,,-92.18662074,-28.030289,-28.468307,-19.797424,-18.697987
CTGATATCGGGTACGTCCGA,20,8113,1,2.2,,,,,,,,,,-90.39866014,-27.221687,-26.492607,-20.869865,-16.510693
CTGTTTCTGGCTATGTCCGA,20,8113,1,2.2,,,,,,,,,,-76.70264824,-27.72181,-25.725266,-23.306847,-21.282848
CTGTTACCGGGCGGATCCGA,20,1657,9,19.76,,,,,,,,,,-94.53185907,-27.657013,-28.086647,-19.396729,-14.934219
CTGTTACCGGGTATGTCGGA,20,2923,4,8.78,,,,,,,,,,-92.41091176,-27.708824,-26.672073,-18.616669,-17.09871
CTGTTACCGGGTCGTTGCGA,20,8113,1,2.2,,,,,,,,,,-87.52088701,-27.849678,-26.862083,-19.011055,-19.082996
CTGTTACCGCGTAGAACCGA,20,4644,2,4.39,,,,,,,,,,-90.97225798,-26.875198,-27.125763,-18.10624,-17.727615
CTGTTACCGAGTAGCTCCGA,20,2216,6,13.17,,,,,,,,,,-86.74863763,-27.48008,-26.95755,-19.61264,-18.84623
CTGGTACCGGGCATGTCCGA,20,8113,1,2.2,,,,,,,,,,-93.7338581,-27.387535,-26.869934,-19.069405,-16.616135
CTGCTACCAGGTCGGTCCGA,20,4644,2,4.39,,,,,,,,,,-89.29725726,-27.681427,-27.514107,-20.338127,-17.906193
CTGTTACGCGGTACGTCCGA,20,8113,1,2.2,,,,,,,,,,-81.77842936,-27.454338,-27.554893,-21.189522,-21.50599
CTGTTACCGGGCAAAACCGA,20,8113,1,2.2,,,,,,,,,,-98.94857246,-26.442673,-27.111267,-17.247025,-13.273663
CTGATACCAGGTAGGCCCGA,20,8113,1,2.2,,,,,,,,,,-88.73236985,-26.639519,-26.774338,-22.111076,-18.98919
CTGTAACCGGGTACGCCCGA,20,1800,8,17.56,,,,,,,,,,-86.68898637,-26.975777,-28.217606,-23.919647,-20.294144
CTGATACCGGCTCTGCCCGA,20,8113,1,2.2,,,,,,,,,,-89.30408044,-27.269867,-27.11663,-19.453087,-15.423279
CTGTTACCGGGGATGCCCGA,20,3487,3,6.59,,,,,,,,,,-95.93501186,-26.902206,-27.050041,-17.70269,-14.078251
CTGATACCGGAAAGGTCCGA,20,3487,3,6.59,,,,,,,,,,-98.03576508,-26.764862,-26.389397,-16.676994,-11.496002
CTGATACCGGGAAGTCCCGA,20,8113,1,2.2,,,,,,,,,,-97.47468476,-26.816208,-27.002495,-17.989708,-13.385853
CTGATACCCGATAGGACCGA,20,8113,1,2.2,,,,,,,,,,-86.43715461,-26.676086,-27.09887,-20.053627,-19.193363
CTGATTCCGGGCACGCCCGA,20,8113,1,2.2,,,,,,,,,,-84.61214604,-27.560867,-28.453323,-22.717743,-20.188602
CTGCTACCGGAGATGTCCGA,20,8113,1,2.2,,,,,,,,,,-100.6429873,-27.051338,-26.426964,-14.550781,-10.979816
CTGGTACCGGTTCGGTCCGA,20,8113,1,2.2,,,,,,,,,,-90.18236086,-27.785446,-26.501892,-20.807007,-17.831802
CTGATACCGGAAACGTCCGA,20,4644,2,4.39,,,,,,,,,,-96.53483937,-26.498642,-26.833397,-16.668549,-11.801796
CTGTCACCGTCTAGGTCCGA,20,8113,1,2.2,,,,,,,,,,-77.6187412,-28.08197,-27.17176,-24.170532,-21.254906
CTGTTACCGGCCTGGACCGA,20,4644,2,4.39,,,,,,,,,,-90.03810872,-27.65699,-28.04557,-19.932251,-15.431904
CTGCAACCGGATACGTCCGA,20,8113,1,2.2,,,,,,,,,,-92.5258616,-26.913574,-27.115074,-19.939651,-17.259247
CTGATACCGGGAACTCCCGA,20,8113,1,2.2,,,,,,,,,,-95.95684724,-26.749413,-27.585281,-18.264511,-14.259361
CTGTTACCAGGCAGCTCCGA,20,8113,1,2.2,,,,,,,,,,-85.23546354,-27.574295,-28.301193,-22.962448,-21.687908
CTGCTACCGGGTGAGACCGA,20,2923,4,8.78,,,,,,,,,,-101.9967753,-26.934166,-27.68676,-15.150223,-10.97327
CTGTTACCGAGTACCTCCGA,20,8113,1,2.2,,,,,,,,,,-86.58944002,-27.493202,-27.205276,-20.60411,-20.05101
CTGTTATCGGGAAGGCCCGA,20,4644,2,4.39,,,,,,,,,,-90.49510303,-27.341621,-27.919724,-21.689674,-19.53926
CTGTTACGCGGTAGGTCCGA,20,825,20,43.91,,,,,,,,,,-82.93044695,-27.575401,-27.333794,-20.898094,-21.35012
CTGATACCGGAGAAGTCCGA,20,8113,1,2.2,,,,,,,,,,-99.24900514,-26.766693,-26.919868,-16.335342,-11.27459
CTGCTACCGGTATGGACCGA,20,8113,1,2.2,,,,,,,,,,-98.15038281,-26.821648,-26.450516,-16.11245,-12.205929
CTGTTACCGATTATTTCCGA,20,8113,1,2.2,,,,,,,,,,-85.1613265,-27.336266,-25.20858,-21.554565,-21.688114
CTGATACCGGGTTGATCCGA,20,1205,13,28.54,,,,,,,,,,-95.83548717,-26.815018,-24.839424,-16.110527,-12.029533
CTGCCACCGGCTAGGACCGA,20,8113,1,2.2,,,,,,,,,,-93.61977391,-27.73085,-29.086136,-22.65416,-18.421974
CTGTTACCGGCTATTTCCGA,20,4644,2,4.39,,,,,,,,,,-92.95476005,-27.674828,-26.298088,-18.62465,-16.054607
CTGGTACCAGGGAGCCCCGA,20,8113,1,2.2,,,,,,,,,,-83.47736825,-27.255814,-28.479668,-24.74871,-23.261501
CTGTTACCGTGTAGGACCGA,20,1205,13,28.54,,,,,,,,,,-84.41954086,-27.016953,-26.569466,-20.486862,-18.617992
CTGATACCGGATCGTTCCGA,20,8113,1,2.2,,,,,,,,,,-90.14321735,-27.157516,-25.446037,-18.402702,-14.142338
CTGATATCGGGTAGGTCCGA,20,2500,5,10.98,,,,,,,,,,-91.52113818,-27.364906,-26.554108,-21.404953,-16.889126
CTGTTACCGGGCGCATCCGA,20,3487,3,6.59,,,,,,,,,,-94.38929896,-27.669418,-28.422218,-19.477806,-15.29929
CTGTTACCGGCGAGGCCCGA,20,2216,6,13.17,,,,,,,,,,-94.54464996,-27.477707,-28.825119,-19.434525,-16.244644
CTGATACCGGGTCGGCCCGA,20,2923,4,8.78,,,,,,,,,,-92.74788873,-27.307648,-27.80375,-20.01471,-14.944946
CTGCTACCGGATAGTCCCGA,20,8113,1,2.2,,,,,,,,,,-97.17950205,-26.892715,-26.416054,-16.008507,-12.135395
CTGTTACCGGGAAGGTGCGA,20,1514,10,21.95,,,,,,,,,,-95.65606372,-27.322662,-27.867424,-18.295364,-16.861504
CTGTTACGGGGGGGGTCCGA,20,8113,1,2.2,,,,,,,,,,-86.72066469,-28.148354,-28.972374,-23.812393,-20.475807
CTGTTACCGGCTAGGTCGGA,20,2500,5,10.98,,,,,,,,,,-93.1154194,-28.260422,-28.103668,-18.84336,-17.437595
CTGGTACCGGCCAGGTCCGA,20,8113,1,2.2,,,,,,,,,,-93.71375369,-27.907211,-28.06334,-19.436974,-17.0224
CTGAAACCGGGAAGGTCCGA,20,4644,2,4.39,,,,,,,,,,-92.25354904,-27.086113,-27.490227,-21.266724,-17.560844
CTGTTACCAGGAACGTCCGA,20,8113,1,2.2,,,,,,,,,,-91.00748196,-27.179016,-27.489456,-21.389297,-19.021442
CTGTTACCGGGTACGGCCGA,20,525,33,72.45,,,,,,,,,,-92.94275722,-27.133911,-27.328781,-18.00026,-15.977894
CTGTTACCGGTTACGACCGA,20,3487,3,6.59,,,,,,,,,,-92.31750398,-26.917831,-26.37175,-18.387428,-14.703598
CTGTTATCGGATTGGTCCGA,20,4644,2,4.39,,,,,,,,,,-85.9133246,-27.403511,-25.513779,-21.740501,-18.931519
CTGCAACCGGGGAGCACCGA,20,8113,1,2.2,,,,,,,,,,-91.96117131,-27.003357,-29.259544,-22.745537,-19.794914
CTGATACCAGGTAGATCCGA,20,3487,3,6.59,,,,,,,,,,-91.00308516,-26.59671,-25.498428,-19.279587,-16.90894
CTGCTACCGGGTAGTGCCGA,20,8113,1,2.2,,,,,,,,,,-97.96353974,-26.910492,-26.443611,-15.66687,-13.308327
CTGATTCCGGGCAGATCCGA,20,4644,2,4.39,,,,,,,,,,-88.25393679,-27.484055,-27.081497,-21.530823,-18.670334
CTGCAACCAGGAAGATCCGA,20,8113,1,2.2,,,,,,,,,,-90.88909083,-26.697693,-27.206367,-21.463165,-20.290462
CTGTTTCCGGCTAGGACCGA,20,8113,1,2.2,,,,,,,,,,-84.05409228,-27.998291,-27.802788,-21.441696,-18.831589
CTGTTACTGGGCTGGTCCGA,20,4644,2,4.39,,,,,,,,,,-85.23996417,-27.459457,-26.375534,-22.609024,-20.019302
CTGTTACCCGGCAGGTCGGA,20,751,22,48.3,,,,,,,,,,-93.35206509,-28.434135,-29.617737,-20.679321,-18.067272
CTGGTACCCGGTAGGTCCGA,20,2500,5,10.98,,,,,,,,,,-89.16143034,-27.750145,-27.322136,-19.513206,-19.937756
CTGTTACCGTTTAGTTCCGA,20,8113,1,2.2,,,,,,,,,,-82.43688935,-27.74128,-25.493652,-21.794632,-20.553528
CTGTTACGGTGTTGGTCCGA,20,8113,1,2.2,,,,,,,,,,-75.75686748,-27.419685,-25.236008,-22.082825,-21.432735
CTGTTTCCGAGTAGGGCCGA,20,8113,1,2.2,,,,,,,,,,-73.35463755,-27.906052,-27.827042,-24.36129,-25.193457
CTGTTACCGGGCTGCTCCGA,20,3487,3,6.59,,,,,,,,,,-90.01286745,-27.931412,-27.724388,-19.99488,-16.418468
CTGCTACCGGGATGTTCCGA,20,4644,2,4.39,,,,,,,,,,-99.91743088,-27.290878,-25.87004,-14.942444,-11.909248
CTGTTTCCGGCTGAGTCCGA,20,8113,1,2.2,,,,,,,,,,-87.68523007,-28.335594,-27.625008,-21.411407,-17.85057
CTGTCACCGAGTACGTCCGA,20,8113,1,2.2,,,,,,,,,,-80.06646825,-27.558907,-27.588913,-24.634048,-22.339043
CTGTTGCCGGGTAGGACCGA,20,1397,11,24.15,,,,,,,,,,-85.79090615,-27.739822,-27.778694,-21.817223,-18.54219
CTGTTACCGGGTTGTTGCGA,20,8113,1,2.2,,,,,,,,,,-88.5803025,-27.338013,-25.448936,-18.380112,-18.961872
CTGTTACCGGCTATGGCCGA,20,8113,1,2.2,,,,,,,,,,-93.9680093,-27.156555,-26.423233,-16.28022,-12.990826
CTGTTACCCGGTTGGACCGA,20,3487,3,6.59,,,,,,,,,,-85.11547874,-27.361076,-26.756332,-19.593819,-18.956642
CTGTTTCCGGTGAGATCCGA,20,8113,1,2.2,,,,,,,,,,-87.72816381,-27.912125,-26.62429,-21.160217,-18.61758
CTGTTACCGGCAAAATCCGA,20,2923,4,8.78,,,,,,,,,,-104.7050356,-26.634613,-26.784386,-14.84491,-11.549938
CTGCTACCGGGTACACCCGA,20,4644,2,4.39,,,,,,,,,,-103.6925931,-26.497536,-27.093124,-14.949394,-11.430634
CTGTTACCGGGTAGACTCGA,20,8113,1,2.2,,,,,,,,,,-90.8223845,-27.684113,-28.232262,-20.553947,-18.75428
CTGTTACCGAGCTGTTCCGA,20,8113,1,2.2,,,,,,,,,,-82.55263145,-27.461075,-26.113655,-20.462616,-20.679287
CTGGTACGGGGTAGTTCCGA,20,4644,2,4.39,,,,,,,,,,-84.55624248,-27.57872,-25.968025,-20.512146,-18.92826
CTGTTACCGGTTGAGTCCGA,20,1205,13,28.54,,,,,,,,,,-97.09488549,-27.54734,-26.336105,-18.524147,-13.656574
CTGCTTCCGTGTATGTCCGA,20,4644,2,4.39,,,,,,,,,,-82.03364817,-27.744125,-25.914803,-21.407944,-20.542583
CTGTTACCTGATAAGTCCGA,20,8113,1,2.2,,,,,,,,,,-89.29770484,-26.91742,-25.787514,-19.985954,-18.510132
CTGTTACCTGCAAGGTCCGA,20,8113,1,2.2,,,,,,,,,,-89.35473854,-27.115295,-26.604408,-19.349854,-17.931602
CTGTTACCAGGTTGTTCCGA,20,8113,1,2.2,,,,,,,,,,-83.19122742,-27.209602,-24.622078,-20.377502,-19.24414
CTGATACCGGGTCGATCCGA,20,1063,15,32.93,,,,,,,,,,-94.98725282,-27.198662,-26.300308,-17.471672,-12.648682
CTGTTGCGGGGTCGGTCCGA,20,8113,1,2.2,,,,,,,,,,-74.32597539,-28.500938,-28.048378,-23.931778,-21.948322
CTGATACCGGGTGGCTCCGA,20,1133,14,30.73,,,,,,,,,,-92.2875792,-27.377594,-26.885292,-18.209251,-14.062447
CTGTCACCGAGTAGGTCCGA,20,2923,4,8.78,,,,,,,,,,-80.42361817,-27.690063,-27.102028,-23.820145,-21.411556
CTGATACCCGGCAAGTCCGA,20,4644,2,4.39,,,,,,,,,,-93.77014169,-27.195282,-27.987007,-18.099762,-17.82497
CTGGTACCCGGTACGTCCGA,20,8113,1,2.2,,,,,,,,,,-87.89129061,-27.610909,-27.57769,-20.473366,-20.823444
CTGATACCGGGTTGGCCCGA,20,1999,7,15.37,,,,,,,,,,-94.29717384,-26.774513,-25.9618,-18.067482,-13.851837
CTGGTACCGGTAAGGGCCGA,20,8113,1,2.2,,,,,,,,,,-92.09981567,-27.13401,-27.512253,-21.025284,-19.909294
CTGCTACCGTTTAGGTCCGA,20,8113,1,2.2,,,,,,,,,,-89.23633432,-27.726082,-26.880531,-20.155647,-18.217869
CTGTTATCGGGAAGATCCGA,20,4644,2,4.39,,,,,,,,,,-93.26561847,-27.361061,-26.792,-20.54174,-18.257195
CTGTTACTGTGTATGTCCGA,20,8113,1,2.2,,,,,,,,,,-77.80983646,-26.71827,-24.670792,-22.369438,-22.015923
CTGATACCGGGTAACACCGA,20,8113,1,2.2,,,,,,,,,,-96.52450662,-26.162857,-26.632591,-17.559723,-13.086334
CTGTTACCGGGACGACCCGA,20,2500,5,10.98,,,,,,,,,,-95.97808987,-27.103813,-28.101189,-19.145561,-15.015148
CTGATACCGGGTAGATGCGA,20,8113,1,2.2,,,,,,,,,,-96.10400953,-26.688164,-26.302185,-16.868195,-15.523861
CTGTTACTGGGTAGCGCCGA,20,8113,1,2.2,,,,,,,,,,-83.43549104,-26.812569,-26.752625,-22.825943,-21.635445
CTGCTACCGGGTATCACCGA,20,4644,2,4.39,,,,,,,,,,-98.54821327,-26.875832,-26.72818,-16.171516,-12.345856
CTGTTACCGACTAGGACCGA,20,4644,2,4.39,,,,,,,,,,-86.73359375,-27.063744,-27.304222,-19.832535,-18.500488
CTGTAACCGGGTAGATCCGA,20,665,25,54.88,,,,,,,,,,-90.22801193,-27.127174,-26.860237,-20.810806,-17.15979
CTGTTTCTGGGTAGACCCGA,20,8113,1,2.2,,,,,,,,,,-78.07799176,-27.36258,-26.444633,-24.241302,-22.636013
CTGCTACCGGGTACTGCCGA,20,4644,2,4.39,,,,,,,,,,-97.56187002,-26.845825,-26.546303,-15.44458,-13.392124
CTGTTACCGCTTCGGTCCGA,20,8113,1,2.2,,,,,,,,,,-84.65222301,-28.198074,-27.290344,-20.349304,-19.116695
CTGTTACCGGACACCTCCGA,20,8113,1,2.2,,,,,,,,,,-91.42554085,-27.53386,-28.534752,-20.010925,-17.036552
CTGTTGCCACGTAGGTCCGA,20,8113,1,2.2,,,,,,,,,,-69.36005219,-28.038391,-27.212372,-23.584023,-24.275696
CTGTTACCGGCCAGCCCGGA,20,8113,1,2.2,,,,,,,,,,-84.13910362,-28.134415,-29.81688,-21.907043,-21.502834
CTGTTACCGGCTGGGACCGA,20,2216,6,13.17,,,,,,,,,,-92.00520414,-27.430702,-28.251839,-19.535759,-15.255718
CTGATACCGGCACTGTCCGA,20,8113,1,2.2,,,,,,,,,,-94.53039261,-27.048813,-26.732384,-17.401283,-11.79686
CTGTAACCCGGTAGGACCGA,20,8113,1,2.2,,,,,,,,,,-80.24017156,-27.30333,-28.652245,-25.37819,-24.572918
CTGTTTCCCGGTTAGTCCGA,20,8113,1,2.2,,,,,,,,,,-80.46510025,-28.369278,-26.772972,-22.123726,-21.98542
CTGGTACCGTATAGACCCGA,20,4644,2,4.39,,,,,,,,,,-81.91530639,-26.521675,-26.07808,-21.865517,-21.360271
CTGTAACCGGGTAGTTGCGA,20,8113,1,2.2,,,,,,,,,,-82.15956644,-27.411201,-26.983337,-22.26471,-22.509258
CTGTTACCGGAGGCGACCGA,20,8113,1,2.2,,,,,,,,,,-90.26356032,-27.260796,-28.858803,-20.81675,-16.504456
CTGTTACCGTGCTAGTCCGA,20,4644,2,4.39,,,,,,,,,,-86.85979964,-27.488564,-26.286087,-19.593529,-17.479748
CTGCTACCGGGTCGTCCCGA,20,2923,4,8.78,,,,,,,,,,-96.235596,-27.800453,-27.721413,-17.377274,-13.780506
CTGTTATCAGGTAGGTGCGA,20,8113,1,2.2,,,,,,,,,,-77.51395736,-27.306236,-27.197319,-25.298058,-25.740108
CTGTTTCCGGGGTGGACCGA,20,8113,1,2.2,,,,,,,,,,-80.61897514,-27.863846,-27.730286,-22.39788,-18.839195
CTGATACCGGGCGGATCCGA,20,8113,1,2.2,,,,,,,,,,-94.58563842,-27.2323,-27.705437,-19.09932,-14.235168
CTGCTACCGGATCGGTCCGA,20,1800,8,17.56,,,,,,,,,,-96.84108573,-27.516228,-27.10012,-16.906311,-12.586075
CTGTTACCGGATTGGGCCGA,20,4644,2,4.39,,,,,,,,,,-88.72986594,-27.075378,-26.350609,-19.61583,-17.433365
CTGTTACCGGGTCCGCCCGA,20,2923,4,8.78,,,,,,,,,,-91.25616903,-27.830101,-28.050766,-19.750679,-15.921116
CTGATACCGGGTATGTCGGA,20,4644,2,4.39,,,,,,,,,,-92.5487815,-27.305275,-26.32064,-18.256752,-16.276497
CTGTTACCGCTTAGGTGCGA,20,8113,1,2.2,,,,,,,,,,-91.60634808,-27.745415,-27.622887,-20.133743,-15.931889
CTGCTACCGGGGCTGTCCGA,20,4644,2,4.39,,,,,,,,,,-98.52190403,-27.86309,-27.988243,-17.475365,-12.683987
CTGTTACCCGGAGTGTCCGA,20,8113,1,2.2,,,,,,,,,,-91.43316644,-27.709785,-27.408745,-19.400955,-18.738445
CTGTTACCCTGTAGGCCCGA,20,8113,1,2.2,,,,,,,,,,-77.33377858,-27.474297,-27.402222,-22.515465,-23.699982
CTGCTACCGGGTAAGTCGGA,20,4644,2,4.39,,,,,,,,,,-103.4072968,-27.744484,-28.115448,-14.780586,-14.55434
CTGATACCGGGGCAGTCCGA,20,4644,2,4.39,,,,,,,,,,-97.6777145,-27.275467,-27.966728,-18.179535,-12.255577
CTGTTTCCGGGCAGGCCCGA,20,8113,1,2.2,,,,,,,,,,-84.57546239,-28.10968,-28.552986,-23.194794,-21.068111
CTGCTACCGGGAACGCCCGA,20,2500,5,10.98,,,,,,,,,,-105.0583466,-26.816437,-28.4337,-15.075485,-11.544594
CTGTTACCGGAAAGTTTCGA,20,8113,1,2.2,,,,,,,,,,-90.32679424,-27.946373,-28.130928,-21.32444,-20.242023
CTGTTATGGGGTAGGAGCGA,20,8113,1,2.2,,,,,,,,,,-74.68889262,-27.799171,-28.393188,-26.182686,-26.951082
CTGTTACCGGGAAGTCCCGA,20,4644,2,4.39,,,,,,,,,,-96.82863511,-27.252373,-27.479233,-18.612999,-14.967518
CTGTAACCGGGCAGCTCCGA,20,8113,1,2.2,,,,,,,,,,-86.54815422,-27.80912,-29.342033,-24.662857,-22.178123
CTGTTTCCGCGTAAGCCCGA,20,8113,1,2.2,,,,,,,,,,-83.99453776,-27.706718,-27.601662,-21.382744,-21.277061
CTGCTATCGGGACGGTCCGA,20,8113,1,2.2,,,,,,,,,,-95.39350154,-27.67723,-28.003426,-20.895035,-17.677254
CTGATTCTGGGTAGGTCCGA,20,4644,2,4.39,,,,,,,,,,-79.55903355,-27.571152,-26.38704,-24.297928,-21.478054
CTGTTACCCGATAGGACCGA,20,8113,1,2.2,,,,,,,,,,-87.63405575,-27.116432,-27.398613,-19.988594,-19.838749
CTGTTATTGCGGAGGTCCGA,20,8113,1,2.2,,,,,,,,,,-75.50968005,-27.50589,-27.32946,-26.446594,-27.05144
CTGCTACCGGAAAGTTCCGA,20,8113,1,2.2,,,,,,,,,,-102.1553001,-27.044456,-26.616425,-15.077881,-11.370998
CTGTTACCGGGTAGGCGCGA,20,1999,7,15.37,,,,,,,,,,-92.10893652,-27.314026,-28.106247,-19.710793,-19.038624
CTGATTCCGGGTAGCTCCGA,20,3487,3,6.59,,,,,,,,,,-84.97430437,-27.777794,-27.052177,-22.16391,-18.584618
CTGTCACCGGGTGCGTCCGA,20,3487,3,6.59,,,,,,,,,,-86.19074106,-28.004738,-28.051804,-24.112503,-18.55957
CTGCAACCGGGTCGGTCCGA,20,4644,2,4.39,,,,,,,,,,-90.83535717,-27.862839,-28.028084,-21.234764,-17.95657
CTGTTACCGGATCGTTCCGA,20,1999,7,15.37,,,,,,,,,,-90.77962916,-27.59188,-25.963928,-19.156982,-15.179363
CTGTTATCAGGAAGTTCCGA,20,8113,1,2.2,,,,,,,,,,-81.84780162,-27.44664,-26.735992,-24.618568,-23.576122
CTGCTACCGGTTAACTCCGA,20,8113,1,2.2,,,,,,,,,,-101.1123533,-27.209389,-26.976318,-16.172722,-12.68692
CTGTTACCGCGCATGTCCGA,20,4644,2,4.39,,,,,,,,,,-90.0029903,-27.574104,-27.388054,-18.29686,-17.155697
CTGGTACCGGGTAGAACCGA,20,8113,1,2.2,,,,,,,,,,-95.00821785,-26.631073,-26.834938,-19.468056,-17.112495
CTGCTACCGGATCCGTCCGA,20,4644,2,4.39,,,,,,,,,,-96.17954739,-27.582405,-27.293655,-16.73993,-12.810112
CTGTTTCTGGAAAGTTCCGA,20,8113,1,2.2,,,,,,,,,,-78.78822264,-27.647758,-26.316338,-24.954712,-22.61607
CTGTTACCTGGGAGGGCCGA,20,8113,1,2.2,,,,,,,,,,-82.33262421,-27.46463,-28.090286,-23.27179,-22.789097
CTGTTACCGGGAAGAGCCGA,20,4644,2,4.39,,,,,,,,,,-97.61756014,-26.964546,-27.645294,-17.7826,-15.661419
CTGTTACGGCTTAGGACCGA,20,8113,1,2.2,,,,,,,,,,-77.56338393,-27.58783,-27.839783,-23.06791,-23.309296
CTGTTACCGGTAAGAACCGA,20,8113,1,2.2,,,,,,,,,,-98.47283264,-26.6072,-26.555023,-17.728485,-14.127838
CTGATACCGGGTACGTTCGA,20,4644,2,4.39,,,,,,,,,,-89.82013781,-27.547035,-27.306206,-19.016434,-16.874104
CTGTTACCGGACAGCTCCGA,20,1657,9,19.76,,,,,,,,,,-92.43327769,-27.439613,-28.016228,-19.23256,-15.861748
CTGATACCGGGTACTTCCGA,20,1063,15,32.93,,,,,,,,,,-94.27602793,-27.173897,-26.230675,-17.807098,-13.829338
CTGCTACCGGGCACCCCCGA,20,8113,1,2.2,,,,,,,,,,-98.15463197,-27.604118,-29.429482,-18.639359,-15.545113
CTGTAACCGGGAAGGTCCGA,20,925,18,39.52,,,,,,,,,,-92.19571994,-27.441528,-28.028183,-22.003761,-18.547699
CTGTTGCCGCGTAGGTGCGA,20,3487,3,6.59,,,,,,,,,,-82.84095632,-28.14795,-28.188911,-22.350525,-18.816822
CTGTTACCGGGGCGGTCGGA,20,4644,2,4.39,,,,,,,,,,-89.4559618,-28.493637,-29.598663,-21.902794,-20.15794
CTGTTACCGGCTAGAACCGA,20,637,26,57.08,,,,,,,,,,-97.1885924,-26.85765,-27.100899,-17.52436,-13.973114
CTGATACCGGGGCGAACCGA,20,8113,1,2.2,,,,,,,,,,-92.67796652,-26.730324,-28.215485,-19.712296,-14.7990265
CTGCTACCGCGTATGTCCGA,20,3487,3,6.59,,,,,,,,,,-96.05130692,-27.305481,-26.444473,-14.913643,-14.309582
CTGATACTGGGTCGTTCCGA,20,8113,1,2.2,,,,,,,,,,-83.76631134,-27.210907,-25.323112,-21.66101,-18.605015
CTGTTACCGAGTAGAGCCGA,20,4644,2,4.39,,,,,,,,,,-87.23225479,-26.912186,-26.902573,-19.724495,-19.848389
CTGTTACCGGACCCGTCCGA,20,8113,1,2.2,,,,,,,,,,-89.05259057,-28.017975,-28.552094,-20.973671,-16.224602
CTGTTACCGCGAATGTGCGA,20,8113,1,2.2,,,,,,,,,,-94.02901066,-27.093513,-27.144173,-17.623573,-12.921703
CTGATACCGCGTAAGTCCGA,20,2923,4,8.78,,,,,,,,,,-95.46715207,-27.070656,-26.98883,-16.615921,-14.512947
CTGTTACCGGTTATTCCCGA,20,8113,1,2.2,,,,,,,,,,-89.65963216,-27.140694,-25.12085,-19.593948,-17.326748
CTGCTACCGGATAGCTCCGA,20,570,29,63.67,,,,,,,,,,-98.32398316,-27.17672,-26.992432,-15.329582,-11.967148
CTGTTACCAGACAGGTCCGA,20,8113,1,2.2,,,,,,,,,,-85.78883304,-27.077362,-27.007767,-21.767624,-20.045464
CTGTTACCGAGATGATCCGA,20,4644,2,4.39,,,,,,,,,,-90.29767614,-26.926262,-25.53666,-17.512459,-16.97197
CTGTTACCGCGTACGTCGGA,20,8113,1,2.2,,,,,,,,,,-88.54938991,-28.101639,-28.562729,-19.895622,-21.65298
CTGATACCGGGAACCTCCGA,20,2500,5,10.98,,,,,,,,,,-96.45832371,-27.115463,-28.002312,-17.993324,-13.447216
CTGTTTCCGGGTAGTCCCGA,20,8113,1,2.2,,,,,,,,,,-83.33282539,-27.953476,-26.926155,-22.145248,-19.611473
CTGCTACCAGTTAAGTCCGA,20,8113,1,2.2,,,,,,,,,,-96.16187794,-27.049736,-26.431686,-19.232132,-17.428513
CTGTTACCGGGCGGCGCCGA,20,8113,1,2.2,,,,,,,,,,-86.55002359,-27.879143,-29.802338,-22.838715,-20.868752
CTGTTTCGGGCTGGTTCCGA,20,8113,1,2.2,,,,,,,,,,-69.64316357,-28.588196,-26.795822,-24.286438,-22.722404
CTGCTACCGAATAGTTCCGA,20,8113,1,2.2,,,,,,,,,,-90.90775054,-26.955818,-25.53772,-16.896767,-14.882034
CTGTTACCGGAAGGATCCGA,20,8113,1,2.2,,,,,,,,,,-98.27923124,-27.114212,-27.001427,-18.034012,-13.927807
CTGTAACCGCGTATGCCCGA,20,8113,1,2.2,,,,,,,,,,-79.46918621,-26.762527,-27.012054,-23.100609,-22.247692
CTGCTACCGGGCTGATCCGA,20,8113,1,2.2,,,,,,,,,,-99.63349127,-27.388397,-27.006416,-15.603798,-11.654324
CTGCTACCGAGTAGGCCCGA,20,8113,1,2.2,,,,,,,,,,-92.73444168,-27.003662,-27.588982,-18.248795,-16.985348
CTGTTACCGAATACGTCCGA,20,4644,2,4.39,,,,,,,,,,-87.02274633,-26.945496,-26.427444,-19.835419,-18.674068
CTGTTACCGGTAAAGTCCGA,20,688,24,52.69,,,,,,,,,,-102.0648516,-27.160484,-26.60028,-16.591553,-12.218502
CTGTTGCCGGATATGTCCGA,20,8113,1,2.2,,,,,,,,,,-84.88548827,-27.618507,-25.637283,-20.302666,-17.451504
CTGATTCCGGGTCGGTCCGA,20,8113,1,2.2,,,,,,,,,,-82.24263341,-28.16307,-27.330154,-22.792404,-18.496082
CTGATACCGGCCATGTCCGA,20,2500,5,10.98,,,,,,,,,,-93.54571555,-27.258354,-26.393402,-16.450577,-12.179741
CTGTTACCGAATAGGTCCGA,20,1657,9,19.76,,,,,,,,,,-87.56430566,-27.183098,-26.18953,-19.54869,-18.07367
CTGTTTCGGCGTTGGTCCGA,20,8113,1,2.2,,,,,,,,,,-67.5039442,-28.528633,-26.77214,-23.9152,-24.356808
CTGCAACTGGGTAGGTCCGA,20,8113,1,2.2,,,,,,,,,,-88.02444626,-27.073296,-26.457283,-22.168495,-21.104885
CTGTTTCCGGATACGTCCGA,20,8113,1,2.2,,,,,,,,,,-85.14555938,-27.787933,-26.738655,-21.58599,-18.319084
CTGTTACCGGGCAAGTCGGA,20,8113,1,2.2,,,,,,,,,,-95.99597119,-28.00396,-28.796532,-19.162918,-17.855507
CTGTTACCGCCAAGGTGCGA,20,8113,1,2.2,,,,,,,,,,-95.05403145,-27.657257,-28.519173,-18.332489,-14.289295
CTGTTACCGGTGACGTCCGA,20,597,28,61.47,,,,,,,,,,-94.59056756,-27.509201,-27.118156,-18.469193,-14.006596
CTGCCACCGGGTAGATTCGA,20,8113,1,2.2,,,,,,,,,,-90.24639839,-28.272835,-28.138336,-21.832588,-20.160416
CTGTTACCGGGTATAACCGA,20,1999,7,15.37,,,,,,,,,,-95.59433128,-26.58236,-25.932274,-17.620895,-13.933739
CTGTTACCGGTTATAGCCGA,20,8113,1,2.2,,,,,,,,,,-93.86483654,-26.85437,-25.59127,-18.130722,-16.684505
CTGTTACCGCGTAGGTCGGA,20,2216,6,13.17,,,,,,,,,,-89.06510442,-28.262138,-28.3554,-19.701553,-21.367805
CTGCTACCGGATACCTCCGA,20,4644,2,4.39,,,,,,,,,,-97.61490794,-27.116508,-27.226799,-16.127357,-12.9739685
CTGTCACCGGATAGGGCCGA,20,8113,1,2.2,,,,,,,,,,-83.24792413,-27.326164,-27.709198,-24.633102,-21.71151
CTGTTTCCGGGTAGAGCCGA,20,8113,1,2.2,,,,,,,,,,-85.38515866,-27.665634,-27.143066,-21.45066,-20.43863
CTGTTATCGGGTCGCTCCGA,20,8113,1,2.2,,,,,,,,,,-82.88264804,-28.209671,-27.688354,-23.719017,-20.727058
CTGATACCGGGCACGTCCGA,20,570,29,63.67,,,,,,,,,,-95.25971163,-27.356339,-28.103958,-18.398628,-13.292091
CTGTTACCGGGTTAGACCGA,20,1657,9,19.76,,,,,,,,,,-95.81363807,-27.111694,-26.57257,-17.954666,-13.39204
CTGTTACTGGGTAGGCCCGA,20,2500,5,10.98,,,,,,,,,,-87.68529417,-26.917488,-26.589401,-21.706223,-19.802395
CTGTTACCCGGTTGGCCGGA,20,3487,3,6.59,,,,,,,,,,-88.98120738,-27.676933,-27.323631,-20.053604,-16.858578
CTGCTACCGGTTCAGTCCGA,20,8113,1,2.2,,,,,,,,,,-100.5459123,-27.471405,-26.521393,-15.865883,-12.06739
CTGTTACCGGTTTAGGCCGA,20,8113,1,2.2,,,,,,,,,,-92.5262866,-27.341896,-26.784126,-19.724075,-17.033085
CTGTTACCGAGGATGTCCGA,20,8113,1,2.2,,,,,,,,,,-88.80088858,-27.27369,-26.57441,-19.009438,-17.943657
CTGTTACCGGCTACAACCGA,20,8113,1,2.2,,,,,,,,,,-96.37923082,-26.563957,-26.649605,-17.238487,-13.931221
CTGTTATCGGGCAGGTTCGA,20,4644,2,4.39,,,,,,,,,,-80.72420121,-28.381462,-28.987267,-25.139336,-25.11151
CTGTTACCGGGAGGGGCCGA,20,4644,2,4.39,,,,,,,,,,-92.98881446,-27.58297,-29.090752,-20.93837,-18.435097
CTGATACCGAGTACGTGCGA,20,8113,1,2.2,,,,,,,,,,-88.34065718,-26.678238,-26.70636,-19.579147,-17.013592
CTGTTACCGCGTATGTTCGA,20,8113,1,2.2,,,,,,,,,,-84.96988668,-27.899178,-26.988083,-19.258804,-17.591888
CTGTAACCGGGAGGATCCGA,20,8113,1,2.2,,,,,,,,,,-91.13862713,-27.35688,-28.098862,-22.425713,-19.002274
CTGCTACGGGGTATGTCCGA,20,8113,1,2.2,,,,,,,,,,-94.8915226,-27.29036,-26.115967,-17.027946,-14.925182
CTGTTACCGGCAAGGACCGA,20,1514,10,21.95,,,,,,,,,,-98.67587585,-27.016861,-28.072472,-17.585129,-13.428135
CTGCTACCCGGTACGTCGGA,20,8113,1,2.2,,,,,,,,,,-98.7590487,-28.006561,-28.702522,-16.078743,-13.178986
CTGTTACCGGATAAGACCGA,20,1999,7,15.37,,,,,,,,,,-97.93574125,-26.600555,-26.583038,-17.08525,-12.841167
CTGCCACCGGGTCGGTCCGA,20,8113,1,2.2,,,,,,,,,,-92.23368716,-28.57203,-28.6921,-23.008087,-18.0966
CTGTTACCGGGGGTGTCCGA,20,3487,3,6.59,,,,,,,,,,-94.54195442,-27.758904,-27.61776,-19.545097,-14.346943
CTGTTACCGAGAAGGGCCGA,20,8113,1,2.2,,,,,,,,,,-86.79640677,-27.185654,-28.025032,-21.013657,-21.209316
CTGTTACCCGGTAGTTCGGA,20,8113,1,2.2,,,,,,,,,,-91.35361444,-28.275513,-27.895905,-19.993988,-17.384628
CTGTTACTGGGTTGTTCCGA,20,3487,3,6.59,,,,,,,,,,-83.98349159,-27.081863,-24.422157,-21.078545,-19.331905
CTGTTATCGAGTAGATCCGA,20,8113,1,2.2,,,,,,,,,,-83.05832053,-27.226639,-25.901138,-21.955917,-21.960026
CTGCTACCGGGCAGGGCCGA,20,8113,1,2.2,,,,,,,,,,-97.77475693,-27.466118,-28.909027,-17.660133,-15.537796
CTGATACGGGGTAAGTCCGA,20,2500,5,10.98,,,,,,,,,,-93.2882051,-27.081223,-26.599213,-18.988388,-15.423706
CTGGTATCGGGTTGGCCGGA,20,8113,1,2.2,,,,,,,,,,-81.63239143,-27.372665,-27.13411,-23.668922,-22.417812
CTGCTACCGGTCAGGACCGA,20,8113,1,2.2,,,,,,,,,,-97.71846512,-27.218246,-27.815353,-16.943367,-13.019379
CTGTTTCCTGGTATGTCCGA,20,8113,1,2.2,,,,,,,,,,-75.18657138,-27.626236,-25.365143,-22.821388,-20.919338
CTGCTACCGCGTAAGGCCGA,20,8113,1,2.2,,,,,,,,,,-97.15887717,-27.086601,-28.167717,-15.194641,-15.947899
CTGACACCGGGTAGGCCCGA,20,4644,2,4.39,,,,,,,,,,-89.85200045,-27.056885,-27.517014,-23.917534,-18.664074
CTGATACCGGATAGCGCCGA,20,8113,1,2.2,,,,,,,,,,-88.56594601,-26.434067,-26.833672,-19.415886,-16.353497
CTGTTACCGGGCAGACCCGA,20,1800,8,17.56,,,,,,,,,,-96.61561282,-27.06884,-28.026901,-19.32125,-15.25008
CTGTTACCTGTTAGGTCCGA,20,1800,8,17.56,,,,,,,,,,-84.56863995,-27.523392,-26.138756,-21.928612,-20.186375
CTGTTACGGGCTAGTTCCGA,20,8113,1,2.2,,,,,,,,,,-84.8932856,-27.818825,-26.554672,-20.194191,-17.931805
CTGCTACCGGCTCGGACCGA,20,2216,6,13.17,,,,,,,,,,-95.15824611,-27.579422,-28.939217,-17.816101,-12.831947
CTGGTACCTGGAAGGTCCGA,20,8113,1,2.2,,,,,,,,,,-88.75400879,-27.316628,-26.995613,-21.399536,-20.61005
CTGGTACCGGGGAGATCCGA,20,4644,2,4.39,,,,,,,,,,-96.17997505,-27.338547,-27.605057,-18.235947,-15.470234
CTGTTACCGGCAGAGTCCGA,20,8113,1,2.2,,,,,,,,,,-101.8283657,-27.476852,-27.998169,-17.119217,-12.568348
CTGTTACCGGGCTGGTGCGA,20,8113,1,2.2,,,,,,,,,,-88.38793652,-27.578773,-27.520584,-19.933647,-18.428352
CTGTTACCGGCCACCACCGA,20,8113,1,2.2,,,,,,,,,,-89.67509253,-27.512154,-28.738602,-20.021866,-17.161964
CTGTTACCGGGTGGTCCCGA,20,8113,1,2.2,,,,,,,,,,-91.50844498,-27.43518,-26.618774,-19.206856,-16.125484
CTGTAACCGCGCAGGACCGA,20,8113,1,2.2,,,,,,,,,,-81.29910365,-27.293633,-29.870468,-26.301682,-25.09167
CTGATACCGTGGACGTCCGA,20,8113,1,2.2,,,,,,,,,,-86.195202,-27.229698,-27.029099,-19.911957,-16.938972
CTGTTACCGGATGCGTCCGA,20,3487,3,6.59,,,,,,,,,,-93.01574481,-27.3358,-26.79863,-19.202202,-14.441685
CTGTCACCGGGGAAGTCCGA,20,4644,2,4.39,,,,,,,,,,-92.93693511,-27.734337,-28.64965,-23.474876,-18.090023
CTGTTACCGGTTAAATCCGA,20,2500,5,10.98,,,,,,,,,,-100.9423691,-26.94709,-25.7501,-17.365852,-13.396973
CTGTTACCGTGTATGTGCGA,20,4644,2,4.39,,,,,,,,,,-86.34583586,-26.986046,-25.353218,-19.747025,-17.36493
CTGCTACCGGATGGTTCCGA,20,8113,1,2.2,,,,,,,,,,-96.19416,-27.289589,-25.618973,-15.773499,-12.360962
CTGTAACCGGGTAAGACCGA,20,3487,3,6.59,,,,,,,,,,-90.22863108,-26.781319,-27.875633,-22.848236,-18.850891
CTGTTACCTCGTAGGCCCGA,20,8113,1,2.2,,,,,,,,,,-78.33580106,-27.417656,-27.378769,-22.47908,-23.531872
CTGTTACCGGCGGGGTCCGA,20,1397,11,24.15,,,,,,,,,,-94.25738366,-28.043732,-29.105858,-20.122032,-15.042782
CTGTCACCCGGTAGGACCGA,20,8113,1,2.2,,,,,,,,,,-80.97753476,-27.678345,-28.550514,-25.392822,-23.512737
CTGCCACCAGGTAGGTCCGA,20,3487,3,6.59,,,,,,,,,,-87.79438871,-27.905525,-27.60318,-23.70871,-21.421814
CTGTTACTGGGTAGGGGCGA,20,8113,1,2.2,,,,,,,,,,-78.36253066,-27.314613,-27.848053,-23.793259,-24.97247
CTGCTACCGGACAGATCCGA,20,2923,4,8.78,,,,,,,,,,-102.4801388,-26.70388,-26.935417,-14.415398,-10.90934
CTGATACCGGGGAGTACCGA,20,8113,1,2.2,,,,,,,,,,-93.80243335,-26.76133,-27.413567,-18.400352,-14.603561
CTGTTACCGGCTCGTACCGA,20,8113,1,2.2,,,,,,,,,,-89.22657331,-27.472984,-27.436028,-19.44104,-15.90184
CTGTTACCGGGTAGCGGCGA,20,8113,1,2.2,,,,,,,,,,-86.06029514,-27.3992,-28.278885,-19.989899,-21.092648
CTGCTACGGGCTAGGTCCGA,20,8113,1,2.2,,,,,,,,,,-93.93963484,-27.754448,-27.497154,-18.005394,-15.730164
CTGTTACGGGGTAGGTCGGA,20,2923,4,8.78,,,,,,,,,,-84.55846657,-28.230667,-27.94786,-22.324875,-20.667458
CTGTTACCGGGAATGACCGA,20,3487,3,6.59,,,,,,,,,,-96.7002064,-26.702522,-26.768242,-16.4012,-12.449207
CTGTTACCGGGTCCGACGGA,20,8113,1,2.2,,,,,,,,,,-86.24148262,-27.87172,-28.384613,-20.57164,-18.9678
CTGTCACCGGGCAGCTCCGA,20,8113,1,2.2,,,,,,,,,,-85.5656335,-28.194824,-29.550514,-25.326775,-21.521767
CTGTTACCGTGTCTGTCCGA,20,8113,1,2.2,,,,,,,,,,-82.3968217,-27.575142,-25.63314,-20.455025,-18.441978
CTGCTACCGGGTCTGACCGA,20,4644,2,4.39,,,,,,,,,,-95.87202414,-27.290016,-27.233505,-16.243439,-12.181713
CTGTTACCGGCAACGACCGA,20,8113,1,2.2,,,,,,,,,,-97.53616894,-26.77282,-27.938538,-16.95906,-12.971523
CTGTTACCCGCTAGGTCCGA,20,1657,9,19.76,,,,,,,,,,-91.05908335,-28.06723,-27.809456,-18.272026,-18.379848
CTGTTACTGGGTCGGGCCGA,20,8113,1,2.2,,,,,,,,,,-80.5239106,-27.382736,-27.40445,-23.805397,-22.736858
CTGTTACCGGTTTTGTCCGA,20,2923,4,8.78,,,,,,,,,,-90.81268789,-27.551498,-25.575478,-20.78608,-16.292496
CTGATACCGGACTGGTCCGA,20,8113,1,2.2,,,,,,,,,,-90.98162932,-26.989983,-25.953308,-17.948318,-13.193977
CTGTTACCTAGTATGTCCGA,20,8113,1,2.2,,,,,,,,,,-77.73103799,-26.960503,-25.097214,-21.549858,-22.334904
CTGTTGCCTGGTAGGTCCGA,20,8113,1,2.2,,,,,,,,,,-76.95987404,-28.055756,-26.71199,-23.103546,-21.631672
CTGTTACCGAGAACGGCCGA,20,8113,1,2.2,,,,,,,,,,-86.86051708,-26.905731,-27.885918,-20.301186,-21.066544
CTGTTACGGGGTATTTCCGA,20,8113,1,2.2,,,,,,,,,,-84.33308377,-27.685669,-26.391937,-21.402687,-19.7252
CTGTTACCGGTTCGCACCGA,20,8113,1,2.2,,,,,,,,,,-86.22194088,-27.197624,-26.810432,-19.904755,-16.980946
CTGTTACCGGGTCGCGCCGA,20,4644,2,4.39,,,,,,,,,,-86.6232161,-27.71209,-28.414864,-20.844498,-18.595047
CTGCTACCGGGTTGCTCCGA,20,1800,8,17.56,,,,,,,,,,-96.91526402,-27.517258,-26.25019,-15.560005,-12.333008
CTGTTACCGGAACAGTCCGA,20,8113,1,2.2,,,,,,,,,,-99.54092812,-26.940796,-26.99002,-17.493729,-12.978416
CTGTTACTCGGTAGGGCCGA,20,8113,1,2.2,,,,,,,,,,-78.87087699,-27.153221,-27.319176,-23.70134,-25.149717
CTGTTACCGGGTTGGGCGGA,20,8113,1,2.2,,,,,,,,,,-86.2494721,-27.625015,-27.468857,-20.382912,-20.127384
CTGTTACCAGGTATGTCCGA,20,1205,13,28.54,,,,,,,,,,-88.42483805,-27.027725,-25.246101,-20.0382,-17.703445
CTGTCACCCGGTAGTTCCGA,20,8113,1,2.2,,,,,,,,,,-80.7959233,-28.15129,-27.282913,-22.741493,-22.444477
CTGTTACCGGGAATTTCCGA,20,2500,5,10.98,,,,,,,,,,-95.74514772,-27.469421,-26.74321,-18.15554,-15.341427
CTGTTACCGATTCGGTCCGA,20,8113,1,2.2,,,,,,,,,,-81.61501834,-27.589241,-26.249527,-21.29647,-19.661629
CTGTTACCGGGCGAGGCCGA,20,8113,1,2.2,,,,,,,,,,-93.44943077,-27.630844,-28.981735,-19.86509,-17.170464
CTGTAACCGGGGAGGTGCGA,20,8113,1,2.2,,,,,,,,,,-84.47364123,-27.464752,-29.049736,-24.164116,-23.214977
CTGTTACGCGGTAGGTGGGA,20,8113,1,2.2,,,,,,,,,,-80.07559522,-27.976486,-28.249268,-23.029282,-23.329594
CTGTTACCGGGAATGTTCGA,20,8113,1,2.2,,,,,,,,,,-90.75161022,-27.70411,-27.181816,-18.031128,-16.925179
CTGTTACGGTCTAGTTCCGA,20,8113,1,2.2,,,,,,,,,,-73.53618136,-27.817802,-25.876717,-22.080338,-21.385616
CTGTTACCGGAGCCGTCCGA,20,8113,1,2.2,,,,,,,,,,-91.62086813,-27.821327,-28.434532,-20.471054,-15.931309
CTGTTTCGGGGTAGGGCCGA,20,8113,1,2.2,,,,,,,,,,-74.40231226,-28.15895,-28.178032,-24.886848,-24.856146
CTGTTACCGGTGAACTCCGA,20,8113,1,2.2,,,,,,,,,,-96.86317981,-27.31414,-27.195236,-18.020103,-14.311802
CTGTTTCTGGGTCTTTCCGA,20,8113,1,2.2,,,,,,,,,,-69.59579518,-28.579079,-26.743141,-27.066376,-25.183432
CTGCTACCGGATGGGACCGA,20,8113,1,2.2,,,,,,,,,,-95.48339181,-26.88327,-27.683731,-17.74794,-13.728947
CTGTAACCGGGTAATTCCGA,20,8113,1,2.2,,,,,,,,,,-88.73479434,-27.217316,-26.695946,-22.362045,-19.065529
CTGGTACCGGGTACCTCCGA,20,8113,1,2.2,,,,,,,,,,-91.96121363,-27.55043,-27.374062,-19.666138,-17.477253
CTGATACCGGGCCGAACCGA,20,8113,1,2.2,,,,,,,,,,-90.28591677,-26.885414,-28.16964,-20.642647,-15.763924
CTGATACCGGCTAGAGCCGA,20,8113,1,2.2,,,,,,,,,,-96.43932103,-26.76915,-27.201027,-17.891327,-13.364868
CTGTTACCGGGTTCCACCGA,20,8113,1,2.2,,,,,,,,,,-89.41909317,-27.276535,-26.24607,-18.85273,-15.6106415
CTGCTACCGGGGTGATCCGA,20,3487,3,6.59,,,,,,,,,,-101.2079282,-27.303833,-26.828423,-14.511063,-10.405403
CTGTCACCGGGTCGGACCGA,20,4644,2,4.39,,,,,,,,,,-82.44076083,-27.731941,-28.614494,-25.226791,-19.923527
CTGATACCCGGTGGGTCCGA,20,8113,1,2.2,,,,,,,,,,-89.22932199,-27.538818,-27.287743,-19.24392,-18.504856
CTGCTACCGGGTCTTTCCGA,20,8113,1,2.2,,,,,,,,,,-95.15775917,-28.174644,-27.182701,-18.484848,-14.948814
CTGTTACCGGCAACTTCCGA,20,8113,1,2.2,,,,,,,,,,-96.56121236,-27.431458,-27.651833,-17.849419,-14.794052
CTGCTACCGGGTAATCCCGA,20,3487,3,6.59,,,,,,,,,,-104.0182103,-26.781746,-26.54589,-14.63652,-11.149887
CTGTTACGGGGTATGACCGA,20,8113,1,2.2,,,,,,,,,,-86.01388599,-26.916313,-26.37822,-19.487312,-17.951904
CTGATACCGCGTAGCTCCGA,20,8113,1,2.2,,,,,,,,,,-89.80373805,-27.34584,-27.207901,-18.023788,-16.992996
CTGTTACCAGCTACGTCCGA,20,8113,1,2.2,,,,,,,,,,-87.10298201,-27.269447,-26.999794,-21.04734,-18.84233
CTGTAACCGGGGCGGTCCGA,20,8113,1,2.2,,,,,,,,,,-85.75200319,-27.925728,-29.43454,-25.040688,-20.75341
CTGTTTCCGGCCACGTCCGA,20,8113,1,2.2,,,,,,,,,,-84.00104847,-28.674942,-28.46215,-22.261864,-19.006664
CTGTTACCGGGAAGGTCGGA,20,1800,8,17.56,,,,,,,,,,-96.1679682,-28.025131,-28.455421,-19.127785,-17.46054
CTGATACCGGGTATTCCCGA,20,8113,1,2.2,,,,,,,,,,-93.99212683,-26.721008,-25.273682,-17.980522,-14.262016
CTGTTACCGCTTAAGTCCGA,20,4644,2,4.39,,,,,,,,,,-92.64709341,-27.662361,-27.196175,-18.577843,-17.028965
CTGTTACCGGCTTGACCCGA,20,8113,1,2.2,,,,,,,,,,-92.55744968,-27.091774,-26.620018,-18.11708,-16.098824
CTGTTACCGACCAGGTCCGA,20,2500,5,10.98,,,,,,,,,,-85.81670883,-27.571915,-27.381279,-19.560898,-18.455345
CTGTTTCCAGTTAGGTCCGA,20,8113,1,2.2,,,,,,,,,,-75.10028863,-28.141533,-26.66182,-25.173668,-23.79845
CTGATACCGGATATGTCCGA,20,1999,7,15.37,,,,,,,,,,-94.5735084,-26.56224,-24.566193,-15.746445,-11.439594
CTGTTTCCGGGTGGATCGGA,20,8113,1,2.2,,,,,,,,,,-80.50419822,-28.472496,-27.878311,-22.696579,-21.706863
CTGTTACCAGAGAGGTCCGA,20,4644,2,4.39,,,,,,,,,,-86.36536804,-27.33535,-27.26587,-21.476372,-20.000938
CTGTAACCGGGAATGCCCGA,20,8113,1,2.2,,,,,,,,,,-88.94501263,-26.536232,-27.185356,-21.948883,-18.553158
CTGATACCGGGTTAGGCCGA,20,8113,1,2.2,,,,,,,,,,-94.3948434,-26.914993,-26.582626,-18.317451,-14.918411
CTGTTACCGGCAAGTTCCGA,20,1133,14,30.73,,,,,,,,,,-97.85143415,-27.43708,-26.916763,-16.915596,-13.542034
CTGTTACCGGATAATTCCGA,20,2923,4,8.78,,,,,,,,,,-97.91776511,-27.015984,-25.51081,-17.578613,-13.740337
CTGTTACCGGGTTGCACCGA,20,4644,2,4.39,,,,,,,,,,-90.01673826,-26.854668,-25.909386,-18.502838,-15.488823
CTGTTACCGGATAAGTTCGA,20,8113,1,2.2,,,,,,,,,,-93.11680579,-27.671875,-27.292946,-18.902084,-17.645947
CTGCTACCGGTTGGATCCGA,20,3487,3,6.59,,,,,,,,,,-98.71464741,-27.251205,-25.866318,-15.745438,-12.401218
CTGTTACTGGGTTGGACCGA,20,8113,1,2.2,,,,,,,,,,-83.97605077,-26.755974,-25.636047,-21.730324,-19.537823
CTGTTTCCGGCCAGGTCCGA,20,8113,1,2.2,,,,,,,,,,-84.79703705,-28.66497,-28.10756,-22.172745,-19.264961
CTGTTACCGGGAACGTCGGA,20,4644,2,4.39,,,,,,,,,,-95.50231466,-27.814247,-28.69062,-19.17414,-17.282738
CTGATACCGGCGATGTCCGA,20,2923,4,8.78,,,,,,,,,,-95.84363346,-26.995949,-26.395096,-15.889038,-10.850681
CTGTTACCGGGTAGTTGGGA,20,8113,1,2.2,,,,,,,,,,-86.95426935,-28.172043,-27.377434,-20.243713,-22.401299
CTGTTATCGGGTATGCCCGA,20,8113,1,2.2,,,,,,,,,,-87.31525752,-26.901009,-25.788612,-20.134026,-18.002926
CTGTTACCAGCTAGGTCCGA,20,1014,16,35.13,,,,,,,,,,-87.6340678,-27.427658,-26.80989,-20.432953,-18.368729
CTGAAACCGGCTACGTCCGA,20,8113,1,2.2,,,,,,,,,,-86.47813223,-27.220268,-27.82225,-22.11065,-17.940071
CTGTTACCGGAGCGGTCCGA,20,2500,5,10.98,,,,,,,,,,-92.30206638,-27.633987,-28.112122,-20.110855,-15.419983
CTGGTACTGGGTAGGTCCGA,20,2500,5,10.98,,,,,,,,,,-88.26299061,-27.218842,-26.080627,-21.638039,-19.737522
CTGATACCGGCTAGTCCCGA,20,8113,1,2.2,,,,,,,,,,-92.40011179,-27.073463,-26.570374,-18.044586,-14.239719
CTGTTACCGGGCAGCTCGGA,20,8113,1,2.2,,,,,,,,,,-89.4571435,-28.359886,-29.747482,-21.574875,-20.816563
CTGCTACCGGATGCGACCGA,20,8113,1,2.2,,,,,,,,,,-94.99130559,-26.665855,-27.372421,-16.698189,-12.798183
CTGTTATCGGGGAGTTCCGA,20,8113,1,2.2,,,,,,,,,,-87.42139947,-27.869186,-27.473106,-22.514656,-20.505611
CTGGTACCGGGTAGCTCCGA,20,925,18,39.52,,,,,,,,,,-93.09184958,-27.51696,-27.07228,-18.63108,-16.235798
CTGTTACGGGCTAGGACCGA,20,8113,1,2.2,,,,,,,,,,-86.44347084,-27.396576,-27.906357,-21.39421,-19.262512
CTGTTACCGAATAACTCCGA,20,8113,1,2.2,,,,,,,,,,-89.44201131,-26.85714,-26.676727,-19.756264,-18.821964
CTGTTACCGGTAAGCTCCGA,20,1999,7,15.37,,,,,,,,,,-95.35838022,-27.52903,-27.245895,-18.525337,-15.105564
CTGCTACCGGCTCGTTCCGA,20,8113,1,2.2,,,,,,,,,,-94.57459812,-28.11576,-27.427742,-16.892159,-13.123222
CTGTTACCGGGTATGTGCGA,20,1205,13,28.54,,,,,,,,,,-92.44651743,-27.12336,-25.969498,-17.546318,-16.146946
CTGATACCAGGTAGCACCGA,20,8113,1,2.2,,,,,,,,,,-85.33822285,-26.253922,-26.468903,-22.04535,-19.434078
CTGATACCTGGTAGGTCCGA,20,1800,8,17.56,,,,,,,,,,-87.4386479,-26.9981,-25.828362,-19.770851,-17.259804
CTGTTACCGGATATACCCGA,20,8113,1,2.2,,,,,,,,,,-94.31924139,-26.292221,-25.43811,-17.978134,-15.116802
CTGCTACCGGGGAGGGCCGA,20,2500,5,10.98,,,,,,,,,,-98.77708728,-27.48307,-28.958473,-17.449623,-15.0532875
CTGTTACCGGGTATATTCGA,20,8113,1,2.2,,,,,,,,,,-89.54080799,-27.73526,-27.239204,-20.143005,-19.16093
CTGTTACCGTTGAGGTCCGA,20,8113,1,2.2,,,,,,,,,,-84.40985908,-27.750435,-26.652954,-20.795578,-18.613503
CTGCTATCTGGTAGGTCCGA,20,8113,1,2.2,,,,,,,,,,-86.86148776,-27.467323,-26.787987,-22.842834,-22.179
CTGTTACCGGGCGTGTCCGA,20,751,22,48.3,,,,,,,,,,-92.93619685,-27.902306,-27.711128,-19.941315,-14.8983345
CTGTTATCCGGTAGCTCCGA,20,8113,1,2.2,,,,,,,,,,-82.14252397,-27.691467,-27.042686,-23.039879,-23.701946
CTGTTACCGGGCTGAACCGA,20,8113,1,2.2,,,,,,,,,,-92.34491677,-26.976662,-27.173027,-19.121742,-14.778851
CTGTTGCCGGGTCAGACCGA,20,8113,1,2.2,,,,,,,,,,-85.82374008,-27.794739,-27.577553,-20.584633,-17.10305
CTGTTACCAGGTAAGGCCGA,20,8113,1,2.2,,,,,,,,,,-88.54115609,-26.915314,-26.92794,-21.039604,-20.018574
CTGTTATCGCGTGGGTCCGA,20,8113,1,2.2,,,,,,,,,,-81.77790222,-27.884537,-27.501373,-23.479836,-22.648705
CTGTAACCGGTCTGGTCCGA,20,8113,1,2.2,,,,,,,,,,-82.72042626,-27.749054,-26.781487,-22.587837,-19.565708
CTGATACCGGCAAGGGCCGA,20,4644,2,4.39,,,,,,,,,,-96.85293838,-26.82228,-27.875534,-17.903862,-12.932972
CTGTTTCCGTGGATGTCCGA,20,8113,1,2.2,,,,,,,,,,-76.16883952,-27.940392,-26.309158,-23.118095,-20.534618
CTGATACCGTGCAGGTCCGA,20,8113,1,2.2,,,,,,,,,,-85.84400612,-27.061783,-26.330338,-19.862663,-17.033485
CTGTTACCGGGTAGATCGGA,20,2216,6,13.17,,,,,,,,,,-94.54110554,-27.752296,-27.494865,-18.434586,-16.882664
CTGATACGGGGTAGCTCCGA,20,8113,1,2.2,,,,,,,,,,-86.8047945,-27.272911,-26.824425,-20.38256,-17.405964
CTGGTACCGGGCAGATCCGA,20,4644,2,4.39,,,,,,,,,,-95.5273009,-27.236511,-27.403847,-18.746033,-16.200542
CTGTTACCGCGTATGACCGA,20,4644,2,4.39,,,,,,,,,,-89.29953006,-26.951126,-26.557503,-17.677628,-17.3835
CTGTTACCGGCATGGCCCGA,20,8113,1,2.2,,,,,,,,,,-94.78684414,-27.010399,-27.120667,-18.02185,-14.837223
CTGTTACTGGATAGGACCGA,20,4644,2,4.39,,,,,,,,,,-85.61087996,-26.555084,-25.992294,-21.796661,-19.329933
CTGTTACCGGGTTATTCCGA,20,8113,1,2.2,,,,,,,,,,-94.7395339,-27.456451,-25.556221,-18.406525,-14.849655
CTGGTACCGTAAATGTCCGA,20,8113,1,2.2,,,,,,,,,,-86.22221999,-26.76374,-25.446098,-20.324455,-20.243496
CTGTTACCGGGGAGACCCGA,20,8113,1,2.2,,,,,,,,,,-97.45650639,-27.120094,-28.134094,-18.60109,-14.884548
CTGTTACCGGATAGCACCGA,20,2923,4,8.78,,,,,,,,,,-91.77837549,-26.582703,-26.669212,-18.752228,-15.619297
CTGTTACCGGGTTAGTTCGA,20,8113,1,2.2,,,,,,,,,,-90.37984076,-28.10675,-27.368813,-20.182846,-18.245598
CTGGTACCTCGTAGGTCCGA,20,8113,1,2.2,,,,,,,,,,-78.52182408,-27.715652,-27.027985,-22.057045,-23.912792
CTGTTACCGGTTCAGACCGA,20,8113,1,2.2,,,,,,,,,,-93.84420984,-27.004723,-26.359688,-17.858688,-13.647392
CTGTTACCGGGTCAGGCCGA,20,8113,1,2.2,,,,,,,,,,-93.46915406,-27.467133,-27.559547,-18.061722,-15.323364
CTGCTTCCGGTTAGATCCGA,20,8113,1,2.2,,,,,,,,,,-92.04325176,-27.876938,-26.57293,-20.019485,-18.553005
CTGTTACCGGCCGGGTCCGA,20,2500,5,10.98,,,,,,,,,,-91.90584529,-28.32994,-29.012222,-20.632553,-15.957062
CTGTTACGGGGCAGGCCCGA,20,8113,1,2.2,,,,,,,,,,-87.33463691,-27.550346,-28.573196,-22.848747,-21.243546
CTGTTACCGGCTAGATTCGA,20,2216,6,13.17,,,,,,,,,,-92.17915128,-27.997261,-27.955833,-19.21511,-18.384186
CTGTTACCAGGGTGGTCCGA,20,8113,1,2.2,,,,,,,,,,-84.36882041,-27.421242,-26.605011,-21.24591,-18.769173
CTGTCACCGCGTAGGTCCGA,20,1303,12,26.34,,,,,,,,,,-83.66416451,-28.007645,-27.981743,-23.439919,-21.08715
CTGTAACCGGCTAGTGCCGA,20,8113,1,2.2,,,,,,,,,,-83.90555916,-27.068916,-27.265984,-23.035744,-20.4729
CTGTTACCGGGACTATCCGA,20,8113,1,2.2,,,,,,,,,,-95.99036765,-27.376991,-27.044563,-18.299171,-14.486908
CTGTTACCGGCGCAATCCGA,20,8113,1,2.2,,,,,,,,,,-98.85855381,-27.194489,-27.866867,-17.364365,-13.571316
CTGCTACCGGGAAAGGCCGA,20,8113,1,2.2,,,,,,,,,,-105.1203901,-26.779617,-27.83168,-13.516861,-11.7441635
CTGAAACCGGGTAAGGCCGA,20,8113,1,2.2,,,,,,,,,,-88.45917412,-26.642456,-27.80088,-23.31166,-20.412151
CTGTTACTGGTTAGATCCGA,20,8113,1,2.2,,,,,,,,,,-89.37779879,-26.97091,-24.992805,-21.04345,-18.55685
CTGTTACCGCCTAGGACCGA,20,3487,3,6.59,,,,,,,,,,-88.31008877,-27.808723,-28.542526,-19.40329,-18.94054
CTGTAACCGGGTAGCACCGA,20,4644,2,4.39,,,,,,,,,,-84.89256904,-26.814156,-27.866882,-24.117859,-21.277184
CTGATATCGGGAAAGGCCGA,20,8113,1,2.2,,,,,,,,,,-91.67244984,-26.712738,-27.104362,-20.005928,-18.432243
CTGATACCGGCTTCGTCCGA,20,3487,3,6.59,,,,,,,,,,-91.58061711,-27.654213,-26.593987,-18.062431,-13.187714
CTGTTACCGGTTCCATCCGA,20,8113,1,2.2,,,,,,,,,,-92.91844134,-27.43637,-25.421677,-17.971588,-14.924934
CTGTTACCGGGGTGCTCCGA,20,4644,2,4.39,,,,,,,,,,-92.19614788,-27.72602,-27.457047,-18.696815,-15.056572
CTGTTACCGGAGAAGATCGA,20,8113,1,2.2,,,,,,,,,,-90.70728567,-27.37278,-28.129417,-19.212784,-18.40337
CTGTTACCGTCTAAGTCCGA,20,1999,7,15.37,,,,,,,,,,-90.12947754,-27.584084,-26.673096,-18.91156,-16.456287
CTGTTACCGCGAAGGGCCGA,20,4644,2,4.39,,,,,,,,,,-90.25327606,-27.43805,-28.756851,-19.819336,-20.433128
CTGTTACGGGGTAGAGCCGA,20,8113,1,2.2,,,,,,,,,,-87.17616101,-27.12236,-27.268944,-21.102211,-20.321255
CTGTTACCGTAAAGGTCCGA,20,8113,1,2.2,,,,,,,,,,-88.0190236,-27.248512,-26.52591,-20.138962,-17.946495
CTGTTACCGGGTGTTTCCGA,20,4644,2,4.39,,,,,,,,,,-91.44283434,-27.686714,-25.87378,-19.772903,-16.048641
CTGATGCCGGGTAGGGCCGA,20,8113,1,2.2,,,,,,,,,,-83.47999368,-27.550346,-28.01065,-22.856232,-20.356838
CTGTTACCGGGGCTGACCGA,20,8113,1,2.2,,,,,,,,,,-90.44351303,-27.371353,-28.093338,-19.928772,-15.069607
CTGATACCGGCTATGACCGA,20,4644,2,4.39,,,,,,,,,,-93.70773057,-26.578514,-26.230171,-16.438652,-12.190823
CTGTTACTGGGGTGGTCCGA,20,4644,2,4.39,,,,,,,,,,-86.97586989,-27.28965,-26.271454,-21.829048,-19.605007
CTGTTACCCGGGAGGTCGGA,20,8113,1,2.2,,,,,,,,,,-94.47736279,-28.469398,-29.640152,-20.537575,-17.467548
CTGTTACCGGGCATATCCGA,20,925,18,39.52,,,,,,,,,,-96.40766785,-27.237442,-26.766556,-17.885925,-14.194946
CTGCTACCGGAAAGGACCGA,20,4644,2,4.39,,,,,,,,,,-101.7869555,-26.555542,-27.856598,-15.856316,-11.978901
CTGTTATGGGGAAGGTCCGA,20,8113,1,2.2,,,,,,,,,,-84.15871802,-27.995674,-27.776184,-24.696434,-22.361828
CTGCTACCGGCTAAGACCGA,20,8113,1,2.2,,,,,,,,,,-104.0577738,-26.829353,-27.832314,-14.156044,-10.4398575
CTGTTACCGTGTTCATCCGA,20,8113,1,2.2,,,,,,,,,,-84.99678251,-27.296303,-25.06353,-19.213226,-18.452705
CTGTTATCCGGTCGGTCCGA,20,8113,1,2.2,,,,,,,,,,-79.46242065,-28.115982,-27.492653,-24.30111,-24.096985
CTGTTACCGGGCGACCCCGA,20,8113,1,2.2,,,,,,,,,,-92.77383544,-27.69313,-29.11879,-21.15313,-17.729752
CTGATACCCGGAAGGTCCGA,20,4644,2,4.39,,,,,,,,,,-93.79666803,-27.281326,-27.591057,-17.920273,-17.11287
CTGCAACCCGGTAGGTCCGA,20,4644,2,4.39,,,,,,,,,,-87.9213412,-27.699074,-28.022148,-20.736458,-21.27739
CTGTTGCCGGGTCGATCCGA,20,8113,1,2.2,,,,,,,,,,-84.66962507,-28.226044,-27.072586,-20.820488,-17.98156
CTGGTACCGGGCGGGTCCGA,20,8113,1,2.2,,,,,,,,,,-91.94600906,-28.006866,-28.959602,-22.185738,-18.490978
CTGACACCGGGTATGTCCGA,20,4644,2,4.39,,,,,,,,,,-89.27430778,-27.130104,-25.508545,-21.06392,-15.904606
CTGTTACCGGGTGGGTCGGA,20,1999,7,15.37,,,,,,,,,,-91.02200143,-28.19629,-28.113838,-20.64904,-18.899582
CTGCTACGGGGTAGGCCCGA,20,8113,1,2.2,,,,,,,,,,-96.67816585,-27.232811,-27.861603,-19.161331,-17.223854
CTGATACCGTGAACGTGCGA,20,8113,1,2.2,,,,,,,,,,-88.26285574,-26.6119,-26.804092,-19.628662,-15.994675
CTGTTACCGGATCGGACCGA,20,8113,1,2.2,,,,,,,,,,-89.54837647,-27.057617,-27.372246,-19.816444,-15.231354
CTGGTACCGGGTAGATTCGA,20,8113,1,2.2,,,,,,,,,,-90.02326715,-27.757088,-27.203415,-20.531479,-20.44957
CTGTTACCCGGTCATTCGGA,20,8113,1,2.2,,,,,,,,,,-90.74210655,-28.445976,-28.27681,-20.962616,-18.242668
CTGTTACCTAGTAGGCCCGA,20,4644,2,4.39,,,,,,,,,,-74.60126909,-27.047264,-26.78302,-23.52465,-24.22874
CTGCTACGGGGTACGCCCGA,20,8113,1,2.2,,,,,,,,,,-95.54427527,-27.053825,-27.929619,-18.263863,-16.72173
CTGCTACCGCATAGATGCGA,20,8113,1,2.2,,,,,,,,,,-100.5578757,-26.690643,-26.809006,-14.926277,-11.066784
CTGTTACCGGGTAACGCCGA,20,2923,4,8.78,,,,,,,,,,-95.50767037,-26.867073,-27.239273,-18.141434,-15.959648
CTGCTACCGGAGGGGTCCGA,20,4644,2,4.39,,,,,,,,,,-98.23913301,-27.732742,-28.65281,-18.103714,-13.503521
CTGTTACCGGCTGGTTCCGA,20,3487,3,6.59,,,,,,,,,,-91.52318598,-27.767586,-26.276642,-18.21054,-14.486351
CTGTTACCAGGGATGACCGA,20,8113,1,2.2,,,,,,,,,,-85.34283396,-26.758522,-26.824936,-21.295105,-18.697899
CTGTTTCTCGATAGGTCCGA,20,8113,1,2.2,,,,,,,,,,-71.00711388,-27.845871,-26.485245,-25.096619,-25.969797
CTGATACCGGTTAGGGCCGA,20,2216,6,13.17,,,,,,,,,,-90.75731457,-27.055428,-26.99411,-19.992722,-16.93285
CTGTTATCGTGTAGGTCCGA,20,1999,7,15.37,,,,,,,,,,-79.4363077,-27.574005,-26.256088,-23.48272,-21.849846
CTGTTACCGATTGGTTCCGA,20,8113,1,2.2,,,,,,,,,,-81.40846863,-27.47422,-24.772087,-20.006767,-19.747498
CTGTTACCGGGTGCGTCGGA,20,4644,2,4.39,,,,,,,,,,-90.66824128,-28.106888,-28.241089,-20.739662,-18.58691
CTGCTACCGGCTGCGTCCGA,20,8113,1,2.2,,,,,,,,,,-97.42981051,-27.759148,-28.037994,-16.714348,-12.374966
CTGTTATCAGGGGGGTCCGA,20,8113,1,2.2,,,,,,,,,,-76.32712419,-27.898834,-28.751785,-27.655807,-25.53896
CTGTTACCAGATAGGACCGA,20,8113,1,2.2,,,,,,,,,,-84.56491734,-26.674423,-26.576607,-22.331146,-20.490253
CTGTTACCGTGTTGATCCGA,20,2500,5,10.98,,,,,,,,,,-85.14604388,-27.078407,-24.540146,-18.214676,-17.269444
CTGTCACCGGGCAGAACCGA,20,8113,1,2.2,,,,,,,,,,-87.87270959,-27.004593,-28.554077,-24.90429,-20.40902
CTGTTACCCCTTAGGTCCGA,20,8113,1,2.2,,,,,,,,,,-81.54907458,-28.518234,-27.836273,-20.691795,-23.633663
CTGTTACCGGTTCGATCCGA,20,1999,7,15.37,,,,,,,,,,-93.5202598,-27.476578,-25.692062,-18.249168,-14.629208
CTGTTATCTGGCAGGTCCGA,20,8113,1,2.2,,,,,,,,,,-77.93475143,-27.605103,-27.139679,-25.158417,-24.33937
CTGACACCGGCTAGGTCCGA,20,8113,1,2.2,,,,,,,,,,-89.60399669,-27.63942,-27.058136,-21.923584,-16.454632
CTGCTACCGGGTTGAACCGA,20,8113,1,2.2,,,,,,,,,,-99.04245053,-26.674309,-26.22821,-15.341728,-11.873528
CTGTTACCGGTTGGCTCCGA,20,4644,2,4.39,,,,,,,,,,-89.09356839,-27.820908,-26.548729,-19.511139,-16.48005
CTGATACCGGTATGGTCCGA,20,8113,1,2.2,,,,,,,,,,-94.69187918,-26.88984,-24.873848,-16.756706,-11.949043
CTGTAACCGGGTCGGACCGA,20,4644,2,4.39,,,,,,,,,,-82.41908315,-27.364273,-28.696434,-24.975243,-21.134525
CTGTTACGGGGGATGTCCGA,20,4644,2,4.39,,,,,,,,,,-87.93455931,-27.540451,-27.06305,-20.285492,-17.847427
CTGTTACGGGGAAGGGCCGA,20,8113,1,2.2,,,,,,,,,,-87.74699402,-27.39544,-28.354347,-22.152657,-21.125317
CTGTTGCCGGCTAGGTCGGA,20,8113,1,2.2,,,,,,,,,,-82.74684396,-28.887924,-28.580887,-22.309792,-21.479164
CTGTTACCAGGTTGGACCGA,20,3487,3,6.59,,,,,,,,,,-82.22451134,-26.901497,-25.98684,-21.650612,-19.382381
CTGTTACCGTATAGATCCGA,20,8113,1,2.2,,,,,,,,,,-87.08297918,-26.916977,-25.224823,-19.04567,-17.330769
CTGATACCGCGTAGGTGCGA,20,872,19,41.71,,,,,,,,,,-94.82749398,-27.112411,-27.28656,-18.25428,-13.374008
CTGATACCGGGGCGCTCCGA,20,4644,2,4.39,,,,,,,,,,-90.93610292,-27.843666,-29.07119,-20.21244,-15.601952
CTGTTACTTGGTTGGTCCGA,20,4644,2,4.39,,,,,,,,,,-75.15762793,-27.101707,-24.841034,-22.755356,-22.272026
CTGTAACCGCGTAGGTCCGA,20,1800,8,17.56,,,,,,,,,,-82.86548704,-27.647087,-27.925354,-22.264938,-21.28355
CTGTTGCCGGGTACGTTCGA,20,8113,1,2.2,,,,,,,,,,-79.45670988,-28.611664,-28.699242,-23.591103,-22.707779
CTGCTACCGAGTATGTCCGA,20,4644,2,4.39,,,,,,,,,,-94.69875864,-27.018188,-25.676277,-16.197052,-15.569538
CTGCATCCGGGGAGGTCCGA,20,8113,1,2.2,,,,,,,,,,-83.91714387,-28.166832,-29.217766,-24.827042,-22.142109
CTGTTACCGGATACAATCGA,20,8113,1,2.2,,,,,,,,,,-89.02183663,-26.72799,-26.74099,-19.77349,-18.773304
CTGTTACCGGTGCAGTCCGA,20,8113,1,2.2,,,,,,,,,,-96.46777594,-27.277367,-26.811066,-18.116905,-13.208672
CTGTTTCCGGGTATGTTCGA,20,8113,1,2.2,,,,,,,,,,-77.44417677,-28.460487,-27.354843,-22.903702,-22.401268
CTGCTACCGGGGAGCCCCGA,20,8113,1,2.2,,,,,,,,,,-100.4051361,-27.486145,-29.121353,-17.491768,-13.766895
CTGTTATGGGGTAGATCCGA,20,8113,1,2.2,,,,,,,,,,-82.61601718,-27.673843,-26.522598,-23.86306,-22.191872
CTGCTACCGGATAGAACCGA,20,4644,2,4.39,,,,,,,,,,-101.230325,-26.212036,-26.5755,-15.319405,-11.48822
CTGTTTCCGGGTATTTCCGA,20,3487,3,6.59,,,,,,,,,,-82.73660626,-28.205132,-26.376266,-23.056831,-20.48222
CTGTTACCGCCGAGGTCCGA,20,8113,1,2.2,,,,,,,,,,-89.71611593,-28.165573,-28.856964,-18.779915,-17.658752
CTGTTACCGGTTAGGTTCGA,20,2923,4,8.78,,,,,,,,,,-88.54350272,-28.195564,-27.332825,-21.39782,-20.024223
CTGATACCCGGTAGATCCGA,20,8113,1,2.2,,,,,,,,,,-92.0674128,-26.998802,-26.322006,-17.030327,-16.743378
CTGTCACCGGGTAGCACCGA,20,8113,1,2.2,,,,,,,,,,-85.13336154,-27.144547,-27.868492,-24.266441,-20.42006
CTGTTACCGACTAGTTCCGA,20,3487,3,6.59,,,,,,,,,,-86.26957969,-27.415314,-25.779396,-18.449562,-17.35279
CTGTTTCCGGGGAGGCCCGA,20,8113,1,2.2,,,,,,,,,,-85.63968983,-28.065567,-28.775124,-23.167503,-20.302334
CTGTTGCCGGGACGGTCCGA,20,4644,2,4.39,,,,,,,,,,-86.03719913,-28.31224,-28.450653,-22.480095,-18.33617
CTGATACCGGATCTCTCCGA,20,8113,1,2.2,,,,,,,,,,-87.3931916,-27.556755,-26.932983,-19.961578,-15.338787
CTGGTACCAGGTAGGTCCGA,20,3487,3,6.59,,,,,,,,,,-88.48067423,-27.329155,-26.501724,-21.489021,-20.07751
CTGTTTCCGGGTAGGTCGGA,20,2216,6,13.17,,,,,,,,,,-82.58089956,-28.70987,-28.100304,-22.689667,-21.535263
CTGATACCGGATTGGACCGA,20,8113,1,2.2,,,,,,,,,,-90.06080778,-26.436348,-25.621681,-18.547775,-14.136665
CTGTTTCCGGCTAGGTTCGA,20,3487,3,6.59,,,,,,,,,,-79.2305646,-28.977043,-28.639732,-23.485466,-23.349712
CTGTTACCGTGTAGGGCCGA,20,2216,6,13.17,,,,,,,,,,-81.99217159,-27.229042,-26.998116,-21.340836,-20.847836
CTGTTACCGCATAGGTCCGA,20,8113,1,2.2,,,,,,,,,,-90.94062422,-27.445755,-26.657402,-18.088867,-17.08356
CTGTTACGTGAGAGGTCCGA,20,8113,1,2.2,,,,,,,,,,-76.96912837,-27.41359,-26.99511,-23.705444,-23.94402
CTGTTGCCGCGCGGTACCGA,20,8113,1,2.2,,,,,,,,,,-73.3457595,-28.219055,-29.104073,-23.899315,-24.593544
CTGTTTCCGGCTAGTTCCGA,20,3487,3,6.59,,,,,,,,,,-83.6095289,-28.38855,-26.69284,-21.731415,-19.19989
CTGTTACCTGGTGCGCCCGA,20,8113,1,2.2,,,,,,,,,,-82.54467912,-27.120071,-26.88665,-22.274597,-19.99681
CTGATATCGGTTAGGTCCGA,20,8113,1,2.2,,,,,,,,,,-88.33797998,-27.46183,-26.247963,-22.341934,-18.07219
CTGTTTCCGGGAAAGCCCGA,20,8113,1,2.2,,,,,,,,,,-93.32214149,-27.39,-27.58815,-20.12053,-17.590729
CTGGTACCGAGCAGGTCCGA,20,8113,1,2.2,,,,,,,,,,-85.75673106,-27.429733,-27.66214,-21.67543,-21.797886
CTGCTACTGGTTAGCTCCGA,20,8113,1,2.2,,,,,,,,,,-90.56128963,-27.206467,-26.144157,-20.0924,-17.942661
CTGATACCGGGAAGAACCGA,20,4644,2,4.39,,,,,,,,,,-98.71111891,-26.22496,-27.130447,-17.397072,-12.460091
CTGCTACCGACTAGGTCCGA,20,8113,1,2.2,,,,,,,,,,-92.18866452,-27.39167,-26.971115,-16.400085,-15.18745
CTGTTACCGAGTAGGTCGGA,20,4644,2,4.39,,,,,,,,,,-85.63124356,-27.964104,-27.665054,-20.80806,-22.196472
CTGTTATTGGGTAAGTCCGA,20,8113,1,2.2,,,,,,,,,,-85.08368471,-27.549744,-26.390274,-23.458305,-21.121704
CTGTTTCCCGGCAGGGCCGA,20,8113,1,2.2,,,,,,,,,,-75.47964207,-28.371506,-29.123077,-24.848625,-25.9829
CTGTTTCTGGTTAGGTCCGA,20,8113,1,2.2,,,,,,,,,,-76.15319786,-28.110283,-26.567276,-25.722145,-23.521957
CTGCTTCCGGGTATGTCCGA,20,8113,1,2.2,,,,,,,,,,-91.34076438,-27.882889,-26.467827,-19.087524,-16.322777
CTGTAACCGGTTAGGCCCGA,20,8113,1,2.2,,,,,,,,,,-82.31221297,-27.231056,-27.683815,-24.593323,-21.50116
CTGCTACCGGCCCGGTCCGA,20,8113,1,2.2,,,,,,,,,,-94.31752779,-28.503143,-29.364456,-18.504295,-14.479183
CTGTTACCGGCCTGGGCCGA,20,4644,2,4.39,,,,,,,,,,-88.98306107,-27.948029,-28.301605,-20.840553,-16.287125
CTGGTACCGGGTCGGTCCGA,20,2500,5,10.98,,,,,,,,,,-92.18094366,-27.880646,-27.40245,-20.378647,-16.851097
CTGTTACCCGGTAAATCGGA,20,8113,1,2.2,,,,,,,,,,-97.19948985,-27.585045,-27.99488,-18.351807,-15.226784
CTGTTACCGAGCTGGACCGA,20,8113,1,2.2,,,,,,,,,,-82.69956305,-27.12851,-27.405602,-21.341682,-20.181854
CTGTTATCCCGTAGGACCGA,20,8113,1,2.2,,,,,,,,,,-74.87123434,-27.4673,-27.424614,-24.179855,-27.183657
CTGTCACCCGGCACGTCCGA,20,8113,1,2.2,,,,,,,,,,-81.88757549,-28.393845,-30.192062,-26.390503,-25.432121
CTGTTACCGAGTATTTCCGA,20,8113,1,2.2,,,,,,,,,,-87.26758422,-27.372246,-25.692482,-20.315552,-20.40955
CTGTTACCGGTACGGTCCGA,20,1657,9,19.76,,,,,,,,,,-94.1742823,-27.462769,-26.815338,-19.086617,-14.21413
CTGCTACCGGGATGGACCGA,20,3487,3,6.59,,,,,,,,,,-100.6052143,-26.876358,-27.182655,-15.610878,-11.273075
CTGTTGCCGGGTAGGTTCGA,20,8113,1,2.2,,,,,,,,,,-79.97427573,-28.740013,-28.474518,-23.797653,-22.789814
CTGTTACCCGGTTGTTCCGA,20,8113,1,2.2,,,,,,,,,,-84.87020464,-27.685066,-25.356636,-18.54802,-19.294533
CTGTTACGTGGTATGTCCGA,20,8113,1,2.2,,,,,,,,,,-77.88374165,-26.991508,-25.088242,-21.351097,-20.288132
CTGTTACCGGCTACCTCCGA,20,3487,3,6.59,,,,,,,,,,-92.85747105,-27.871933,-27.959595,-18.763092,-15.353191
CTGTTATCTGATAGGTGCGA,20,8113,1,2.2,,,,,,,,,,-75.48014833,-27.159798,-26.620354,-25.65229,-26.876995
CTGTCACCGGCAAGCTCCGA,20,8113,1,2.2,,,,,,,,,,-88.81128101,-27.865051,-29.08725,-23.295303,-19.47446
CTGCTACCGGGTGGAACCGA,20,8113,1,2.2,,,,,,,,,,-99.14899148,-26.691055,-27.313866,-15.509079,-11.762005
CTGTTACCGGGTCTGGCCGA,20,3487,3,6.59,,,,,,,,,,-88.73847988,-27.57859,-26.90715,-18.54435,-16.503704
CTGTTACCCGTTAGGTCGGA,20,4644,2,4.39,,,,,,,,,,-91.66980474,-28.428398,-28.054459,-20.380508,-17.973476
CTGTTACTGGTTTGGTCCGA,20,4644,2,4.39,,,,,,,,,,-84.18691882,-27.206764,-24.923279,-22.023575,-19.83165
CTGCTACCGGCAACGGCCGA,20,8113,1,2.2,,,,,,,,,,-101.2720774,-26.862083,-28.404572,-14.421356,-10.299698
CTGTTACCAGCTAGGGCCGA,20,4644,2,4.39,,,,,,,,,,-83.80345189,-27.235573,-27.779709,-22.658745,-19.851238
CTGTTACCGGCAAGTGCCGA,20,8113,1,2.2,,,,,,,,,,-96.79935765,-26.892609,-27.03759,-17.330566,-13.629242
CTGTTACCGGGATTGTGCGA,20,8113,1,2.2,,,,,,,,,,-91.1448147,-27.2089,-26.064049,-18.776474,-17.288269
CTGTTACCTGGACCGTCCGA,20,8113,1,2.2,,,,,,,,,,-84.92283403,-27.626328,-27.440659,-22.193771,-19.78033
CTGTTACCAAGTAGGACCGA,20,8113,1,2.2,,,,,,,,,,-76.17739004,-26.793709,-26.868172,-23.699257,-24.182144
CTGTTACCGGTTTGCTCCGA,20,3487,3,6.59,,,,,,,,,,-88.56217971,-27.558517,-25.564407,-19.335693,-16.309307
CTGTTACCGGGCACGACCGA,20,3487,3,6.59,,,,,,,,,,-93.52068526,-27.236107,-28.40419,-19.071228,-14.917721
CTGTTTCCCGGTAGTTCCGA,20,8113,1,2.2,,,,,,,,,,-77.97718326,-28.355415,-26.724953,-22.367302,-22.84549
CTGATACCGGAGAGATCCGA,20,8113,1,2.2,,,,,,,,,,-97.44824743,-26.707428,-26.541077,-16.003693,-12.059975
CTGTTACCGGGAAGCACCGA,20,1999,7,15.37,,,,,,,,,,-96.17914521,-26.862091,-27.951088,-18.657661,-15.266975
CTGTTACGGAGTAGGTCCGA,20,1800,8,17.56,,,,,,,,,,-80.30316818,-27.499527,-26.770668,-21.758018,-20.398773
CTGTTTCCGCATTGGTCCGA,20,8113,1,2.2,,,,,,,,,,-76.55490312,-28.08992,-25.979988,-21.660233,-21.93945
CTGTTACCCGGTACCTCCGA,20,8113,1,2.2,,,,,,,,,,-89.2691049,-27.857948,-27.833176,-20.041054,-20.473335
CTGTTACCAGGGAGATCCGA,20,4644,2,4.39,,,,,,,,,,-89.11035464,-27.231087,-27.222244,-19.93399,-18.559269
CTGTTACCGGCTTGTTCCGA,20,1999,7,15.37,,,,,,,,,,-91.01003674,-27.636574,-25.463852,-17.79898,-15.091061
CTGTTACGTGGGGCGTCCGA,20,4644,2,4.39,,,,,,,,,,-75.6107747,-27.894325,-28.271149,-25.226585,-23.517605
CTGCTACCGCGCTGGCGCGA,20,8113,1,2.2,,,,,,,,,,-93.6453198,-27.73169,-29.565308,-19.15461,-14.030678
CTGTTACCGGGATAGCCCGA,20,8113,1,2.2,,,,,,,,,,-99.67801475,-26.834656,-26.754929,-16.99469,-13.134239
CTGTTACTGGGAAGGACCGA,20,8113,1,2.2,,,,,,,,,,-89.48921691,-26.766632,-27.118423,-22.043533,-19.792149
CTGCTACCGGGTCCGGCGGA,20,8113,1,2.2,,,,,,,,,,-90.42273641,-28.049019,-28.920883,-17.709778,-18.485851
CTGCTACCGGCTTCGTCCGA,20,2923,4,8.78,,,,,,,,,,-96.73639779,-28.036385,-27.344925,-16.325554,-12.809898
CTGTTACGGGGCAGGTGCGA,20,8113,1,2.2,,,,,,,,,,-83.77787271,-27.671791,-28.373749,-22.643433,-22.451775
CTGATACCGGGAAAGGCCGA,20,4644,2,4.39,,,,,,,,,,-98.96640378,-26.50187,-27.301712,-16.275963,-13.322033
CTGTTTCCGGGTCGGACCGA,20,4644,2,4.39,,,,,,,,,,-78.70198819,-28.111542,-27.933983,-22.616898,-19.6708
CTGTTTCCGGTTCGGGCCGA,20,8113,1,2.2,,,,,,,,,,-75.10316711,-28.337051,-27.75647,-23.810204,-22.902725
CTGTTACCGGCAAGACCCGA,20,4644,2,4.39,,,,,,,,,,-99.15999609,-26.76213,-27.741447,-17.393425,-14.404282
CTGTCACCGGCCAGGTCCGA,20,4644,2,4.39,,,,,,,,,,-87.1877336,-28.29335,-28.79741,-24.191467,-19.543217
CTGTTTCGGGGTAGGTCCGA,20,2500,5,10.98,,,,,,,,,,-78.44215137,-28.43435,-27.529099,-24.059654,-21.606236
CTGTTACCGGGTAAATTCGA,20,2923,4,8.78,,,,,,,,,,-94.27546889,-27.620598,-27.841583,-19.092873,-17.692322
CTGTTACCGGGGTGGCCCGA,20,3487,3,6.59,,,,,,,,,,-93.74965461,-27.269585,-27.543777,-19.214798,-15.399723
CTGTTGCCGGGTTGCTCCGA,20,8113,1,2.2,,,,,,,,,,-81.00019966,-28.132767,-26.317558,-21.234802,-18.6982
CTGTTACCGGGAACCACCGA,20,8113,1,2.2,,,,,,,,,,-95.64533797,-26.789314,-27.769989,-18.447975,-15.202862
CTGTTACCCGGTAGCTCCGA,20,2500,5,10.98,,,,,,,,,,-89.84751153,-27.824646,-27.658157,-18.956642,-19.379086
CTGTTACTCGGTAGGTCCGA,20,1063,15,32.93,,,,,,,,,,-83.70962055,-27.367119,-26.54795,-21.7164,-22.308979
CTGTTACCGGGTTGGTCGGA,20,3487,3,6.59,,,,,,,,,,-90.33307176,-27.986526,-26.529648,-18.97622,-17.922806
CTGATACCGGGGAGGGCCGA,20,2500,5,10.98,,,,,,,,,,-93.76422342,-27.132957,-28.35189,-19.971794,-16.575268
CTGATACCTGGAAGAGCCGA,20,8113,1,2.2,,,,,,,,,,-86.52377465,-26.427567,-26.626503,-20.643852,-19.596783
CTGTTACCGCGTGGGTCCGA,20,1514,10,21.95,,,,,,,,,,-89.1950028,-27.96289,-27.710777,-19.17849,-17.709885
CTGTTACCGGGGAGATGCGA,20,8113,1,2.2,,,,,,,,,,-94.138745,-27.306137,-27.963928,-17.527283,-17.257336
CTGTTGCCCGGTAGGTCGGA,20,8113,1,2.2,,,,,,,,,,-83.30132827,-28.964539,-28.836098,-23.161835,-21.636185
CTGTTTCCAGGTAGGACCGA,20,8113,1,2.2,,,,,,,,,,-74.63152621,-27.577576,-27.092934,-24.371376,-23.139038
CTGTTACCGGGTGGCCCGGA,20,8113,1,2.2,,,,,,,,,,-86.2775952,-27.773132,-28.400406,-21.523132,-20.062786
CTGTTACCGGTCAGGGCCGA,20,8113,1,2.2,,,,,,,,,,-90.12118492,-27.608368,-27.764389,-20.103714,-17.897968
CTGTTTCCTGGTAGCTCCGA,20,8113,1,2.2,,,,,,,,,,-73.7363972,-28.02169,-26.657524,-24.296661,-23.728848
CTGTTACCGCGTAAGACCGA,20,2216,6,13.17,,,,,,,,,,-93.52218546,-27.015976,-27.559624,-17.436745,-16.51157
CTGTTACCGGGGGGCTCCGA,20,1999,7,15.37,,,,,,,,,,-92.31724801,-28.246246,-29.376015,-20.895584,-16.775791
CTGCTACCGGCAAGGGCCGA,20,4644,2,4.39,,,,,,,,,,-101.9813827,-27.135628,-28.539757,-15.580627,-11.043907
CTGTCACCGGTTCGGTCCGA,20,8113,1,2.2,,,,,,,,,,-82.3061503,-28.209023,-27.100227,-24.693703,-19.532982
CTGTTACTGGGGGGGTCCGA,20,8113,1,2.2,,,,,,,,,,-86.78985518,-27.722046,-28.116898,-24.510223,-21.557434
CTGTTACCGGGTTTTTCCGA,20,2923,4,8.78,,,,,,,,,,-89.93995087,-27.794113,-26.250076,-21.437263,-17.82676
CTGGTACTGGGTAGGCGCGA,20,8113,1,2.2,,,,,,,,,,-82.02574262,-26.929626,-27.39058,-24.3312,-24.82011
CTGTTACTGAGGAGGTCCGA,20,4644,2,4.39,,,,,,,,,,-80.03717378,-27.342384,-27.265373,-24.062325,-23.515854
CTGTTACCGCATTAGACCGA,20,8113,1,2.2,,,,,,,,,,-90.41309439,-26.9608,-26.69854,-18.711418,-17.722729
CTGCTACCGGCTACAGCCGA,20,8113,1,2.2,,,,,,,,,,-100.5915755,-26.723259,-27.35263,-14.72142,-10.967529
CTGCTACCGGGAGGGACCGA,20,8113,1,2.2,,,,,,,,,,-100.559465,-27.270294,-29.108742,-17.381104,-13.123909
CTGATACCGGCAACGTCCGA,20,4644,2,4.39,,,,,,,,,,-98.05763153,-26.852005,-27.350487,-15.997635,-10.638271
CTGTTACCGGGGATGTCGGA,20,8113,1,2.2,,,,,,,,,,-92.50548827,-27.885597,-27.780045,-19.233551,-17.667473
CTGTTTCCGTGTAGATCCGA,20,8113,1,2.2,,,,,,,,,,-77.66952212,-27.795952,-25.808952,-22.476166,-21.78862
CTGATACCAGGTAGGTCGGA,20,8113,1,2.2,,,,,,,,,,-89.29406502,-27.462334,-27.165047,-21.701805,-19.19775
CTGTCACCGCGTAGGGCCGA,20,8113,1,2.2,,,,,,,,,,-79.77100117,-27.75901,-28.922256,-25.34774,-24.576935
CTGTAACCGGGTACGTCGGA,20,8113,1,2.2,,,,,,,,,,-84.50488627,-27.842133,-28.63456,-23.50174,-22.427128
CTGTAACCGGGACTGTCCGA,20,8113,1,2.2,,,,,,,,,,-87.03772439,-27.46405,-27.692604,-23.222473,-19.4276
CTGATACCGGTCAGTTCCGA,20,8113,1,2.2,,,,,,,,,,-92.00819338,-27.3359,-25.799934,-17.841545,-14.151855
CTGTTACCGGATATTTCCGA,20,3487,3,6.59,,,,,,,,,,-93.29324608,-27.259483,-25.441368,-18.84233,-16.110722
CTGTTTCTGGGGACGTCCGA,20,8113,1,2.2,,,,,,,,,,-78.15765826,-28.201958,-27.964096,-25.255447,-23.000042
CTGTTACCGGGTCATTTCGA,20,8113,1,2.2,,,,,,,,,,-87.00491126,-28.403831,-28.18074,-21.249191,-20.921726
CTGTTACCGGGTATGCCCGA,20,270,88,193.19,,,,,,,,,,-95.74616309,-26.732323,-25.807907,-16.956009,-13.49688
CTGATACCGGCGAAGTCCGA,20,4644,2,4.39,,,,,,,,,,-100.3818172,-27.005058,-27.646027,-15.96125,-10.426075
CTGTTACCTCTTTGGTCCGA,20,8113,1,2.2,,,,,,,,,,-72.98148196,-27.872887,-26.010994,-22.476776,-23.999641
CTGTTACTGGGTAGAACCGA,20,8113,1,2.2,,,,,,,,,,-88.42949598,-26.421844,-25.76519,-21.138245,-18.788185
CTGTTACCGGGGAGGTTCGA,20,1514,10,21.95,,,,,,,,,,-90.02881015,-28.320976,-29.108765,-21.121605,-19.642658
CTGTTACCGGGTTAACCCGA,20,8113,1,2.2,,,,,,,,,,-97.70978006,-26.7248,-26.206337,-17.75705,-14.195778
CTGACACCCGGTAGGTCCGA,20,8113,1,2.2,,,,,,,,,,-84.63514823,-27.750229,-27.436417,-23.195953,-21.753864
CTGTTACCGGATAGGTCGGA,20,3487,3,6.59,,,,,,,,,,-92.32984172,-27.82695,-27.25351,-19.284492,-17.895393
CTGTTACCGGCTACGCCCGA,20,3487,3,6.59,,,,,,,,,,-93.08308424,-27.28524,-27.869766,-18.420547,-15.618179
CTGAAACCGGGTAAGTCCGA,20,8113,1,2.2,,,,,,,,,,-92.47972846,-26.938309,-27.160034,-21.369087,-16.84605
CTGTTACCGGGTAAGTGCGA,20,971,17,37.32,,,,,,,,,,-97.33057172,-27.212471,-27.166641,-17.232475,-15.524986
CTGTTACCGGGTAGTCCGGA,20,8113,1,2.2,,,,,,,,,,-90.43668555,-27.655197,-27.26625,-19.787033,-17.656464
CTGATACCGGCCAGCTCCGA,20,8113,1,2.2,,,,,,,,,,-90.90720076,-27.692757,-28.387192,-18.802177,-14.694115
CTGTTACCGCGCACGTGCGA,20,8113,1,2.2,,,,,,,,,,-90.99323721,-27.691544,-29.399796,-20.05352,-14.835766
CTGTTATCGGCTCGGTCCGA,20,8113,1,2.2,,,,,,,,,,-85.14977746,-28.247635,-27.786278,-23.548363,-19.41772
CTGTTACCGGATACGTCGGA,20,8113,1,2.2,,,,,,,,,,-91.36153831,-27.56881,-27.429657,-19.326057,-17.874313
CTGTTACCGGCTAGGCCCGA,20,415,45,98.79,,,,,,,,,,-94.36145288,-27.46733,-27.86309,-18.607399,-15.638401
CTGCTACCGGGTAGGCCGGA,20,8113,1,2.2,,,,,,,,,,-99.59823269,-27.457329,-28.283203,-16.544113,-15.573914
CTGATACCGGATGGGACCGA,20,8113,1,2.2,,,,,,,,,,-90.1271649,-26.58046,-26.987297,-19.79757,-15.005623
CTGTTACCACGCAGGTCCGA,20,8113,1,2.2,,,,,,,,,,-80.10503586,-27.443153,-28.001663,-22.325462,-22.93903
CTGTTACCCTGTAAGTCCGA,20,8113,1,2.2,,,,,,,,,,-83.45406391,-27.524857,-26.838486,-20.307785,-21.730183
CTGTTACCGGGGACTTCCGA,20,1657,9,19.76,,,,,,,,,,-94.22510252,-27.91793,-28.253067,-19.081078,-16.035427
CTGACACCGGGAAGGACCGA,20,8113,1,2.2,,,,,,,,,,-90.42716186,-26.833115,-28.104836,-24.260368,-18.87677
CTGATACCTGGTAGGGCCGA,20,8113,1,2.2,,,,,,,,,,-83.03419125,-26.803139,-26.719864,-22.04808,-20.83865
CTGTTACCGGGATGATCGGA,20,8113,1,2.2,,,,,,,,,,-93.65100121,-27.583374,-27.058083,-18.02906,-16.777245
CTGTTTCCGGGGAGCTCCGA,20,8113,1,2.2,,,,,,,,,,-84.85359444,-28.546364,-28.960938,-23.457108,-20.553482
CTGCTACCGGGTCATTCCGA,20,8113,1,2.2,,,,,,,,,,-100.2066009,-27.617653,-26.601387,-15.488846,-12.054752
CTGCTACCGGATATGTCCGA,20,688,24,52.69,,,,,,,,,,-100.1988134,-26.879662,-25.33702,-14.214157,-10.978256
CTGTAACCGGGGAGGCCCGA,20,8113,1,2.2,,,,,,,,,,-87.71606157,-27.321487,-29.267601,-25.501022,-21.725819
CTGTAACCGGCTACTTCCGA,20,8113,1,2.2,,,,,,,,,,-84.07158977,-27.667648,-27.66085,-23.252975,-20.687107
CTGCTACCGGGCAACTCCGA,20,8113,1,2.2,,,,,,,,,,-103.5830307,-27.409836,-28.653656,-15.76638,-12.378067
CTGTAACCCGGTTGCTCCGA,20,8113,1,2.2,,,,,,,,,,-76.68582224,-27.75496,-26.931595,-22.765205,-23.576824
CTGTTACCGCTTATGTCCGA,20,8113,1,2.2,,,,,,,,,,-87.86037353,-27.558777,-25.991592,-18.99794,-18.237236
CTGCTACTGCGTAGGTCCGA,20,8113,1,2.2,,,,,,,,,,-90.90237479,-27.108452,-26.660904,-19.510468,-19.673512
CTGTAACCGGGTAGGTCGGA,20,8113,1,2.2,,,,,,,,,,-84.84609392,-28.002808,-28.3694,-22.974457,-21.999573
CTGCTACTGGGCAAGTCCGA,20,8113,1,2.2,,,,,,,,,,-99.99693224,-27.045723,-27.067177,-18.622452,-16.910141
CTGTTATCGGTCAGGTCCGA,20,8113,1,2.2,,,,,,,,,,-86.36425378,-27.907806,-26.931992,-22.201408,-19.173527
CTGATACCGGATAAGTCCGA,20,1800,8,17.56,,,,,,,,,,-99.17633098,-26.650742,-25.858238,-16.165436,-10.961304
CTGTTATCGCATAGGTCCGA,20,8113,1,2.2,,,,,,,,,,-83.52352364,-27.410637,-26.509262,-22.284302,-21.922455
CTGCTACCGGGAAGAACCGA,20,8113,1,2.2,,,,,,,,,,-104.9360219,-26.455544,-27.664253,-14.520042,-10.5460205
CTGATACCGACTAGGTCCGA,20,8113,1,2.2,,,,,,,,,,-87.75442102,-27.097,-26.136703,-18.0103,-15.9465065
CTGATTCCGGGTTAATCCGA,20,8113,1,2.2,,,,,,,,,,-89.06259018,-27.366035,-25.796799,-20.957077,-18.028889
CTGCTTCCGGGTGGGACCGA,20,8113,1,2.2,,,,,,,,,,-85.36965507,-27.87194,-28.469162,-20.39891,-18.871765
CTGTTACCCGGCGGGTCCGA,20,4644,2,4.39,,,,,,,,,,-88.01730305,-28.356323,-29.646751,-21.706757,-21.33535
CTGTTACGGTGCAAGTCCGA,20,4644,2,4.39,,,,,,,,,,-80.58532544,-27.234085,-26.640717,-21.814575,-20.228104
CTGTTACTGCGCAGGTCCGA,20,8113,1,2.2,,,,,,,,,,-83.03981622,-27.31485,-27.341019,-22.939972,-22.954811
CTGTTACCGTGAAGATCCGA,20,3487,3,6.59,,,,,,,,,,-90.16252442,-27.095047,-26.105934,-18.296028,-16.58582
CTGTTACCGGGTGGCACCGA,20,3487,3,6.59,,,,,,,,,,-90.2518744,-27.089996,-27.433258,-19.37217,-16.200699
CTGTTACCGAGGAGGTGCGA,20,8113,1,2.2,,,,,,,,,,-86.71035036,-27.446068,-28.219406,-20.806137,-18.372772
CTGTTACCGGGCAGGCCGGA,20,8113,1,2.2,,,,,,,,,,-91.42952948,-27.757431,-29.108421,-21.154587,-19.72522
CTGTAACCGGTTCGGTCCGA,20,8113,1,2.2,,,,,,,,,,-82.21649889,-27.793495,-27.071335,-23.642578,-20.041088
CTGTTACCGCGAACGTCCGA,20,8113,1,2.2,,,,,,,,,,-93.6607689,-27.503319,-28.312317,-18.103996,-16.965702
CTGTTACCGCGTAGTTGCGA,20,3487,3,6.59,,,,,,,,,,-90.97254325,-27.594711,-26.812248,-18.225395,-15.113548
CTGTTACCCCGTAGGACCGA,20,8113,1,2.2,,,,,,,,,,-82.88516169,-27.762314,-28.380005,-20.711021,-23.266197
CTGTTACTGGGTGGGACCGA,20,8113,1,2.2,,,,,,,,,,-83.90407207,-26.904526,-26.889282,-22.924446,-20.514015
CTGCTACCGGTTTGATCCGA,20,8113,1,2.2,,,,,,,,,,-98.31185393,-27.20549,-25.333252,-15.973412,-13.022556
CTGTTACCGGGTCGAACCGA,20,1397,11,24.15,,,,,,,,,,-92.60688082,-27.036194,-27.081459,-18.259087,-14.464375
CTGTTACCGAGTAAGTTCGA,20,4644,2,4.39,,,,,,,,,,-86.82992053,-27.798706,-27.698753,-20.559875,-18.330368
CTGTTACCGAGTAATTCCGA,20,8113,1,2.2,,,,,,,,,,-90.82659906,-27.150856,-25.867577,-19.032372,-18.029903
CTGTTACCGGTAAGGCCCGA,20,8113,1,2.2,,,,,,,,,,-95.27435263,-27.129135,-27.335083,-19.042793,-15.748268
CTGATACCGGGTGAGGCCGA,20,4644,2,4.39,,,,,,,,,,-95.00324148,-26.82154,-27.307793,-18.250961,-14.817074
CTGTTTCCGTGTAAGACCGA,20,8113,1,2.2,,,,,,,,,,-78.29334314,-27.445953,-26.336044,-22.285492,-20.68174
CTGTAACCGGGCATGTCCGA,20,4644,2,4.39,,,,,,,,,,-87.19261561,-27.39009,-27.413261,-22.261292,-19.059437
CTGTTATTGGCTAGGTCCGA,20,8113,1,2.2,,,,,,,,,,-81.24111658,-27.71672,-26.589928,-24.857285,-22.731041
CTGGTACCGGTCAAGTCCGA,20,8113,1,2.2,,,,,,,,,,-96.94859613,-27.373787,-26.954758,-18.55574,-16.188675
CTGGTACGGGCTGCGTCCGA,20,8113,1,2.2,,,,,,,,,,-81.62811452,-27.76403,-27.694267,-22.405525,-20.449123
CTGAAACCGGTTAGTCCCGA,20,8113,1,2.2,,,,,,,,,,-80.46360668,-26.959358,-26.10495,-23.062386,-20.021198
CTGATACCGGGGAGCCCCGA,20,8113,1,2.2,,,,,,,,,,-94.42727148,-27.138283,-28.447159,-20.0438,-15.259991
CTGTCACCGGGTAAACCCGA,20,8113,1,2.2,,,,,,,,,,-92.373759,-26.672585,-27.505806,-23.444168,-18.83028
CTGTTACCGGTGAAGCCCGA,20,8113,1,2.2,,,,,,,,,,-97.13899354,-26.785866,-26.904678,-17.778038,-14.212574
CTGCTACCGCGTAGGTGCGA,20,2500,5,10.98,,,,,,,,,,-99.60423368,-27.441582,-28.075562,-16.26442,-11.574066
CTGGTACCGGGTACGCCCGA,20,8113,1,2.2,,,,,,,,,,-94.92919177,-26.93834,-27.475952,-19.874046,-17.506268
CTGCTACCGGGGCGCTCCGA,20,8113,1,2.2,,,,,,,,,,-96.62592029,-28.23613,-29.75978,-18.111664,-14.047386
CTGTTTCCGGGTAATTCCGA,20,8113,1,2.2,,,,,,,,,,-88.23001338,-27.973892,-26.42775,-21.841003,-18.786526
CTGTTACGGGGTAGATCCGA,20,1205,13,28.54,,,,,,,,,,-90.21564598,-27.343681,-26.441566,-19.604858,-17.11496
CTGTTACCGCGAAGGTCCGA,20,1999,7,15.37,,,,,,,,,,-94.10915644,-27.65297,-27.973747,-17.944313,-16.677826
CTGATACCGCGTAGGCCCGA,20,8113,1,2.2,,,,,,,,,,-91.46648466,-27.020432,-27.628471,-19.17839,-17.639034
CTGTTACCGAGACAGTCCGA,20,8113,1,2.2,,,,,,,,,,-91.66444503,-27.148567,-27.22905,-18.955727,-17.555485
CTGATACCGGGCAAGCCCGA,20,3487,3,6.59,,,,,,,,,,-99.36588475,-26.62294,-27.675919,-17.81565,-13.28582
CTGATTCCGGCTAGGTCCGA,20,4644,2,4.39,,,,,,,,,,-86.14755909,-27.973656,-27.021744,-21.005295,-17.05309
CTGTTGCCGGGAAGGCCCGA,20,8113,1,2.2,,,,,,,,,,-89.99110633,-27.784538,-28.529434,-21.893799,-19.232872
CTGTTATGGGGTTGGTCCGA,20,8113,1,2.2,,,,,,,,,,-79.06242731,-27.907486,-26.301277,-24.529114,-22.835304
CTGATACCGCATAGTTCCGA,20,8113,1,2.2,,,,,,,,,,-88.26041254,-26.91793,-25.12642,-17.026558,-16.335781
CTGATACCGACTACGTCCGA,20,8113,1,2.2,,,,,,,,,,-86.38937449,-26.918678,-26.507431,-18.596313,-16.785168
CTGCTACCGCGTCGGTCCGA,20,8113,1,2.2,,,,,,,,,,-92.87096308,-28.131355,-28.344475,-17.064644,-15.823563
CTGTTACCAGGTAGAACCGA,20,8113,1,2.2,,,,,,,,,,-88.01420345,-26.509338,-26.28984,-20.969604,-19.280659
CTGCTACCCGGTAGATCCGA,20,4644,2,4.39,,,,,,,,,,-96.83715405,-27.301208,-27.03379,-14.611572,-14.523163
CTGTTACCCGCTAGATCGGA,20,8113,1,2.2,,,,,,,,,,-94.14914535,-28.090324,-28.424149,-18.445976,-16.020077
CTGGTACCGGCTATGCCCGA,20,8113,1,2.2,,,,,,,,,,-92.69986875,-26.868553,-26.295006,-18.524742,-17.186077
CTGATACCGGTTACGTCCGA,20,872,19,41.71,,,,,,,,,,-93.40242019,-27.037933,-25.98365,-18.075478,-12.837791
CTGTTACTTGGTAGATCCGA,20,4644,2,4.39,,,,,,,,,,-79.77740007,-26.867416,-25.022064,-21.980362,-21.965626
CTGCTACCGGGCCAGTCCGA,20,3487,3,6.59,,,,,,,,,,-101.1955989,-27.916573,-28.583931,-16.417671,-12.295673
CTGCTGCCGGGTTGTTGCGA,20,8113,1,2.2,,,,,,,,,,-84.27297337,-28.016174,-26.507843,-20.902061,-21.835758
CTGTTACTGGGTATGGCCGA,20,8113,1,2.2,,,,,,,,,,-84.82865365,-26.616547,-25.392174,-19.665672,-19.995056
CTGCTACCGGTTAGGGCCGA,20,2500,5,10.98,,,,,,,,,,-95.24376854,-27.400505,-27.662117,-18.09504,-15.973339
CTGTCACCGGGTATGTTCGA,20,8113,1,2.2,,,,,,,,,,-78.77763108,-28.071777,-26.487907,-22.769531,-20.741055
CTGTTACCGGGTATCGCCGA,20,3487,3,6.59,,,,,,,,,,-91.25624163,-27.18879,-26.583328,-18.824257,-16.885475
CTGTTACTGGGGACATCCGA,20,8113,1,2.2,,,,,,,,,,-89.95282354,-27.055756,-26.643364,-20.887497,-19.57145
CTGATACCGGTAAGATCCGA,20,8113,1,2.2,,,,,,,,,,-99.35808149,-26.678093,-25.72071,-16.201012,-11.634644
CTGATACCGGACAGCACCGA,20,8113,1,2.2,,,,,,,,,,-89.19587019,-26.231827,-27.510529,-19.507896,-15.244904
CTGTTACCGGGTACTACCGA,20,2216,6,13.17,,,,,,,,,,-92.9678496,-26.892525,-26.469261,-18.383904,-15.074207
CTGCTATCGGGTGGTTCGGA,20,8113,1,2.2,,,,,,,,,,-88.28170518,-28.192589,-27.542969,-22.419342,-22.1949
CTGGTACCCGTTAGTTCCGA,20,4644,2,4.39,,,,,,,,,,-84.01111281,-27.88414,-25.772247,-18.561241,-19.176353
CTGTTACCGGTTTGGTGCGA,20,4644,2,4.39,,,,,,,,,,-89.45214806,-27.331055,-25.907906,-19.910927,-18.885242
CTGATACCGGGTGTGTCCGA,20,971,17,37.32,,,,,,,,,,-94.5948804,-27.045563,-25.46363,-17.603767,-12.1515465
CTGCCACCGGCTAGGTCCGA,20,8113,1,2.2,,,,,,,,,,-95.08014603,-28.277115,-28.346077,-21.183044,-17.492496
CTGTAACCGCGTACGGCCGA,20,8113,1,2.2,,,,,,,,,,-79.10895477,-27.231941,-28.936104,-24.724419,-25.273266
CTGTCACCGGGTAGGTCGGA,20,3487,3,6.59,,,,,,,,,,-85.2377286,-28.340775,-28.31829,-23.221436,-21.168983
CTGTTACTGGGATTGTCCGA,20,8113,1,2.2,,,,,,,,,,-87.63857591,-27.023666,-25.18705,-20.9217,-18.643375
CTGTTACCGGGACGGACCGA,20,2500,5,10.98,,,,,,,,,,-93.36454455,-27.156532,-28.426353,-19.699547,-14.873501
CTGTTACGGGGAACGTCCGA,20,4644,2,4.39,,,,,,,,,,-90.94094513,-27.507454,-28.024307,-20.272858,-17.15392
CTGTTACCGCGTACATCCGA,20,3487,3,6.59,,,,,,,,,,-92.31468794,-27.170021,-26.698364,-17.223228,-16.922554
CTGTTACGCGGTAGGACCGA,20,8113,1,2.2,,,,,,,,,,-80.55555924,-27.094978,-27.772392,-22.126068,-23.041016
CTGTCACCGGGGAGGCCCGA,20,8113,1,2.2,,,,,,,,,,-87.61225396,-27.681595,-29.282356,-25.9085,-21.219124
CTGTTACCTGGCAGGTCCGA,20,1397,11,24.15,,,,,,,,,,-85.88442172,-27.495918,-27.219193,-21.365868,-19.873783
CTGTTTCTCGGAACGTCCGA,20,8113,1,2.2,,,,,,,,,,-75.00986018,-27.814514,-27.6008,-24.911903,-25.387295
CTGTTACGGGGGAAGTCCGA,20,2500,5,10.98,,,,,,,,,,-92.80840943,-27.618103,-28.121117,-20.229347,-17.196281
CTGTTACCGGCCTGGTCCGA,20,4644,2,4.39,,,,,,,,,,-91.63130443,-28.09024,-27.263695,-18.86515,-14.649517
CTGTTTCTGGGTAGGACCGA,20,8113,1,2.2,,,,,,,,,,-75.31664967,-27.563652,-26.897972,-24.781647,-23.2286
CTGTTACCGTCTATGTCCGA,20,2500,5,10.98,,,,,,,,,,-85.51337726,-27.486176,-25.427177,-18.88488,-17.307858
CTGTTTCCGGGTACCACCGA,20,8113,1,2.2,,,,,,,,,,-82.57050522,-27.522163,-26.72699,-21.621452,-19.295822
CTGTTACCGGTTACACCCGA,20,8113,1,2.2,,,,,,,,,,-93.56922919,-26.585243,-26.080116,-18.667648,-15.708721
CTGATACCGGCTAAGACCGA,20,4644,2,4.39,,,,,,,,,,-98.17155201,-26.589836,-27.270943,-16.810814,-11.882492
CTGTTACCCGGGCGGCCGGA,20,8113,1,2.2,,,,,,,,,,-89.21738905,-28.332191,-30.426834,-23.589317,-19.361969
CTGTTACCGGGTGAGTTCGA,20,8113,1,2.2,,,,,,,,,,-91.2136647,-28.109001,-28.143906,-20.135437,-18.241714
CTGCTTCCGGCATGGTCCGA,20,8113,1,2.2,,,,,,,,,,-91.08375841,-27.959084,-27.017906,-18.65422,-16.464611
CTGGTACGGGTTAGGTCCGA,20,8113,1,2.2,,,,,,,,,,-86.0190762,-27.69265,-26.346107,-21.83464,-20.642666
CTGTTACCGGCCTCGTCCGA,20,8113,1,2.2,,,,,,,,,,-90.25647996,-28.55571,-28.283447,-19.962524,-15.730789
CTGTTACCGGCTAGCGCCGA,20,4644,2,4.39,,,,,,,,,,-91.51256322,-27.43467,-28.203766,-19.36097,-15.037209
CTGTTACCGCGTAGATCCGA,20,688,24,52.69,,,,,,,,,,-92.43273016,-27.368309,-26.627396,-16.842903,-16.080196
CTGTTACCGTATAGAGCCGA,20,8113,1,2.2,,,,,,,,,,-83.08459532,-26.72174,-26.169418,-20.543373,-19.804543
CTGTTACTGGCTAGGGCCGA,20,8113,1,2.2,,,,,,,,,,-86.22502407,-27.10611,-27.122307,-22.448746,-19.832478
CTGTTACCCGGTCGGTCCGA,20,3487,3,6.59,,,,,,,,,,-87.2335828,-28.27182,-28.032593,-20.329529,-19.679806
CTGTTACCGGGACCGACCGA,20,4644,2,4.39,,,,,,,,,,-92.87827419,-27.211472,-28.264282,-19.196396,-14.771343
CTGTTACCGGGTATGACGGA,20,4644,2,4.39,,,,,,,,,,-90.34163373,-27.18319,-27.071617,-18.754463,-17.231693
CTGCTACCGGCTATGACCGA,20,8113,1,2.2,,,,,,,,,,-99.15465368,-26.867668,-26.833435,-14.309654,-10.84676
CTGTTACCGGGCTTGTCCGA,20,2500,5,10.98,,,,,,,,,,-91.67192176,-27.89711,-26.614265,-19.466812,-14.88665
CTGTTATCGCGTTGGTCCGA,20,8113,1,2.2,,,,,,,,,,-81.79992914,-27.661041,-26.09636,-21.902313,-21.918598
CTGATACGGGATAGTTCCGA,20,8113,1,2.2,,,,,,,,,,-85.48624735,-27.008545,-25.061714,-19.391075,-16.448776
CTGTTACCGGGCCGCACCGA,20,8113,1,2.2,,,,,,,,,,-86.32038251,-27.766472,-29.287178,-21.847794,-18.417637
CTGTTGCCGGGTAGACCCGA,20,8113,1,2.2,,,,,,,,,,-88.4553528,-27.520065,-27.303757,-20.925316,-18.30384
CTGCTACCCGGAAGGTCCGA,20,8113,1,2.2,,,,,,,,,,-99.16363916,-27.619377,-28.35505,-15.736404,-15.426979
CTGTCACCGGTTAGCTCCGA,20,8113,1,2.2,,,,,,,,,,-83.36824826,-27.98227,-27.345322,-23.778687,-20.228844
CTGTTACTGGATTAGTCCGA,20,8113,1,2.2,,,,,,,,,,-89.20876445,-26.991585,-25.244797,-20.91259,-18.358578
CTGCTACGGGGTCGGTCCGA,20,2923,4,8.78,,,,,,,,,,-92.08991372,-27.994133,-27.735367,-19.665276,-16.599102
CTGTTACGGGGTTGGGCCGA,20,4644,2,4.39,,,,,,,,,,-82.47393673,-27.408195,-26.944595,-22.264046,-21.578556
CTGAAACCCGGTAGGTCCGA,20,4644,2,4.39,,,,,,,,,,-82.84516323,-27.434433,-27.598541,-22.67485,-22.684612
CTGTTACCAGGAAGGACCGA,20,4644,2,4.39,,,,,,,,,,-88.3105349,-26.895874,-27.689064,-22.309654,-19.951885
CTGTTACCGGGTAGTACCGA,20,296,77,169.04,,,,,,,,,,-93.79992099,-26.927216,-26.343346,-18.322166,-15.037445
CTGTTACCCGGTAGGTGCGA,20,2923,4,8.78,,,,,,,,,,-88.24507338,-27.572884,-27.752243,-19.28054,-21.767426
CTGTTACCGGGTAGGATCGA,20,2923,4,8.78,,,,,,,,,,-88.01544666,-27.677292,-27.708603,-20.365921,-19.089893
CTGCCACCGGGTATGTCCGA,20,8113,1,2.2,,,,,,,,,,-95.33670046,-27.781914,-26.712753,-20.847855,-16.755863
CTGTTACGAGGTAGGACCGA,20,3487,3,6.59,,,,,,,,,,-78.11265184,-27.005775,-27.260086,-24.557182,-23.874245
CTGTTACCGGTATGGACCGA,20,8113,1,2.2,,,,,,,,,,-93.30398687,-26.886574,-26.146942,-18.460014,-14.3577
CTGTTACCAGGTCCGTCCGA,20,4644,2,4.39,,,,,,,,,,-83.82566157,-27.87999,-27.295334,-22.67936,-20.051956
CTGTTGCCGGTTACGTCCGA,20,4644,2,4.39,,,,,,,,,,-84.55345804,-28.101006,-26.894707,-22.226738,-18.625885
CTGTTACCGCGCCAGTGCGA,20,8113,1,2.2,,,,,,,,,,-90.55242787,-27.908142,-29.149788,-19.2995,-14.469669
CTGTCACCGAGTAGGGCCGA,20,4644,2,4.39,,,,,,,,,,-75.88422442,-27.423439,-28.044502,-25.80294,-24.772223
CTGTTACCGGGTCGGTGCGA,20,2500,5,10.98,,,,,,,,,,-89.05258521,-27.690926,-27.63266,-19.548538,-17.981022
CTGTTACCGGGTATTTCGGA,20,8113,1,2.2,,,,,,,,,,-89.24655966,-28.071442,-27.479233,-21.024574,-20.29879
CTGCTACCGGCTATTTCCGA,20,3487,3,6.59,,,,,,,,,,-97.34221925,-27.59616,-26.58049,-16.345383,-14.014336
CTGTCACCGGCTAGGACCGA,20,8113,1,2.2,,,,,,,,,,-87.05336795,-27.564949,-28.45794,-24.15519,-19.426056
CTGTTACCCGGGGGGTCCGA,20,8113,1,2.2,,,,,,,,,,-89.53784798,-28.309837,-29.595123,-21.391693,-20.759247
CTGTTACCGGCGAGAGCCGA,20,8113,1,2.2,,,,,,,,,,-96.89193109,-27.21524,-28.320595,-18.201225,-14.354946
CTGCAACCGGGTAGGCCCGA,20,8113,1,2.2,,,,,,,,,,-93.84951486,-27.060883,-28.052078,-21.51307,-18.475243
CTGTTTCCGGTTATGTCCGA,20,2923,4,8.78,,,,,,,,,,-83.75654199,-27.980286,-25.775192,-22.301193,-18.736439
CTGTAACCGGATACGTCCGA,20,8113,1,2.2,,,,,,,,,,-87.29651277,-27.05355,-27.12851,-22.195663,-18.725529
CTGATACCGGGAAGGCCCGA,20,3487,3,6.59,,,,,,,,,,-99.64840896,-26.72644,-27.649796,-18.038559,-12.954521
CTGGTACCGGGTTGGACCGA,20,4644,2,4.39,,,,,,,,,,-91.09476463,-27.026924,-26.34211,-20.160423,-17.633224
CTGTTATCGGGTTGATCCGA,20,8113,1,2.2,,,,,,,,,,-88.23918159,-27.344734,-25.331955,-20.804893,-18.84695
CTGATACCGGAAAGTTCCGA,20,4644,2,4.39,,,,,,,,,,-96.27909055,-26.73851,-25.826118,-16.8946,-12.698406
CTGTTACTGGGTAGCTCCGA,20,1999,7,15.37,,,,,,,,,,-87.21381076,-27.249474,-26.344337,-21.400589,-18.755936
CTGTTACCGCGCAAGTCCGA,20,1999,7,15.37,,,,,,,,,,-94.34056845,-27.585373,-28.368347,-17.88108,-16.2593
CTGAAACCGGGTAGGTGCGA,20,3487,3,6.59,,,,,,,,,,-85.72018948,-26.970009,-27.395485,-22.460587,-21.196537
CTGTTTCCGGGCACGTGCGA,20,8113,1,2.2,,,,,,,,,,-80.50220473,-28.204254,-28.781944,-22.922852,-21.900269
CTGTAACCGGGTAGAGCCGA,20,4644,2,4.39,,,,,,,,,,-86.79604638,-26.917084,-27.835213,-23.455673,-21.748539
CTGTTACCGGATAGTCCCGA,20,4644,2,4.39,,,,,,,,,,-91.70061693,-27.006088,-26.064499,-18.579613,-15.055866
CTGTTACCGGGTAGTTTCGA,20,971,17,37.32,,,,,,,,,,-88.00266308,-28.268951,-27.808365,-21.107948,-20.091217
CTGGTACCGGGCAGGTCGGA,20,8113,1,2.2,,,,,,,,,,-90.66639604,-28.172646,-29.158195,-22.113396,-21.704903
CTGGTACCGACAAGGTCCGA,20,8113,1,2.2,,,,,,,,,,-89.59229315,-27.118385,-26.840622,-19.1492,-19.242973
CTGGTACCGGTAAGGTCCGA,20,8113,1,2.2,,,,,,,,,,-97.11630346,-27.392807,-26.637192,-18.723442,-16.235935
CTGATATCGGGTAGTTCCGA,20,4644,2,4.39,,,,,,,,,,-89.31584723,-27.298737,-25.649666,-21.23153,-18.161884
CTGTTACCAAGCAGGTCCGA,20,8113,1,2.2,,,,,,,,,,-76.12742494,-27.172699,-27.400558,-23.69352,-24.376701
CTGCTACCGGGCCGCTCCGA,20,8113,1,2.2,,,,,,,,,,-93.85433971,-28.508064,-29.890831,-19.192482,-15.557705
CTGATACCGTCTGGGTCCGA,20,8113,1,2.2,,,,,,,,,,-82.31807001,-27.61599,-26.457306,-20.052132,-17.375076
CTGCTACCGGGCGGATCCGA,20,8113,1,2.2,,,,,,,,,,-99.94245049,-27.548607,-28.382362,-16.769325,-12.460335
CTGTTACCGTGTAGTACCGA,20,8113,1,2.2,,,,,,,,,,-83.20429159,-26.804733,-25.51725,-20.05877,-19.405834
CTGATACCGGATCGGTCCGA,20,2500,5,10.98,,,,,,,,,,-91.48305418,-27.161171,-26.278183,-18.700447,-13.246731
CTGGTACCGGTAACGTCCGA,20,8113,1,2.2,,,,,,,,,,-95.44486969,-27.103485,-26.894394,-18.972244,-16.41111
CTGTTACCTGGTAAATCCGA,20,8113,1,2.2,,,,,,,,,,-90.69256131,-26.699623,-25.39553,-18.55674,-17.276867
CTGTTACCGGAAAGGCGCGA,20,8113,1,2.2,,,,,,,,,,-91.57736766,-26.954475,-28.404106,-19.923569,-19.797024
CTGATACCGGGCAGCCCCGA,20,4644,2,4.39,,,,,,,,,,-92.51219872,-27.14537,-28.50003,-20.871437,-16.422203
CTGTTACTGGGTACCTCCGA,20,4644,2,4.39,,,,,,,,,,-86.44231417,-27.295433,-26.453423,-21.857155,-19.559715
CTGTTACCCGGAAGGACCGA,20,4644,2,4.39,,,,,,,,,,-91.58346398,-27.261932,-28.488884,-19.66742,-18.984928
CTGTAACCGGGGATGTCCGA,20,8113,1,2.2,,,,,,,,,,-87.69074324,-27.313889,-27.29734,-21.80938,-18.448368
CTGCTACCAGGAAGGTCCGA,20,8113,1,2.2,,,,,,,,,,-96.96505133,-27.225304,-27.465363,-18.60839,-16.714893
CTGTTACCGAGACGCTCCGA,20,8113,1,2.2,,,,,,,,,,-84.49371753,-27.639229,-28.303688,-21.009277,-20.31049
CTGTTACGGGGTCGGACCGA,20,8113,1,2.2,,,,,,,,,,-82.82760147,-27.50811,-27.97464,-22.474327,-19.488232
CTGCTACCGGGGATGCCCGA,20,8113,1,2.2,,,,,,,,,,-102.6461908,-26.856018,-27.304443,-15.191696,-11.555531
CTGCTACCGGGGCAGTCCGA,20,8113,1,2.2,,,,,,,,,,-103.6655504,-27.615112,-28.55429,-15.761467,-11.101002
CTGTTACCGCGAAACTCCGA,20,8113,1,2.2,,,,,,,,,,-94.96219225,-27.295807,-28.354012,-17.713814,-17.436836
CTGTAACCGGATAGGTCCGA,20,2500,5,10.98,,,,,,,,,,-87.87304332,-27.251213,-26.711395,-21.598824,-18.057148
CTGTTACGGTGAAGGTCCGA,20,8113,1,2.2,,,,,,,,,,-80.84320185,-27.508057,-26.836205,-22.484344,-20.745533
CTGTTTCTGGGTAGTTCCGA,20,4644,2,4.39,,,,,,,,,,-75.80257191,-27.976334,-26.069687,-25.042503,-22.256218
CTGTTACCGGATAGAGCCGA,20,4644,2,4.39,,,,,,,,,,-94.92438103,-26.733353,-26.579926,-18.21196,-16.047043
CTGTTACCAGGTCGGTCCGA,20,1657,9,19.76,,,,,,,,,,-83.70331081,-27.736282,-27.159729,-22.428894,-19.538486
CTGTTATCGGCTAAGTCCGA,20,4644,2,4.39,,,,,,,,,,-93.76044799,-27.624786,-27.049606,-20.54197,-17.11687
CTGTTGCCGGTTAGGTCCGA,20,3487,3,6.59,,,,,,,,,,-85.41670313,-28.333183,-27.019531,-22.376022,-19.02042
CTGTTACCCGTTTGGTCCGA,20,8113,1,2.2,,,,,,,,,,-85.03762339,-27.927238,-25.980522,-19.78257,-20.031292
CTGATACCGGGGCTGTCCGA,20,8113,1,2.2,,,,,,,,,,-92.97336682,-27.474632,-27.344513,-19.290161,-13.511932
CTGTTACGCGGTAGTTCCGA,20,8113,1,2.2,,,,,,,,,,-79.68314471,-27.538239,-26.514694,-20.271667,-21.385357
CTGTTACCGATTATGTCCGA,20,4644,2,4.39,,,,,,,,,,-86.89246323,-27.100067,-25.081062,-20.02127,-19.018314
CTGTTACCGGGACGTTCCGA,20,2923,4,8.78,,,,,,,,,,-93.6382723,-27.73088,-27.446419,-18.92028,-15.197548
CTGATACCGGACGGGTCCGA,20,8113,1,2.2,,,,,,,,,,-91.2504047,-27.276642,-27.761055,-20.179985,-14.678654
CTGATACCGGGTTGGTGCGA,20,8113,1,2.2,,,,,,,,,,-91.65902308,-26.876312,-25.59153,-17.96334,-16.260143
CTGTTGCCGGCTGGGTCCGA,20,8113,1,2.2,,,,,,,,,,-83.0032035,-28.528244,-28.01648,-21.88382,-18.631222
CTGTCACCGGGGTGGACCGA,20,8113,1,2.2,,,,,,,,,,-84.39920656,-27.494202,-28.053055,-24.611092,-19.490795
CTGTTACCGGTTGTGTCCGA,20,2216,6,13.17,,,,,,,,,,-92.17079725,-27.446335,-25.29264,-19.33133,-14.740776
CTGTTACCACGTAGGACCGA,20,4644,2,4.39,,,,,,,,,,-79.51474202,-26.958374,-27.258888,-22.16681,-23.073692
CTGATACCGGGCGGTCCCGA,20,8113,1,2.2,,,,,,,,,,-90.58824747,-27.483276,-28.215668,-21.409424,-17.351242
CTGCTACCGGGTGGCTCCGA,20,1657,9,19.76,,,,,,,,,,-97.39595905,-27.747452,-27.680984,-16.1624,-12.84333
CTGTTTCTGGGTTGGCCCGA,20,8113,1,2.2,,,,,,,,,,-72.34922579,-27.568092,-26.287254,-24.159294,-23.616726
CTGTTTCCGGGTAAGACCGA,20,8113,1,2.2,,,,,,,,,,-88.82563612,-27.547363,-27.006363,-20.21399,-17.070953
CTGTTACCTGATATGTCCGA,20,4644,2,4.39,,,,,,,,,,-84.81795334,-26.77993,-24.644112,-20.07019,-18.788864
CTGATACCGGGTAGACCCGA,20,1014,16,35.13,,,,,,,,,,-98.54954004,-26.49205,-26.640266,-17.81292,-12.802143
CTGCTTCCGTGTAAGTCCGA,20,8113,1,2.2,,,,,,,,,,-87.52535082,-27.814934,-26.941368,-20.948204,-20.153801
CTGGTACCGGGAGTGTCCGA,20,8113,1,2.2,,,,,,,,,,-95.22242634,-27.427711,-26.942863,-19.737206,-16.405106
CTGTTATCGGGATGGTCCGA,20,4644,2,4.39,,,,,,,,,,-89.6394348,-27.514847,-26.346916,-21.283287,-17.971516
CTGATTCTGGGTAGGGCCGA,20,8113,1,2.2,,,,,,,,,,-75.48760505,-27.30989,-27.127571,-25.382446,-24.704374
CTGTTACCGAGTGCGTCCGA,20,8113,1,2.2,,,,,,,,,,-85.72054781,-27.543304,-27.11451,-20.648064,-18.93932
CTGTAACCGGGAAGGGCCGA,20,4644,2,4.39,,,,,,,,,,-87.51706257,-27.189278,-28.909767,-24.827988,-22.97121
CTGTTACCGGCGTGGTCCGA,20,2500,5,10.98,,,,,,,,,,-94.29929707,-27.66275,-27.098396,-17.791199,-13.247292
CTGCTACCGGCGCGGGCCGA,20,8113,1,2.2,,,,,,,,,,-94.41285539,-27.819756,-30.105331,-19.408363,-13.544407
CTGTTACGGCGTAGGTCCGA,20,2923,4,8.78,,,,,,,,,,-82.35770547,-27.820107,-27.402824,-21.070175,-20.522308
CTGTTACCTGGGAGGTCCGA,20,1800,8,17.56,,,,,,,,,,-86.66933487,-27.65847,-27.593033,-21.388306,-19.434902
CTGTCACCGTGTAATGCCGA,20,8113,1,2.2,,,,,,,,,,-77.06646707,-26.699066,-25.84832,-23.419106,-22.797646
CTGATACCGGGTACTGCCGA,20,8113,1,2.2,,,,,,,,,,-92.16158474,-26.495499,-25.972496,-17.722198,-15.351727
CTGTTACTGTGTAAGTCCGA,20,8113,1,2.2,,,,,,,,,,-82.29495459,-26.899063,-25.72438,-22.601028,-21.465996
CTGTTACCGGATTCGTCCGA,20,2500,5,10.98,,,,,,,,,,-92.14281878,-27.502449,-26.025055,-18.567085,-14.66766
CTGTTATCGGGTAGGGCCGA,20,1514,10,21.95,,,,,,,,,,-85.39555928,-27.514107,-27.7108,-22.923874,-21.73265
CTGTTATCGGTTAGGACCGA,20,4644,2,4.39,,,,,,,,,,-85.32609101,-27.4122,-26.990257,-22.961441,-20.375893
CTGTTACCAGGCGGGTCCGA,20,8113,1,2.2,,,,,,,,,,-82.76858932,-27.805794,-28.65432,-24.130707,-21.465275
CTGTTACCTGGTAGGCCGGA,20,8113,1,2.2,,,,,,,,,,-85.78890966,-27.358238,-27.246964,-22.249565,-20.308674
CTGCTACCGGGTAACACCGA,20,8113,1,2.2,,,,,,,,,,-103.1382519,-26.419685,-27.167854,-14.788376,-11.108646
CTGGTACCGGGGATGACCGA,20,8113,1,2.2,,,,,,,,,,-92.85567103,-26.891762,-27.34945,-19.750946,-16.95174
CTGCTACCGGGTTCGCCCGA,20,8113,1,2.2,,,,,,,,,,-98.64400369,-27.426674,-27.270462,-16.30867,-13.31168
CTGTTACCGGGCGGGTGCGA,20,4644,2,4.39,,,,,,,,,,-88.56866743,-27.888054,-29.247612,-21.548439,-20.002579
CTGATATCAGGTAGATCCGA,20,8113,1,2.2,,,,,,,,,,-84.44995159,-26.74694,-25.627258,-23.213501,-21.530052
CTGTTACCGGGTTGTCCCGA,20,4644,2,4.39,,,,,,,,,,-91.04917915,-27.18869,-25.510231,-18.479118,-15.962978
CTGTTTCCGGGTGCGTCCGA,20,4644,2,4.39,,,,,,,,,,-82.9043108,-28.330101,-27.64141,-22.367622,-18.475414
CTGTTACCGGCGTCGTCCGA,20,8113,1,2.2,,,,,,,,,,-93.2034743,-28.094162,-27.871216,-18.814812,-14.405788
CTGGTATCCGGTAGGTCCGA,20,8113,1,2.2,,,,,,,,,,-82.47746636,-27.54609,-27.043846,-23.3068,-23.303577
CTGATACCGGGTAGTGCCGA,20,8113,1,2.2,,,,,,,,,,-93.27539309,-26.562614,-25.762589,-17.862083,-15.104134
CTGTTTCGGGGTAAGTGCGA,20,8113,1,2.2,,,,,,,,,,-78.79042505,-28.09642,-27.783943,-23.678207,-23.205856
CTGTTACCGCGTCGGACCGA,20,8113,1,2.2,,,,,,,,,,-85.73451057,-27.665176,-28.452713,-20.111504,-19.098038
CTGTTACCGGGAACATCCGA,20,369,53,116.35,,,,,,,,,,-100.7018144,-26.915077,-27.076897,-16.496864,-12.811264
CTGACACTGGGTAGGTCCGA,20,8113,1,2.2,,,,,,,,,,-82.29096208,-27.032951,-25.767708,-24.017906,-20.436218
CTGTTACCCGGTAGAACCGA,20,8113,1,2.2,,,,,,,,,,-90.02723449,-26.915703,-27.07209,-18.535873,-18.147747
CTGCTACTGAATTCGTCCGA,20,8113,1,2.2,,,,,,,,,,-82.61019162,-26.87529,-25.732178,-21.597069,-22.014355
CTGTTACCGAGTAAGACCGA,20,2216,6,13.17,,,,,,,,,,-91.44167249,-26.76387,-26.880257,-18.90409,-17.620083
CTGTTACTGGGCAGATCCGA,20,8113,1,2.2,,,,,,,,,,-89.82843684,-27.02295,-26.310028,-21.437271,-19.18842
CTGATACCGGGTACACCCGA,20,3487,3,6.59,,,,,,,,,,-97.52775526,-26.213211,-26.519089,-17.568588,-13.134708
CTGATGCCGTGTAGGTCCGA,20,4644,2,4.39,,,,,,,,,,-77.14324003,-27.7304,-26.52517,-22.81604,-20.377407
CTGTTACCGGCTAAGGCCGA,20,3487,3,6.59,,,,,,,,,,-98.53251952,-27.253532,-27.677376,-17.031433,-12.834427
CTGTTACCGGAAAGGGCCGA,20,3487,3,6.59,,,,,,,,,,-94.34663315,-26.998276,-27.821327,-19.233177,-17.0582
CTGATACCGGCTAGCACCGA,20,8113,1,2.2,,,,,,,,,,-91.75139569,-26.69281,-27.389252,-18.422089,-14.10297
CTGTTACCGGCAATATCCGA,20,8113,1,2.2,,,,,,,,,,-100.2665942,-26.858307,-26.347725,-15.854622,-12.967026
CTGTTACCCAGGAGGTCCGA,20,8113,1,2.2,,,,,,,,,,-81.71319136,-27.833511,-28.372856,-21.210861,-23.415207
CTGTTATCGGATAGATCCGA,20,8113,1,2.2,,,,,,,,,,-90.95920528,-27.11332,-25.666359,-20.93068,-18.471954
CTGTTACCGCGTAGGAGCGA,20,3487,3,6.59,,,,,,,,,,-90.90199678,-27.509407,-28.7137,-19.709526,-16.326988
CTGTTATCGTCTAGCTCCGA,20,4644,2,4.39,,,,,,,,,,-75.45902916,-27.928146,-26.744308,-23.58818,-23.260345
CTGTTACCGGGGTTGTCCGA,20,4644,2,4.39,,,,,,,,,,-93.5941336,-27.61435,-26.112831,-18.625961,-14.06892
CTGTTACCGCTTAGGGGCGA,20,8113,1,2.2,,,,,,,,,,-86.20388237,-28.042946,-29.143143,-21.81031,-19.337502
CTGATACCGGGAAGCGCCGA,20,8113,1,2.2,,,,,,,,,,-93.69737769,-26.697304,-28.027946,-19.170143,-16.027771
CTGTCACCGGGGATGTCCGA,20,8113,1,2.2,,,,,,,,,,-87.95153515,-27.712753,-27.375977,-23.116745,-18.119637
CTGTTACCGGTTATATCCGA,20,3487,3,6.59,,,,,,,,,,-96.15084128,-27.097305,-25.277924,-18.509628,-15.457199
CTGATACCGGACAGATCCGA,20,8113,1,2.2,,,,,,,,,,-96.46512133,-26.437202,-26.21785,-16.913887,-12.461929
CTGTTACGGGGGCGGTCCGA,20,8113,1,2.2,,,,,,,,,,-85.2453021,-28.095459,-28.791893,-23.525757,-20.27871
CTGTTACCGGGGACGACCGA,20,2923,4,8.78,,,,,,,,,,-94.50007471,-27.244171,-28.369324,-18.82759,-14.6915245
CTGTTACCGAATAGGGCCGA,20,8113,1,2.2,,,,,,,,,,-82.95025294,-26.961311,-27.22261,-21.573715,-21.397537
CTGTTATCGAGTTCGTCCGA,20,8113,1,2.2,,,,,,,,,,-79.07314751,-27.781754,-26.213982,-23.489311,-23.152443
CTGTTACCGGGAAAGACCGA,20,1514,10,21.95,,,,,,,,,,-101.0479183,-26.741402,-27.496704,-16.21302,-12.183212
CTGTTACCCGGAAGGCCGGA,20,8113,1,2.2,,,,,,,,,,-95.60753553,-27.634819,-29.195312,-20.722641,-16.322208
CTGTTACCGTGGAGTTCCGA,20,8113,1,2.2,,,,,,,,,,-84.63847034,-27.653572,-26.523438,-20.067451,-18.94432
CTGATACTGGGTTGGTCCGA,20,2500,5,10.98,,,,,,,,,,-87.56080489,-26.805344,-24.623962,-20.073517,-17.251244
CTGATACCCGGTAGGTCGGA,20,1133,14,30.73,,,,,,,,,,-94.15920405,-27.830376,-27.991829,-19.579552,-16.03384
CTGTTACCGTATATTTCCGA,20,8113,1,2.2,,,,,,,,,,-83.19201404,-27.20803,-25.039772,-21.314636,-20.871346
CTGATACCGGGTCTGACCGA,20,8113,1,2.2,,,,,,,,,,-90.10613119,-26.949638,-26.695229,-18.728737,-13.863583
CTGTTACCGGGCTCGCCCGA,20,8113,1,2.2,,,,,,,,,,-90.72308476,-27.944626,-28.508118,-20.398582,-16.598877
CTGCTACCGGGTGGGTGCGA,20,8113,1,2.2,,,,,,,,,,-96.92484827,-27.44188,-27.73706,-17.152733,-16.421066
CTGCTACCGGACTGGTCCGA,20,4644,2,4.39,,,,,,,,,,-96.59460668,-27.363678,-26.815758,-16.388771,-12.41124
CTGTTACCGTGTATGCCCGA,20,8113,1,2.2,,,,,,,,,,-84.66360528,-26.595543,-25.10334,-19.516739,-18.249859
CTGTTACCGTGTCAGTCCGA,20,8113,1,2.2,,,,,,,,,,-87.17908594,-27.464424,-26.247612,-19.461517,-16.624989
CTGTAACCGGGTAGTACGGA,20,8113,1,2.2,,,,,,,,,,-79.97662998,-27.343605,-28.392555,-24.961906,-23.017849
CTGATACCGGGTTGCTCCGA,20,1014,16,35.13,,,,,,,,,,-91.74409846,-27.118103,-25.432495,-17.391365,-13.271172
CTGATACCGGGCACGGCCGA,20,8113,1,2.2,,,,,,,,,,-91.2159994,-27.031136,-28.38884,-19.239777,-16.652699
CTGTTATCCGCTAGGTCCGA,20,8113,1,2.2,,,,,,,,,,-83.70515677,-27.896393,-27.345741,-22.640388,-23.083267
CTGTCACCGGGTAAGTGGGA,20,8113,1,2.2,,,,,,,,,,-83.6448794,-28.076096,-28.345291,-22.797607,-24.102283
CTGTTACCTAGTAAGTCCGA,20,8113,1,2.2,,,,,,,,,,-81.14528529,-27.119896,-26.28611,-21.431496,-22.152493
CTGCTACCGGGTCAGACCGA,20,3487,3,6.59,,,,,,,,,,-100.9413083,-27.043373,-27.626457,-14.998756,-10.968399
CTGTTACCGGTTTAGTCCGA,20,1303,12,26.34,,,,,,,,,,-96.19677777,-27.56224,-26.098198,-19.266998,-14.418388
CTGTTACGGGGTAATTCCGA,20,4644,2,4.39,,,,,,,,,,-89.11212924,-27.45523,-26.421524,-20.34954,-17.526108
CTGTCACCGGATAGGTCCGA,20,1657,9,19.76,,,,,,,,,,-87.99607639,-27.59002,-26.70684,-22.744293,-17.921864
CTGATACCGTCTAGTTGCGA,20,4644,2,4.39,,,,,,,,,,-85.67954945,-27.310562,-25.626892,-19.338272,-17.85759
CTGTTACCGGGCAGATGCGA,20,8113,1,2.2,,,,,,,,,,-93.4705939,-27.218407,-27.785393,-18.199524,-17.862347
CTGTTACCGGATATGACCGA,20,4644,2,4.39,,,,,,,,,,-93.29077982,-26.533028,-25.624046,-16.733116,-13.434765
CTGCCACCGGATAGGTTCGA,20,8113,1,2.2,,,,,,,,,,-87.20604805,-28.28096,-27.098465,-21.902733,-20.794567
CTGCCACCGGATAGTTCCGA,20,8113,1,2.2,,,,,,,,,,-92.84706308,-27.729782,-26.622894,-20.56926,-16.86274
CTGATACCGGGCAGGGCCGA,20,3487,3,6.59,,,,,,,,,,-92.35057259,-27.121498,-28.25779,-20.196022,-17.041718
CTGCTTCCGGGTAGATTCGA,20,8113,1,2.2,,,,,,,,,,-87.39637589,-28.45124,-28.483658,-21.255882,-21.631634
CTGTTTCCGGGTACATCCGA,20,3487,3,6.59,,,,,,,,,,-88.73807334,-27.666634,-26.338173,-20.415565,-17.79486
CTGTTACCAGGCACATCCGA,20,3487,3,6.59,,,,,,,,,,-88.85334869,-26.931564,-27.264305,-21.418015,-20.269958
CTGTCACCGGATACGTCCGA,20,8113,1,2.2,,,,,,,,,,-86.97685949,-27.401184,-27.212242,-23.220673,-18.444931
CTGATATCAGGTGGGTCCGA,20,8113,1,2.2,,,,,,,,,,-79.24776455,-27.189293,-26.723923,-25.356201,-22.556374
CTGATACGGGGTATGTCCGA,20,8113,1,2.2,,,,,,,,,,-88.53085607,-26.979752,-25.383812,-18.552925,-15.948994
CTGTAACCGGCTAGGACCGA,20,4644,2,4.39,,,,,,,,,,-86.38014304,-27.224419,-28.532303,-23.759178,-20.330334
CTGATACCCGGTACGTCGGA,20,8113,1,2.2,,,,,,,,,,-92.83380932,-27.631851,-28.145462,-19.977882,-16.570988
CTGTAACCCGGTACGTGGGA,20,8113,1,2.2,,,,,,,,,,-80.18621907,-27.959877,-29.146263,-25.133385,-25.063334
CTGTTACTGCGTAGGACCGA,20,8113,1,2.2,,,,,,,,,,-81.75075167,-26.747002,-26.709656,-22.409492,-22.879692
CTGTTATCGAGTTGGTCCGA,20,8113,1,2.2,,,,,,,,,,-79.24725213,-27.476051,-25.673698,-22.866295,-22.775463
CTGTTACCGGGTTACTCGGA,20,8113,1,2.2,,,,,,,,,,-90.72267176,-27.979736,-27.657127,-20.367859,-19.216908
CTGTTACCGGGCCGATCCGA,20,1303,12,26.34,,,,,,,,,,-92.54754934,-27.894783,-27.99955,-19.666336,-15.578342
CTGCTACCGGTCGTGTCCGA,20,8113,1,2.2,,,,,,,,,,-95.4858567,-27.797264,-26.833885,-17.653442,-13.543617
CTGTTACTGGGCGGGTCCGA,20,8113,1,2.2,,,,,,,,,,-85.37040374,-27.751007,-27.96685,-24.725807,-21.673054
CTGATACCTCATAGGTCCGA,20,8113,1,2.2,,,,,,,,,,-78.49839272,-26.981499,-25.92627,-20.752998,-21.802792
CTGTTGCCGGGTTAGTCCGA,20,8113,1,2.2,,,,,,,,,,-87.80267644,-28.181503,-26.659462,-20.88897,-16.82586
CTGTTATCCGGTATGTCCGA,20,8113,1,2.2,,,,,,,,,,-83.00695153,-27.310654,-25.55249,-21.604973,-21.719532
CTGTTACCGGGCGGCTCCGA,20,3487,3,6.59,,,,,,,,,,-90.45042186,-28.310867,-29.417992,-21.612968,-17.654755
CTGCTACCCGCTAAGTCGGA,20,8113,1,2.2,,,,,,,,,,-101.5999408,-28.018509,-29.091698,-14.562935,-12.367447
CTGTTATCGGATGGGTCCGA,20,8113,1,2.2,,,,,,,,,,-86.17547462,-27.609863,-26.808052,-23.502312,-19.777046
CTGTTACCGGCAGTGTCCGA,20,8113,1,2.2,,,,,,,,,,-97.25736398,-27.449028,-26.93016,-17.621765,-13.158966
CTGTTACCATGTAAGTCCGA,20,8113,1,2.2,,,,,,,,,,-81.02529557,-26.978638,-25.888977,-22.251137,-21.522495
CTGTTACCGGTGAGGGCCGA,20,4644,2,4.39,,,,,,,,,,-91.32072922,-27.405212,-27.61882,-20.085579,-17.63232
CTGATACCGGCTCGGACCGA,20,3487,3,6.59,,,,,,,,,,-89.9785965,-27.252792,-28.29322,-20.152122,-14.4614525
CTGTTACCGGGTAGCTGCGA,20,2216,6,13.17,,,,,,,,,,-91.60359236,-27.32814,-27.32592,-18.471703,-18.248035
CTGATACCGGCCAAGTCCGA,20,2923,4,8.78,,,,,,,,,,-98.12445974,-27.216248,-27.441963,-16.551933,-11.569019
CTGAAACTGGGTAGGTCCGA,20,8113,1,2.2,,,,,,,,,,-81.23992564,-26.845139,-26.120743,-23.449226,-21.228619
CTGATTCCGGGTAGGCCCGA,20,8113,1,2.2,,,,,,,,,,-86.75996841,-27.410248,-27.30149,-21.851067,-18.823952
CTGATTCCAGCTAAGTCCGA,20,8113,1,2.2,,,,,,,,,,-82.73855264,-27.27314,-26.608131,-22.770798,-20.95744
CTGTTACCGGCTTCGACCGA,20,8113,1,2.2,,,,,,,,,,-90.7295368,-27.579178,-27.303535,-18.961975,-15.053116
CTGCTACTGGGAAGGTCCGA,20,8113,1,2.2,,,,,,,,,,-99.81966707,-27.122017,-26.975418,-18.92408,-16.690025
CTGTTACCGAGTCGTTCCGA,20,8113,1,2.2,,,,,,,,,,-82.8620568,-27.743279,-26.26345,-20.27179,-19.569904
CTGTTACCAAGACGGTCCGA,20,8113,1,2.2,,,,,,,,,,-75.50271811,-27.21621,-27.433968,-24.085495,-24.236263
CTGTTACCCGGGAGATCCGA,20,8113,1,2.2,,,,,,,,,,-92.25280499,-27.64318,-28.065819,-17.792297,-17.985058
CTGAAACCGGGTAGCTCCGA,20,8113,1,2.2,,,,,,,,,,-86.68209914,-27.194473,-27.419106,-21.935944,-18.548347
CTGTTACCGGAGTGGACCGA,20,8113,1,2.2,,,,,,,,,,-91.13132995,-26.955482,-27.082024,-19.08487,-14.968536
CTGGTACCGGGTATGTCCGA,20,1800,8,17.56,,,,,,,,,,-94.93843148,-27.173965,-25.574142,-17.9805,-15.315971
CTGTTACCGCGCAGAACCGA,20,8113,1,2.2,,,,,,,,,,-90.18825903,-26.928207,-28.181969,-19.366295,-18.48183
CTGTAACCGGTTAAGTCCGA,20,8113,1,2.2,,,,,,,,,,-90.23324233,-27.323776,-27.051422,-22.618034,-18.574863
CTGCTTCCGGGTCGGTCCGA,20,8113,1,2.2,,,,,,,,,,-87.1156416,-28.638855,-28.17981,-21.093575,-18.374146
CTGTTTCCGGGTTGGGCCGA,20,8113,1,2.2,,,,,,,,,,-78.45266091,-27.970535,-27.049759,-22.674744,-21.305775
CTGTTACCGGGTAAAACCGA,20,3487,3,6.59,,,,,,,,,,-99.82179467,-26.392769,-26.391167,-16.508873,-12.532536
CTGTTGCCTGGTAGGGCCGA,20,8113,1,2.2,,,,,,,,,,-72.65548203,-27.857086,-27.382095,-24.613625,-24.319359
CTGTTACCGAGAACGTCCGA,20,8113,1,2.2,,,,,,,,,,-91.05960809,-27.227982,-27.551949,-19.376686,-18.150532
CTGTAACCGGGTGGGGCCGA,20,3487,3,6.59,,,,,,,,,,-81.75517354,-27.36148,-28.764862,-25.534935,-23.541779
CTGTTACCGGGTCGCTCCGA,20,211,140,307.35,,,,,,,,,,-90.66778373,-28.117844,-27.909721,-19.721039,-15.652721
CTGCTACCGGGTTGCGCCGA,20,8113,1,2.2,,,,,,,,,,-93.0543885,-27.136086,-26.860367,-17.187126,-14.930557
CTGTTACCGGGTTTGACCGA,20,2500,5,10.98,,,,,,,,,,-90.99361265,-27.138367,-26.08403,-19.234459,-15.000523
CTGCTACTGGGTTGGGCCGA,20,8113,1,2.2,,,,,,,,,,-89.33771705,-26.981712,-26.405678,-20.80777,-20.216156
CTGTTACTGGGTCGGTCCGA,20,1014,16,35.13,,,,,,,,,,-85.0067344,-27.604523,-26.535484,-22.626488,-19.460617
CTGTTACCGCGGAGGTGCGA,20,1800,8,17.56,,,,,,,,,,-92.69151638,-27.611412,-28.887238,-19.485764,-14.662907
CTGCTGCCGGCTCGGTCCGA,20,8113,1,2.2,,,,,,,,,,-86.16626974,-28.825256,-29.065529,-21.424065,-17.851467
CTGTTACGGGCTAGACCCGA,20,8113,1,2.2,,,,,,,,,,-86.63426904,-27.1661,-27.568039,-20.972534,-19.841599
CTGATGCCTGGTTGGCCCGA,20,8113,1,2.2,,,,,,,,,,-72.32699889,-27.280312,-25.813248,-23.330696,-21.279621
CTGTTACCGAGGAAGTCCGA,20,8113,1,2.2,,,,,,,,,,-92.45470807,-27.36023,-27.758835,-18.920235,-17.181683
CTGTAACCGGGAAGCCCCGA,20,4644,2,4.39,,,,,,,,,,-87.84489156,-27.131546,-29.044548,-25.193748,-22.070206
CTGTTACCGCGTAAGTTCGA,20,4644,2,4.39,,,,,,,,,,-89.6997396,-28.038185,-28.358894,-19.246735,-16.577232
CTGTTACCGCGTAATTCCGA,20,8113,1,2.2,,,,,,,,,,-91.42789026,-27.391098,-26.455101,-17.635574,-17.17789
CTGGTACCGGCTACGTCCGA,20,8113,1,2.2,,,,,,,,,,-93.93322395,-27.57235,-27.461098,-18.831467,-15.9893875
CTGTTACCGGGCACGTTCGA,20,8113,1,2.2,,,,,,,,,,-88.30326522,-28.281181,-29.55001,-21.125671,-20.0584
CTGCTACTGGGCAGCTCCGA,20,8113,1,2.2,,,,,,,,,,-93.67492032,-27.410347,-27.821968,-20.655739,-18.981384
CTGTTACCGGGCACTTCCGA,20,3487,3,6.59,,,,,,,,,,-93.19373033,-27.931961,-28.275581,-19.890816,-16.862873
CTGATACCGGATAGCTCCGA,20,2500,5,10.98,,,,,,,,,,-92.55739795,-26.856117,-26.16259,-17.384407,-12.943901
CTGTTATTGGTCAAGTCCGA,20,4644,2,4.39,,,,,,,,,,-81.86648704,-27.52626,-25.887543,-23.419296,-21.808254
CTGTTACCGCGAAAGTGCGA,20,8113,1,2.2,,,,,,,,,,-98.3112913,-27.134483,-28.202118,-17.020844,-12.242767
CTGGTACCGGCTAGGTCCGA,20,1657,9,19.76,,,,,,,,,,-95.66975956,-27.711937,-27.0802,-18.202675,-15.500019
CTGTTTCCGGGAACGTCCGA,20,4644,2,4.39,,,,,,,,,,-89.62798338,-28.019943,-27.95897,-21.077667,-17.2398
CTGTTACCACGGAGGTCCGA,20,8113,1,2.2,,,,,,,,,,-80.69886272,-27.506676,-27.989029,-21.807129,-22.439003
CTGTTACCGGGTCCCTCCGA,20,8113,1,2.2,,,,,,,,,,-90.27641777,-28.45227,-28.143135,-20.40805,-16.68386
CTGCCACCGGTTCGGACCGA,20,8113,1,2.2,,,,,,,,,,-86.93383738,-27.86155,-28.303024,-23.96392,-19.591328
CTGATACCGCGTATGTCCGA,20,1800,8,17.56,,,,,,,,,,-91.2866355,-26.984833,-25.678368,-16.741539,-15.388599
CTGTTACCGAGAAGGTCCGA,20,1514,10,21.95,,,,,,,,,,-91.29851756,-27.418571,-27.241737,-19.117867,-17.701256
CTGTTACGGGGTAGCACCGA,20,8113,1,2.2,,,,,,,,,,-84.79153054,-26.96531,-27.285286,-21.641884,-19.875149
CTGTTGCCGGGAATGTCCGA,20,8113,1,2.2,,,,,,,,,,-89.24466845,-27.782387,-26.834335,-20.080452,-16.648087
CTGTTACCGCGGACGTGCGA,20,8113,1,2.2,,,,,,,,,,-92.13823585,-27.6027,-29.124756,-19.487236,-14.564468
CTGTTACCCGGATTGTCCGA,20,4644,2,4.39,,,,,,,,,,-89.0329815,-27.531311,-25.949883,-19.05323,-18.505089
CTGCTACCGCGTCAGTGCGA,20,8113,1,2.2,,,,,,,,,,-99.69158141,-27.543564,-28.246841,-15.268578,-10.779823
CTGTTACCGCGTTAGGGCGA,20,8113,1,2.2,,,,,,,,,,-89.62574812,-27.822182,-28.444801,-19.842735,-16.546932
CTGTTTCCGGGTCGTTCCGA,20,8113,1,2.2,,,,,,,,,,-79.35559427,-28.655708,-27.000923,-23.26989,-20.608753
CTGATACCGGGCTGATCCGA,20,4644,2,4.39,,,,,,,,,,-94.2138935,-27.043533,-26.300224,-17.681938,-13.260765
CTGTTACCGTGTTGGTCGGA,20,8113,1,2.2,,,,,,,,,,-80.832792,-27.860893,-25.983559,-20.606216,-22.4505
CTGTAACCGGGCAGGCCCGA,20,8113,1,2.2,,,,,,,,,,-87.11606687,-27.363968,-29.289726,-25.828941,-22.566307
CTGTTACCGGCTTGGACCGA,20,1800,8,17.56,,,,,,,,,,-91.93308154,-27.33252,-26.923851,-18.670555,-14.577404
CTGATACTGGGGATGTCCGA,20,8113,1,2.2,,,,,,,,,,-89.20241283,-26.727852,-25.727959,-20.032326,-17.498795
CTGATACCGGTGACTTCCGA,20,8113,1,2.2,,,,,,,,,,-91.63772891,-27.207367,-26.345284,-17.959854,-14.698624
CTGTTACCAGGTAGCTCCGA,20,1999,7,15.37,,,,,,,,,,-87.10633111,-27.39618,-26.858597,-21.205444,-19.730839
CTGTCACCGGGAAGGGCCGA,20,8113,1,2.2,,,,,,,,,,-87.00427953,-27.531593,-28.796951,-25.078133,-21.993591
CTGTTACCTGGTAGGACCGA,20,1999,7,15.37,,,,,,,,,,-85.32256262,-26.970642,-26.540321,-21.120636,-19.229961
CTGCTACCGGGAACCTCCGA,20,8113,1,2.2,,,,,,,,,,-103.3408978,-27.445282,-28.624504,-15.770378,-12.141758
CTGTTTCTGCGTAAGTCCGA,20,8113,1,2.2,,,,,,,,,,-76.91967013,-27.735352,-26.767143,-23.983215,-23.878143
CTGTTACCGGACAGATCCGA,20,637,26,57.08,,,,,,,,,,-97.50557112,-26.891586,-26.647858,-17.265053,-13.511639
CTGATACCGCGTAGGGCGGA,20,8113,1,2.2,,,,,,,,,,-86.11114864,-27.461304,-28.83303,-21.128029,-23.39812
CTGTTACGTGGTTGGTCCGA,20,4644,2,4.39,,,,,,,,,,-75.29861507,-27.267044,-24.997108,-21.844437,-21.299969
CTGCTACCGGCGGGGTCCGA,20,4644,2,4.39,,,,,,,,,,-98.63613342,-27.99672,-29.389442,-17.765167,-13.061108
CTGTCACCGGCTAAGCCCGA,20,8113,1,2.2,,,,,,,,,,-89.90769132,-27.287743,-28.399918,-23.773705,-19.701694
CTGTTACCGGGAAGCGCCGA,20,2923,4,8.78,,,,,,,,,,-94.00707186,-27.155502,-28.409851,-19.610756,-17.476532
CTGATACCGGTTATATCCGA,20,8113,1,2.2,,,,,,,,,,-95.61029718,-26.697083,-24.95504,-17.998024,-14.134998
CTGATACCGTGTAAGTGCGA,20,8113,1,2.2,,,,,,,,,,-91.18871357,-26.677574,-26.17173,-19.129593,-15.822216
CTGTTACCGGCTCCGACCGA,20,8113,1,2.2,,,,,,,,,,-89.57099505,-27.747627,-28.239243,-19.549316,-15.051144
CTGCTACCGGGAATGACCGA,20,4644,2,4.39,,,,,,,,,,-102.7865431,-26.56572,-27.00634,-13.769836,-9.82655
CTGTTATCGGATAGGACGGA,20,8113,1,2.2,,,,,,,,,,-82.00737922,-27.459381,-27.80252,-23.615227,-22.338108
CTGTTACCTGTTAGTTCCGA,20,3487,3,6.59,,,,,,,,,,-82.28475407,-27.42221,-25.10321,-21.583122,-20.512733
CTGTCACCGGGAAGTTCCGA,20,2923,4,8.78,,,,,,,,,,-89.01524216,-27.809875,-27.671738,-23.25653,-19.421726
CTGGTACCGGGTAGCACCGA,20,8113,1,2.2,,,,,,,,,,-91.52182669,-26.800339,-27.17839,-20.140251,-18.16338
CTGTTATTGGGTAGATCCGA,20,8113,1,2.2,,,,,,,,,,-82.67196371,-27.389297,-25.709518,-23.95176,-22.621246
CTGTTACCGTGAATGTCCGA,20,8113,1,2.2,,,,,,,,,,-88.85897163,-27.052025,-25.553864,-18.56443,-16.541103
CTGTTACCCGGCAACCCCGA,20,8113,1,2.2,,,,,,,,,,-90.64374408,-27.32,-28.689842,-20.775238,-20.438068
CTGTTTCCGGGTCGGGCCGA,20,8113,1,2.2,,,,,,,,,,-77.08050912,-28.41397,-28.439049,-23.70366,-22.167976
CTGTTACCGGATGGTTCCGA,20,3487,3,6.59,,,,,,,,,,-91.89488517,-27.370903,-25.36419,-18.339432,-14.727383
CTGTTGCCGGGCAGGACCGA,20,4644,2,4.39,,,,,,,,,,-85.22907095,-27.896042,-28.80996,-23.14112,-19.869179
CTGGTACTGGGTAGGACCGA,20,8113,1,2.2,,,,,,,,,,-85.78850652,-26.755318,-26.623535,-23.358337,-21.698124
CTGTTACCAGCTAGGACCGA,20,2923,4,8.78,,,,,,,,,,-85.53426241,-26.962067,-27.414864,-21.818008,-19.65672
CTGCTACCCGCTAGGTCCGA,20,8113,1,2.2,,,,,,,,,,-94.65971969,-27.973206,-28.20739,-15.962715,-16.215218
CTGTAACCGGGTGCTTCCGA,20,8113,1,2.2,,,,,,,,,,-83.15809128,-27.702957,-27.08628,-23.20871,-20.61433
CTGTTACCGGGTCTGACCGA,20,3487,3,6.59,,,,,,,,,,-90.14441236,-27.341072,-26.866951,-18.534027,-14.32283
CTGTTACCGGATAAGATCGA,20,8113,1,2.2,,,,,,,,,,-90.85100052,-27.22116,-27.08049,-18.806519,-17.637089
CTGTTACCGGGCACGGCCGA,20,8113,1,2.2,,,,,,,,,,-91.70408574,-27.482002,-28.638153,-19.392273,-17.464317
CTGATACGGGGTAAGTTCGA,20,8113,1,2.2,,,,,,,,,,-85.99806086,-27.647903,-27.143524,-20.60028,-19.040157
CTGCAACCGGACAGACCCGA,20,8113,1,2.2,,,,,,,,,,-92.7580336,-26.312271,-28.324425,-22.008492,-19.027084
CTGTTACCGGTCAGGACCGA,20,2923,4,8.78,,,,,,,,,,-92.66964658,-27.334076,-27.440407,-19.168678,-15.152542
CTGTTACCGGGCAGGGCCGA,20,374,52,114.16,,,,,,,,,,-92.23870966,-27.554283,-28.603386,-20.347038,-17.962646
CTGTTACCGTGTCTTTCCGA,20,8113,1,2.2,,,,,,,,,,-80.09691152,-27.900368,-25.954987,-22.320732,-21.390461
CTGATACCGGGGGAGTCCGA,20,2923,4,8.78,,,,,,,,,,-99.05280863,-27.406113,-28.306213,-18.391113,-12.447037
CTGTTACCGCGTAAGGCCGA,20,8113,1,2.2,,,,,,,,,,-92.02751679,-27.241608,-27.830002,-17.894905,-18.305305
CTGTTACTGGGTTCGTCCGA,20,8113,1,2.2,,,,,,,,,,-85.60669455,-27.509987,-25.792007,-21.275902,-18.899288
CTGTTACCGAGTAGGGGCGA,20,8113,1,2.2,,,,,,,,,,-82.19481397,-27.525436,-28.453735,-21.84964,-21.178104
CTGTTACCCGGTACGTCGGA,20,1303,12,26.34,,,,,,,,,,-93.48181235,-28.077232,-28.440811,-19.96038,-16.942276
CTGCTACCGGCAAGGACCGA,20,2500,5,10.98,,,,,,,,,,-103.6093937,-26.846916,-28.386406,-14.976944,-10.895363
CTGTTACCGCGAATATCCGA,20,8113,1,2.2,,,,,,,,,,-93.03764702,-27.028488,-26.69352,-17.027504,-16.986439
CTGTTACGGGGTATGTCCGA,20,825,20,43.91,,,,,,,,,,-87.89109474,-27.377968,-25.934273,-19.31363,-16.73067
CTGATACCGGGCTGGCCCGA,20,8113,1,2.2,,,,,,,,,,-92.48817129,-27.119072,-27.474915,-19.75978,-15.274635
CTGTAACCGGGGCGGACCGA,20,4644,2,4.39,,,,,,,,,,-83.1286753,-27.407951,-29.97142,-26.818886,-22.585052
CTGTTACCGGCTAGGAGCGA,20,8113,1,2.2,,,,,,,,,,-91.70853017,-27.55828,-28.620773,-19.073624,-18.555943
CTGTTATCGGATAGCGCCGA,20,8113,1,2.2,,,,,,,,,,-81.50515135,-27.046402,-27.127884,-23.178719,-22.440567
CTGTTACCGGGTTCCTCCGA,20,2923,4,8.78,,,,,,,,,,-91.07551456,-28.019814,-26.729477,-19.310143,-15.683895
CTGATACCGGGAGCGTCCGA,20,8113,1,2.2,,,,,,,,,,-96.74255067,-27.316757,-28.13427,-18.596153,-12.9604225
CTGTTACCCGCTAGGTTCGA,20,8113,1,2.2,,,,,,,,,,-85.16901331,-28.57737,-28.709366,-20.748108,-23.25562
CTGCTACCGGGGTGAACCGA,20,8113,1,2.2,,,,,,,,,,-99.54874948,-26.837997,-27.384712,-15.688774,-11.45826
CTGTTACCGGTTTTGTTCGA,20,8113,1,2.2,,,,,,,,,,-83.53133562,-28.060509,-26.718636,-23.428612,-21.81551
CTGTCACCGGGTCGGTCCGA,20,1133,14,30.73,,,,,,,,,,-84.88795811,-28.312256,-28.042946,-24.422188,-18.685013
CTGTTATTGGGTACATCCGA,20,4644,2,4.39,,,,,,,,,,-82.27974325,-27.180923,-25.272736,-23.286621,-22.324512
CTGATACCGGGCCGATCCGA,20,4644,2,4.39,,,,,,,,,,-92.47979602,-27.465782,-27.684654,-19.486671,-14.825546
CTGTTACCGGGTGCGCCCGA,20,8113,1,2.2,,,,,,,,,,-93.1951499,-27.319473,-27.897171,-19.62986,-15.639523
CTGTTTCCGGGTTGTTCCGA,20,3487,3,6.59,,,,,,,,,,-79.96032415,-28.108276,-25.522652,-22.04245,-20.16537
CTGTTACGGGAGAGGTCCGA,20,8113,1,2.2,,,,,,,,,,-87.74688682,-27.658508,-27.651764,-21.324951,-19.052864
CTGCTACCGGGTGGTCCCGA,20,8113,1,2.2,,,,,,,,,,-97.42335389,-27.401115,-26.982132,-16.58731,-13.415897
CTGCTACCTGTTAGGTCCGA,20,8113,1,2.2,,,,,,,,,,-89.27222496,-27.47963,-26.468636,-20.233543,-18.89846
CTGCTACGGGCTAGTTCCGA,20,8113,1,2.2,,,,,,,,,,-90.67960975,-27.703613,-26.774788,-17.917961,-15.656292
CTGTTACCGGACACATCCGA,20,2923,4,8.78,,,,,,,,,,-96.74846775,-26.734749,-27.005981,-17.651917,-14.410961
CTGTTTCTCGGTTAATCCGA,20,8113,1,2.2,,,,,,,,,,-72.79688815,-27.660156,-25.678513,-24.002151,-25.01796
CTGCTACCGGGCAGACCCGA,20,8113,1,2.2,,,,,,,,,,-103.2058145,-26.928856,-28.398865,-16.451118,-12.386684
CTGTTACGGGATAGGCCGGA,20,8113,1,2.2,,,,,,,,,,-79.86704229,-27.427673,-27.727264,-22.424957,-21.40958
CTGTTACCTGGTATCTCCGA,20,8113,1,2.2,,,,,,,,,,-83.80848472,-27.428123,-25.92514,-21.177391,-19.860844
CTGTTACCGGCTCGGACCGA,20,1205,13,28.54,,,,,,,,,,-90.5834532,-27.66298,-28.504211,-19.946098,-15.009598
CTGTCACCGGGGAGCACCGA,20,8113,1,2.2,,,,,,,,,,-85.05415143,-27.451317,-29.270813,-25.680717,-21.71088
CTGATACTGGGTAGGTGCGA,20,8113,1,2.2,,,,,,,,,,-85.95137362,-26.677452,-26.102638,-21.553307,-20.444649
CTGTTACCGGTGAGTTCCGA,20,4644,2,4.39,,,,,,,,,,-93.49682614,-27.605232,-26.26265,-18.073067,-14.954807
CTGTTACCGCCTAGGTCCGA,20,3487,3,6.59,,,,,,,,,,-89.60980581,-28.263657,-27.871132,-18.180801,-17.273643
CTGCTACCGGTTATAGCCGA,20,8113,1,2.2,,,,,,,,,,-98.18646433,-26.747574,-25.879478,-16.04805,-14.357433
CTGCTACCGGGTATAACCGA,20,3487,3,6.59,,,,,,,,,,-101.3516969,-26.44162,-26.28086,-15.262909,-11.450714
CTGTTACCGGTGAGGTTCGA,20,8113,1,2.2,,,,,,,,,,-88.70577938,-28.160599,-28.008568,-21.13646,-19.742046
CTGTTACCGTGTATATCCGA,20,3487,3,6.59,,,,,,,,,,-87.0447115,-26.938232,-24.962555,-19.167862,-18.132233
CTGTCACCGGGCGGGTCCGA,20,4644,2,4.39,,,,,,,,,,-85.10869148,-28.435555,-29.609352,-26.31916,-20.877693
CTGTTACCGGGAGGACCCGA,20,8113,1,2.2,,,,,,,,,,-97.27786507,-27.179962,-28.307037,-19.231445,-15.393295
CTGCTACCGGTAAAGTCCGA,20,4644,2,4.39,,,,,,,,,,-107.0723692,-26.984138,-26.808075,-13.868698,-10.11639
CTGTCACCCGGTAACTCCGA,20,8113,1,2.2,,,,,,,,,,-84.89538285,-27.882935,-28.564026,-24.481178,-23.571339
CTGATACCCGGTAGACCGGA,20,8113,1,2.2,,,,,,,,,,-93.83252175,-27.002007,-27.92263,-20.175095,-14.883266
CTGATACCGGGTAAAACCGA,20,8113,1,2.2,,,,,,,,,,-99.44187834,-25.979843,-26.286774,-16.811508,-11.958546
CTGTTACCGGGACGCCCCGA,20,8113,1,2.2,,,,,,,,,,-91.60071916,-27.61296,-29.024979,-20.874733,-17.133652
CTGTTACCGGTTAAGTGCGA,20,8113,1,2.2,,,,,,,,,,-96.90385631,-27.260094,-26.782982,-18.550499,-16.992706
CTGTTACTTGGGTGGTCCGA,20,4644,2,4.39,,,,,,,,,,-75.51200885,-27.282104,-26.060226,-23.96595,-23.628838
CTGCTACCGGCTACAACCGA,20,8113,1,2.2,,,,,,,,,,-101.0959669,-26.374329,-27.04821,-14.722961,-11.320507
CTGATACCGGGTCGCTCCGA,20,751,22,48.3,,,,,,,,,,-90.57113586,-27.692894,-27.483353,-19.241539,-14.4528885
CTGCTACCGAGGATGTCCGA,20,8113,1,2.2,,,,,,,,,,-94.36552792,-27.192093,-26.764282,-16.69413,-15.673634
CTGTTACCGTGTTAGTCCGA,20,4644,2,4.39,,,,,,,,,,-88.18145177,-27.414848,-25.702545,-19.751404,-17.297256
CTGTCACCGCGTAGGACCGA,20,3487,3,6.59,,,,,,,,,,-81.91764915,-27.5029,-28.581108,-24.87323,-22.913673
CTGCTACCGGACCGGTCCGA,20,8113,1,2.2,,,,,,,,,,-94.9576043,-27.699257,-28.377914,-18.269936,-13.785763
CTGATACCGGGTGGATCCGA,20,1999,7,15.37,,,,,,,,,,-96.37440496,-26.903168,-25.928093,-16.795761,-12.233303
CTGTTATCGGGCACGTCCGA,20,8113,1,2.2,,,,,,,,,,-88.02350724,-27.890717,-28.004486,-22.590225,-19.2042
CTGATACCGGGCAGGTTCGA,20,8113,1,2.2,,,,,,,,,,-89.86656284,-27.85997,-28.036736,-20.300491,-18.246624
CTGTTACCGGATACCTCCGA,20,1397,11,24.15,,,,,,,,,,-92.8054777,-27.262177,-26.958855,-18.892105,-15.584713
CTGATACCGGGCAGTTCCGA,20,1063,15,32.93,,,,,,,,,,-94.30125271,-27.318962,-26.909431,-18.409569,-14.501934
CTGCTACCGGGTAGCCCCGA,20,2216,6,13.17,,,,,,,,,,-100.0082858,-27.169785,-27.817696,-16.694397,-12.893547
CTGTTGCCAGGTAAGTCCGA,20,8113,1,2.2,,,,,,,,,,-82.42416787,-27.789978,-26.983833,-22.851974,-20.819916
CTGTTACCGGTTCAGTCCGA,20,1657,9,19.76,,,,,,,,,,-95.89711963,-27.56192,-26.19226,-18.30146,-13.620312
CTGCTACCGGGTTAGACCGA,20,2923,4,8.78,,,,,,,,,,-101.5189523,-27.025421,-26.94123,-15.449585,-11.428448
CTGTTACTGGATACGTCCGA,20,4644,2,4.39,,,,,,,,,,-87.20984964,-26.821556,-25.615456,-20.452034,-17.995556
CTGTTACCGGTTATGCCCGA,20,8113,1,2.2,,,,,,,,,,-91.75130599,-26.775093,-25.438866,-18.431396,-15.645596
CTGTTACCGGCAAACTCCGA,20,4644,2,4.39,,,,,,,,,,-100.9093857,-27.164742,-28.080368,-16.547256,-12.991386
CTGCAACCGGGCAGGTGCGA,20,8113,1,2.2,,,,,,,,,,-91.21417288,-27.388466,-29.001991,-22.033646,-22.252567
CTGTTACGGGGTAAGGCCGA,20,4644,2,4.39,,,,,,,,,,-89.23724676,-27.197395,-27.491325,-20.137474,-19.028412
CTGTTACCGTCTAGATCCGA,20,8113,1,2.2,,,,,,,,,,-87.30593679,-27.45465,-25.91201,-18.314407,-16.99908
CTGCTTCCGGGGATGTCCGA,20,8113,1,2.2,,,,,,,,,,-92.0608675,-28.038864,-27.558258,-19.679451,-16.294735
CTGCTACCGGTCAACTCCGA,20,8113,1,2.2,,,,,,,,,,-100.3168366,-27.358543,-27.644386,-15.78376,-12.578888
CTGTCACCGGGAGGCTCCGA,20,8113,1,2.2,,,,,,,,,,-86.42652792,-28.299866,-29.334496,-24.912117,-20.8722
CTGTTGCCGGGGAGTTCCGA,20,8113,1,2.2,,,,,,,,,,-85.43870876,-28.375496,-28.176262,-21.858627,-19.336826
CTGCAACCGAGTAGGTCCGA,20,8113,1,2.2,,,,,,,,,,-85.68867988,-27.242653,-27.018776,-20.65046,-19.988316
CTGCTACCGGCTAGAACCGA,20,3487,3,6.59,,,,,,,,,,-101.7931392,-26.68328,-27.513535,-15.184128,-11.420395
CTGATACCGGGTGCATCCGA,20,3487,3,6.59,,,,,,,,,,-95.81836784,-26.757126,-25.964935,-16.716507,-12.408253
CTGTTACCGGGCCGGCCCGA,20,3487,3,6.59,,,,,,,,,,-89.47320667,-28.116478,-29.413437,-22.150963,-18.374226
CTGTTATCAGTTATGTCCGA,20,8113,1,2.2,,,,,,,,,,-78.2462662,-27.191948,-25.24421,-24.489555,-22.839642
CTGTTACTGAGTAGCCCCGA,20,8113,1,2.2,,,,,,,,,,-74.7408381,-26.745308,-26.431664,-23.915207,-23.048374
CTGTTACCGCGTTAATCCGA,20,8113,1,2.2,,,,,,,,,,-92.54390233,-27.310234,-26.218292,-17.154,-16.617844
CTGTTGCCGGGTATGCCCGA,20,8113,1,2.2,,,,,,,,,,-85.65338687,-27.370598,-26.22036,-20.201363,-17.682575
CTGTTACCGAGTAGGCCCGA,20,2500,5,10.98,,,,,,,,,,-86.72517724,-27.110275,-27.250122,-20.59665,-19.559872
CTGTTACCGCAGAGGTCCGA,20,8113,1,2.2,,,,,,,,,,-90.81478855,-27.532562,-27.842133,-18.556572,-17.701221
CTGTTACCGTGGAGGGCCGA,20,8113,1,2.2,,,,,,,,,,-82.03649409,-27.420563,-27.73285,-21.957993,-21.240078
CTGTTACCGGGCGTGACCGA,20,8113,1,2.2,,,,,,,,,,-90.74475628,-27.442978,-28.151062,-19.990257,-15.088039
CTGTTTCCGGGTACGCCCGA,20,4644,2,4.39,,,,,,,,,,-85.17552646,-27.712196,-27.42685,-21.401833,-18.944328
CTGATACCGGCTTGGACCGA,20,3487,3,6.59,,,,,,,,,,-91.51100406,-26.945831,-26.63861,-18.626,-13.819027
CTGTTACCGCGTAGTTCGGA,20,8113,1,2.2,,,,,,,,,,-85.65117657,-28.26477,-27.860321,-20.07135,-21.968338
CTGTTACTGGGGATGTCCGA,20,4644,2,4.39,,,,,,,,,,-88.33832115,-27.101196,-26.152351,-20.822845,-18.792381
CTGCTACCGGTGAGGTCCGA,20,4644,2,4.39,,,,,,,,,,-100.4363493,-27.596863,-27.266853,-15.971207,-11.968033
CTGCAACTGGGTAGTTCCGA,20,8113,1,2.2,,,,,,,,,,-84.8671005,-27.03202,-25.682938,-21.753494,-19.407867
CTGATACCTGGTAGGACCGA,20,8113,1,2.2,,,,,,,,,,-85.60879759,-26.570526,-26.344788,-21.269882,-18.664352
CTGGTATCGGGTATTTCCGA,20,8113,1,2.2,,,,,,,,,,-84.75798534,-27.537773,-25.878769,-22.964813,-21.823078
CTGTTACCGGGCAGGCGCGA,20,4644,2,4.39,,,,,,,,,,-90.25833464,-27.556152,-29.163445,-21.016617,-20.542412
CTGTTACCGGGGATCTCCGA,20,2216,6,13.17,,,,,,,,,,-94.41170467,-27.941223,-27.981033,-19.094566,-15.533546
CTGTTACCGAGGAGGTCGGA,20,8113,1,2.2,,,,,,,,,,-84.71061804,-28.169151,-28.875343,-21.72728,-23.07977
CTGTAACCGGGTACCTCCGA,20,8113,1,2.2,,,,,,,,,,-86.47770818,-27.58973,-28.161636,-23.712723,-20.928555
CTGGTACCGGGTAATTCCGA,20,8113,1,2.2,,,,,,,,,,-95.67956635,-27.223808,-25.956451,-18.4533,-15.935825
CTGTAACCGGGTCGGTCCGA,20,2216,6,13.17,,,,,,,,,,-85.00340764,-27.898857,-28.001175,-23.444496,-19.353092
CTGCTACCAGGGACGTCGGA,20,8113,1,2.2,,,,,,,,,,-94.12835201,-27.916435,-29.117088,-19.825623,-18.465569
CTGATACGTGGTAGCTCCGA,20,8113,1,2.2,,,,,,,,,,-76.49246515,-26.923378,-25.851875,-21.758194,-21.510292
CTGTTACCGGGTGGCGCCGA,20,4644,2,4.39,,,,,,,,,,-88.32449941,-27.34333,-27.98497,-20.530525,-18.702892
CTGTTACCCTATAGGTCCGA,20,8113,1,2.2,,,,,,,,,,-77.81048451,-27.684479,-26.748604,-21.810555,-23.747276
CTGATACCGGGTCGGTGCGA,20,8113,1,2.2,,,,,,,,,,-90.05758081,-27.284874,-27.223022,-19.247665,-16.933918
CTGCTACCGGATAGTTGCGA,20,8113,1,2.2,,,,,,,,,,-97.84070278,-27.118233,-26.067764,-15.685471,-15.510468
CTGCTACCGGAAACGTCCGA,20,3487,3,6.59,,,,,,,,,,-103.2667662,-26.800392,-27.517204,-14.656296,-10.883881
CTGTTATGCGGTAGGTCCGA,20,8113,1,2.2,,,,,,,,,,-75.19998775,-27.62236,-27.107025,-24.874481,-25.095242
CTGTTACCAGATAGGTCCGA,20,1657,9,19.76,,,,,,,,,,-87.31770709,-27.14582,-25.997658,-21.0793,-19.17944
CTGTCACCGGGCAGATCCGA,20,8113,1,2.2,,,,,,,,,,-89.62761233,-27.580315,-28.17846,-23.473793,-19.058697
CTGTTATCGGGACGGTCCGA,20,3487,3,6.59,,,,,,,,,,-88.05182743,-27.829529,-27.804878,-23.062157,-19.119038
CTGTTACCGGCTAATTCCGA,20,2500,5,10.98,,,,,,,,,,-97.7050013,-27.398308,-26.389137,-17.328629,-13.716537
CTGTTACCGGAAAGTTCCGA,20,1303,12,26.34,,,,,,,,,,-97.21853411,-27.20359,-26.445923,-17.872559,-14.201725
CTGTTATCGGCTATGTTCGA,20,8113,1,2.2,,,,,,,,,,-80.84731458,-28.074165,-27.121582,-22.622383,-22.887192
CTGATACCGGGTGAGACCGA,20,8113,1,2.2,,,,,,,,,,-96.19188256,-26.656372,-27.151245,-17.74337,-12.517853
CTGCTACCGGACAGCTCCGA,20,8113,1,2.2,,,,,,,,,,-97.4360064,-27.290497,-28.292023,-16.318153,-13.12513
CTGTTACCGGGCACCCCCGA,20,4644,2,4.39,,,,,,,,,,-91.42407983,-27.720741,-29.100998,-21.560852,-18.712929
CTGTTACCGCCTAGCTGCGA,20,3487,3,6.59,,,,,,,,,,-89.28510945,-27.99176,-28.522964,-18.837807,-16.327682
CTGATACTGGGTAGCTCCGA,20,8113,1,2.2,,,,,,,,,,-87.71945686,-26.84539,-25.887161,-20.674667,-17.352943
CTGATACCGCGCAAGTCCGA,20,3487,3,6.59,,,,,,,,,,-94.2054697,-27.135864,-28.009064,-17.605888,-15.563679
CTGTTGCGGGGTAGATCCGA,20,8113,1,2.2,,,,,,,,,,-80.53922225,-27.785774,-27.068192,-22.144058,-21.27383
CTGTTACCAGGGATGTCCGA,20,8113,1,2.2,,,,,,,,,,-87.71029649,-27.190765,-26.455353,-20.776909,-18.271992
CTGATACCGGGTAGTTTCGA,20,8113,1,2.2,,,,,,,,,,-88.98217531,-27.86892,-26.992409,-20.094185,-18.314445
CTGTTACCGCGGGGGGCCGA,20,8113,1,2.2,,,,,,,,,,-85.46968783,-27.969795,-30.190506,-22.468079,-22.999546
CTGGTACCGGGGACCTCCGA,20,8113,1,2.2,,,,,,,,,,-91.75213244,-27.93541,-28.99144,-20.755005,-18.62651
CTGTTATCGGGAAGGTGCGA,20,8113,1,2.2,,,,,,,,,,-87.72231638,-27.502922,-27.889946,-22.612015,-22.164356
CTGTTATCGGGTACTTCCGA,20,8113,1,2.2,,,,,,,,,,-87.3602489,-27.739197,-26.50174,-22.269943,-19.70951
CTGTTACCGGTTAACTCCGA,20,2216,6,13.17,,,,,,,,,,-96.40564563,-27.351234,-26.697937,-18.847115,-14.971565
CTGTTACCGGGTCCTCCCGA,20,4644,2,4.39,,,,,,,,,,-89.25128132,-28.108528,-27.796432,-20.344093,-17.439888
CTGCTACCGGATCGTTCCGA,20,8113,1,2.2,,,,,,,,,,-95.35767027,-27.519608,-26.257454,-16.727165,-12.762531
CTGTTACCGGATCCGTCCGA,20,3487,3,6.59,,,,,,,,,,-91.42803209,-27.67669,-26.961777,-19.213493,-14.675991
CTGATACGGGGCATGGCCGA,20,8113,1,2.2,,,,,,,,,,-83.82101823,-26.869247,-26.87088,-19.55458,-19.758976
CTGTTACTGGTTAAGTCCGA,20,8113,1,2.2,,,,,,,,,,-91.35937854,-27.097801,-25.730309,-21.169067,-18.290588
CTGATACCGCTTAGGCCCGA,20,8113,1,2.2,,,,,,,,,,-85.71361567,-27.231743,-27.53537,-20.42672,-19.403973
CTGTTACCGGGTCGTCCCGA,20,8113,1,2.2,,,,,,,,,,-90.04192082,-27.825249,-27.332573,-19.881813,-16.503433
CTGGTACCGGGGAGCTCCGA,20,8113,1,2.2,,,,,,,,,,-92.79023894,-27.797539,-28.65615,-19.97181,-17.404991
CTGTTATCGGGTAGTTCCGA,20,1397,11,24.15,,,,,,,,,,-88.04848509,-27.700493,-26.152428,-21.94638,-19.45385
CTGATTCCGAGTAGGTCCGA,20,4644,2,4.39,,,,,,,,,,-78.44608931,-27.666939,-26.661865,-22.802788,-21.894825
CTGCTACCGGGTCCGCCCGA,20,4644,2,4.39,,,,,,,,,,-97.62331841,-27.78321,-28.434227,-17.14573,-13.612354
CTGTTACCGGCACAGTCCGA,20,8113,1,2.2,,,,,,,,,,-100.6357925,-27.28321,-27.665619,-16.848984,-12.203045
CTGATACCGGTCCTGTCCGA,20,8113,1,2.2,,,,,,,,,,-87.65675664,-27.607246,-26.256866,-19.769936,-14.644653
CTGTAACCGGGTACGTGCGA,20,8113,1,2.2,,,,,,,,,,-84.13702077,-27.18055,-28.001144,-23.248184,-22.04094
CTGCTACCGGGAACAGCCGA,20,8113,1,2.2,,,,,,,,,,-103.2829006,-26.444588,-27.498741,-13.797188,-11.9883
CTGTTACCGCGTTGGACCGA,20,8113,1,2.2,,,,,,,,,,-87.23642149,-27.338242,-26.86473,-18.809883,-18.3708
CTGTTACCGGGGATGTGCGA,20,3487,3,6.59,,,,,,,,,,-91.9013433,-27.281006,-27.122986,-18.046814,-16.647125
CTGTTACCGGGCAGCCCCGA,20,2923,4,8.78,,,,,,,,,,-92.28302106,-27.589302,-28.847824,-21.135185,-17.887295
CTGTTACCGGGCTAGACCGA,20,8113,1,2.2,,,,,,,,,,-94.52029711,-27.356995,-27.592659,-18.629883,-13.922203
CTGATACGGGGTCGGACCGA,20,8113,1,2.2,,,,,,,,,,-83.46219085,-27.112381,-27.667809,-22.614098,-19.588116
CTGTTACCGGCGCCGTCCGA,20,8113,1,2.2,,,,,,,,,,-92.01156836,-28.313408,-29.34388,-20.588478,-15.538918
CTGATACCCGGAAGGACCGA,20,8113,1,2.2,,,,,,,,,,-91.05622755,-26.816284,-28.198608,-19.655632,-18.14267
CTGTTACCGGGAAGAGTCGA,20,8113,1,2.2,,,,,,,,,,-90.36993601,-27.793213,-28.706459,-20.556885,-20.020123
CTGCTACCAGGTAGGCCCGA,20,8113,1,2.2,,,,,,,,,,-93.85126941,-26.956932,-27.478523,-20.211426,-18.171078
CTGAAACCGGATAGGTCCGA,20,8113,1,2.2,,,,,,,,,,-87.26120772,-26.901024,-26.160873,-20.825272,-17.067486
CTGTTACCGGGAACGCCCGA,20,1800,8,17.56,,,,,,,,,,-98.33247228,-26.949059,-28.16764,-18.052452,-14.331501
CTGCTACCGGAAAGGTCCGA,20,2216,6,13.17,,,,,,,,,,-104.0555533,-27.063911,-27.19468,-14.802269,-10.88039
CTGCAACCGCGTAACTCCGA,20,8113,1,2.2,,,,,,,,,,-90.01084512,-27.159187,-28.52835,-20.650482,-20.8964
CTGTTACCGGGTAGTCGCGA,20,8113,1,2.2,,,,,,,,,,-90.64993118,-27.530006,-27.698296,-19.195686,-18.975925
CTGTTACCGGAAACTTCCGA,20,8113,1,2.2,,,,,,,,,,-96.15185025,-27.118729,-27.18473,-18.581161,-15.491924
CTGTTACCGGATAGGTGCGA,20,3487,3,6.59,,,,,,,,,,-93.27427084,-27.122475,-26.660782,-18.552223,-17.665565
CTGGTACCGCGTAGGTCCGA,20,3487,3,6.59,,,,,,,,,,-89.53737311,-27.70816,-27.302734,-19.213089,-19.408741
CTGTTACCGGGGCTGTCCGA,20,1303,12,26.34,,,,,,,,,,-92.71156912,-27.8693,-27.714401,-19.813423,-14.811634
CTGTTACCGGGTTGATTCGA,20,2923,4,8.78,,,,,,,,,,-88.29345795,-27.834991,-26.766205,-19.74076,-18.905941
CTGTTATCGGGGCAGTCCGA,20,8113,1,2.2,,,,,,,,,,-89.80762325,-27.780502,-27.899048,-22.265968,-18.417969
CTGTAACCGGGTCCGTCCGA,20,8113,1,2.2,,,,,,,,,,-84.8567757,-28.080353,-28.339455,-24.035835,-20.097336
CTGATACCAGGTCGGTCCGA,20,8113,1,2.2,,,,,,,,,,-84.46640496,-27.31961,-26.768265,-22.02938,-18.502823
CTGATATCGGCTAAGTCCGA,20,8113,1,2.2,,,,,,,,,,-93.7301207,-27.19719,-26.690659,-20.187088,-15.938278
CTGATGCCGGTTAGGTCCGA,20,8113,1,2.2,,,,,,,,,,-84.97269699,-27.932198,-26.787842,-22.288063,-17.969398
CTGTTACGGGTTAGATCCGA,20,8113,1,2.2,,,,,,,,,,-88.53666641,-27.43454,-26.017395,-20.600525,-18.273525
CTGATACCGGGACGGTTCGA,20,8113,1,2.2,,,,,,,,,,-88.83666515,-27.71814,-28.075523,-20.395401,-17.637383
CTGCTACCGGGTTCATCCGA,20,3487,3,6.59,,,,,,,,,,-100.4429962,-27.378853,-26.176277,-14.9661255,-11.842194
CTGCTACCGGCGAGATCCGA,20,8113,1,2.2,,,,,,,,,,-103.1939199,-27.26043,-27.953568,-13.861694,-10.43082
CTGTTACCGGACGGGTCCGA,20,2500,5,10.98,,,,,,,,,,-92.13454885,-27.72747,-28.287666,-20.772354,-15.840694
CTGTTACCGCATGAGTCCGA,20,8113,1,2.2,,,,,,,,,,-92.72071677,-27.42134,-26.936928,-18.062637,-16.664902
CTGTTACCTGTGCGAACCGA,20,8113,1,2.2,,,,,,,,,,-81.73297257,-26.618637,-26.096985,-21.409943,-19.833504
CTGTTTCCGGGTAGCGCCGA,20,8113,1,2.2,,,,,,,,,,-80.86732289,-27.831375,-27.76239,-23.098541,-21.970959
CTGGTACCGGGTTTCTCCGA,20,8113,1,2.2,,,,,,,,,,-87.55467624,-27.903282,-26.643417,-21.243607,-18.543285
CTGTTACCGGATAGATTCGA,20,8113,1,2.2,,,,,,,,,,-91.65625031,-27.576286,-27.074768,-19.569908,-18.206894
CTGTTACGGGGCACGTCGGA,20,8113,1,2.2,,,,,,,,,,-81.55735463,-28.382706,-29.45488,-23.444527,-21.909008
CTGTCACCGGGTACCTCCGA,20,8113,1,2.2,,,,,,,,,,-86.13868713,-27.9747,-28.381073,-24.429962,-20.413074
CTGCTACCGGTTAGGACCGA,20,457,40,87.81,,,,,,,,,,-98.18828462,-27.138557,-27.31829,-17.391586,-13.722836
CTGATACCGGCGTGGTCCGA,20,8113,1,2.2,,,,,,,,,,-94.17729846,-27.273384,-26.609398,-17.158043,-11.990482
CTGTAACCGGGGACCACCGA,20,8113,1,2.2,,,,,,,,,,-85.37220716,-27.187714,-29.190277,-25.829704,-22.995472
CTGCTACCGACTAGGACCGA,20,4644,2,4.39,,,,,,,,,,-91.06269108,-26.90416,-27.67469,-17.778206,-15.970818
CTGATACGGCGTAGGTCCGA,20,8113,1,2.2,,,,,,,,,,-83.48931069,-27.411102,-26.82592,-20.410492,-19.773247
CTGTTACCGGGTATCACCGA,20,4644,2,4.39,,,,,,,,,,-92.76268655,-26.978233,-26.379227,-18.605171,-15.198589
CTGCTTCCCGCAAGGTCCGA,20,8113,1,2.2,,,,,,,,,,-88.25309361,-28.204033,-28.628952,-19.674744,-20.993725
CTGTTATCGGGTAGATGCGA,20,8113,1,2.2,,,,,,,,,,-87.47486353,-27.267494,-26.69223,-21.335022,-22.021198
CTGTTGCCGGGTGATTCCGA,20,8113,1,2.2,,,,,,,,,,-85.90068059,-28.065468,-26.370888,-21.119202,-18.25941
CTGGTACCCGGTAGTTCCGA,20,4644,2,4.39,,,,,,,,,,-85.78488122,-27.71556,-26.31437,-18.536781,-19.08221
CTGTTACCGTTTAGGTCCGA,20,2216,6,13.17,,,,,,,,,,-84.10035471,-27.81475,-26.543892,-21.974152,-19.719616
CTGATTCCGGGTGGGTCCGA,20,8113,1,2.2,,,,,,,,,,-83.53174102,-27.895363,-27.203377,-22.351143,-18.59591
CTGATACCGGATTGGTCCGA,20,2923,4,8.78,,,,,,,,,,-92.57170668,-26.846985,-24.583046,-16.829498,-12.407703
CTGCTACTGGGCTGGTCCGA,20,8113,1,2.2,,,,,,,,,,-92.66055991,-27.451637,-26.683563,-20.709518,-18.615032
CTGTTACCCGCCAGGTCCGA,20,8113,1,2.2,,,,,,,,,,-89.8040588,-28.26625,-28.839493,-19.192749,-19.765488
CTGTTACCGGCTATACCCGA,20,8113,1,2.2,,,,,,,,,,-94.95806532,-26.7584,-26.30278,-17.838943,-15.419136
CTGATACCGGGGAAATCCGA,20,8113,1,2.2,,,,,,,,,,-101.3686826,-26.646576,-27.01764,-16.022217,-11.139248
CTGTAACCGGGTAGATTCGA,20,8113,1,2.2,,,,,,,,,,-82.38204334,-27.747803,-27.860313,-23.105652,-21.442196
CTGTTACCAGGAAGGGCCGA,20,3487,3,6.59,,,,,,,,,,-85.60197893,-27.148613,-27.95874,-23.141266,-22.12804
CTGCTACCGGTTACGACCGA,20,8113,1,2.2,,,,,,,,,,-97.17302405,-26.805199,-26.733406,-16.128227,-12.705799
CTGTCACCGGGTAGCTCCGA,20,787,21,46.1,,,,,,,,,,-86.7755423,-27.912895,-27.92044,-23.075302,-19.161587
CTGATACCGGGAACATCCGA,20,2923,4,8.78,,,,,,,,,,-100.0180513,-26.459618,-26.732918,-15.940697,-11.560387
CTGCTACCGGGGATATCCGA,20,8113,1,2.2,,,,,,,,,,-102.9867831,-27.158287,-26.994057,-14.863976,-11.41367
CTGTTTCCGTCTAGGTCCGA,20,8113,1,2.2,,,,,,,,,,-75.06930269,-28.569778,-26.969475,-23.325775,-21.894585
CTGTTACCGGGTAGTGCCGA,20,1303,12,26.34,,,,,,,,,,-92.79426514,-26.974495,-26.160912,-18.191574,-16.166618
CTGTTACCGGTTAGTACCGA,20,2923,4,8.78,,,,,,,,,,-92.36524813,-27.012695,-25.80146,-19.2341,-16.178593
CTGTAACCGGCAAAACCCGA,20,8113,1,2.2,,,,,,,,,,-94.27585412,-26.093544,-28.168404,-22.972908,-20.494884
CTGCTACCGGGTAGACTCGA,20,8113,1,2.2,,,,,,,,,,-97.80177782,-27.574806,-28.391174,-17.727959,-15.638199
CTGTTACCGGGATGTTCCGA,20,3487,3,6.59,,,,,,,,,,-94.42060882,-27.321571,-25.652214,-17.508736,-14.368187
CTGTTACCGGTCAAATCCGA,20,8113,1,2.2,,,,,,,,,,-100.1518419,-26.951721,-26.132141,-16.788597,-13.062508
CTGTTACCGGCTAGCACCGA,20,3487,3,6.59,,,,,,,,,,-92.70689112,-27.120506,-27.65828,-18.436783,-15.186012
CTGTTACCTGGTAAGCCCGA,20,8113,1,2.2,,,,,,,,,,-89.64769039,-26.70494,-26.201271,-19.887672,-18.232883
CTGTTACTGGCTAGGACCGA,20,4644,2,4.39,,,,,,,,,,-86.95314693,-26.86126,-26.705925,-21.725868,-19.363167
CTGCTACCGGACGGTTCCGA,20,8113,1,2.2,,,,,,,,,,-95.01473265,-27.539948,-27.485489,-17.999107,-13.705536
CTGCTACCGGCTATGGCCGA,20,8113,1,2.2,,,,,,,,,,-98.1922711,-27.073326,-26.719742,-14.016846,-10.440315
CTGTTTCCGTCTCGGTGCGA,20,8113,1,2.2,,,,,,,,,,-70.65115156,-28.545502,-27.654312,-24.51934,-23.091293
CTGTTACCGCTTAGATCCGA,20,8113,1,2.2,,,,,,,,,,-90.19468524,-27.565826,-26.416847,-18.32129,-17.827663
CTGCTACCGGTTACTTCCGA,20,8113,1,2.2,,,,,,,,,,-96.69267253,-27.488205,-26.100647,-17.118744,-13.960194
CTGTTACGGGGTTGTTCCGA,20,4644,2,4.39,,,,,,,,,,-83.23014015,-27.576332,-25.322853,-20.551277,-19.115559
CTGAAACCGGTTAGGTGCGA,20,8113,1,2.2,,,,,,,,,,-83.56826974,-27.072174,-26.983162,-23.256851,-22.057468
CTGCTACCGGGTATCTCCGA,20,1063,15,32.93,,,,,,,,,,-99.72247711,-27.6072,-27.040321,-16.167168,-12.638393
CTGTTACCGGCAGCATCCGA,20,8113,1,2.2,,,,,,,,,,-98.62777224,-27.139595,-27.659561,-17.390015,-13.671375
CTGTCACCGGGGAGATCCGA,20,3487,3,6.59,,,,,,,,,,-90.16146335,-27.675613,-28.267914,-22.883293,-18.232243
CTGTTACCTAGTTGGTCCGA,20,8113,1,2.2,,,,,,,,,,-73.58494065,-27.273766,-25.095345,-21.546303,-22.786522
CTGCTACCGCATAGGTCCGA,20,8113,1,2.2,,,,,,,,,,-95.32551679,-27.304573,-27.015617,-15.670052,-14.9770355
CTGCTACCGTGTAGGGCCGA,20,8113,1,2.2,,,,,,,,,,-87.86515226,-27.138786,-27.32026,-19.226097,-18.722336
CTGGTACCGGGAAGGTCCGA,20,3487,3,6.59,,,,,,,,,,-98.77879951,-27.407227,-27.393372,-18.492172,-15.5980835
CTGTCACCGAGTAGGACCGA,20,8113,1,2.2,,,,,,,,,,-78.60107409,-27.182693,-27.691223,-25.324417,-23.108746
CTGTTACCGGGATGGACCGA,20,3487,3,6.59,,,,,,,,,,-94.79733504,-26.943344,-26.888054,-18.23056,-13.64452
CTGATACCGGGTGGCACCGA,20,3487,3,6.59,,,,,,,,,,-90.12803722,-26.678665,-27.1447,-19.269829,-15.230629
CTGTCACCGGCTAGGGCCGA,20,8113,1,2.2,,,,,,,,,,-85.7070872,-27.83316,-28.739517,-24.522972,-20.29972
CTGTTACCGGGAAACCCCGA,20,8113,1,2.2,,,,,,,,,,-99.69646813,-26.756424,-27.757225,-17.927322,-14.533852
CTGCTGCCGGGTAGTTCCGA,20,8113,1,2.2,,,,,,,,,,-90.85282203,-28.148079,-27.27259,-19.95813,-17.076538
CTGCTACCGGCTACCTCCGA,20,8113,1,2.2,,,,,,,,,,-97.35259592,-27.750664,-28.268234,-16.17456,-12.949963
CTGTTGCCAGGTAGGTGCGA,20,8113,1,2.2,,,,,,,,,,-73.53085932,-27.77903,-27.362785,-24.376648,-24.99306
CTGTTACCGGTTATTTCGGA,20,8113,1,2.2,,,,,,,,,,-87.57160993,-28.091751,-27.014748,-21.982079,-21.771511
CTGATACCGCGAACGTCCGA,20,8113,1,2.2,,,,,,,,,,-93.36007257,-27.043182,-27.91211,-17.496033,-15.884937
CTGATACCGCGTAGTTGCGA,20,3487,3,6.59,,,,,,,,,,-92.40812649,-27.183388,-26.307648,-17.667152,-14.355072
CTGTTACCGTGTTGGTGCGA,20,8113,1,2.2,,,,,,,,,,-84.28549531,-27.131783,-25.468033,-20.118683,-18.199436
CTGTTACCAGGCATGTCCGA,20,8113,1,2.2,,,,,,,,,,-86.93953297,-27.153526,-26.468819,-21.114296,-19.099411
CTGCAACCGGTTAGGCCCGA,20,8113,1,2.2,,,,,,,,,,-88.08352323,-27.156914,-27.672874,-22.63285,-19.997776
CTGTTATCACGTAGGTCCGA,20,8113,1,2.2,,,,,,,,,,-74.23381774,-27.329407,-26.70176,-24.731102,-25.306181
CTGTTACCGGGTGAGGCCGA,20,2500,5,10.98,,,,,,,,,,-94.98814472,-27.243149,-27.593315,-18.41127,-15.520821
CTGCTACCGGAGAGCTCCGA,20,8113,1,2.2,,,,,,,,,,-98.64366308,-27.480026,-28.407196,-15.557686,-12.631329
CTGTTATCGCGTAGGTGCGA,20,8113,1,2.2,,,,,,,,,,-85.82753383,-27.471008,-27.544685,-22.885345,-19.408478
CTGTTTCCGGATTAGGCCGA,20,8113,1,2.2,,,,,,,,,,-83.1368143,-27.739006,-26.796013,-22.442436,-20.812794
CTGCTACCGGGTGATGCCGA,20,8113,1,2.2,,,,,,,,,,-98.7957148,-26.707802,-26.024117,-14.771477,-12.461624
CTGTTACTGGGGAGGCCCGA,20,4644,2,4.39,,,,,,,,,,-87.66559733,-27.133972,-27.692299,-23.022514,-21.582066
CTGTTACCGGGGAGCCCCGA,20,3487,3,6.59,,,,,,,,,,-93.75976572,-27.553703,-28.813072,-20.422806,-16.9576
CTGCTATCGCGAAGGTCCGA,20,8113,1,2.2,,,,,,,,,,-93.50447262,-27.409538,-27.845802,-19.861244,-20.24675
CTGTTACCGGATAGAACCGA,20,1999,7,15.37,,,,,,,,,,-96.31147289,-26.410782,-26.20031,-17.893867,-14.070232
CTGCTACTGGCTAGGTCCGA,20,4644,2,4.39,,,,,,,,,,-95.29373708,-27.233627,-26.522911,-18.879417,-16.720943
CTGTTACTGGGTAGGTCGGA,20,2923,4,8.78,,,,,,,,,,-84.85505299,-27.786171,-27.10186,-22.853233,-21.415283
CTGGTACTGGGCAGGTCCGA,20,8113,1,2.2,,,,,,,,,,-87.03617775,-27.361893,-27.116974,-23.092918,-21.703083
CTGATTCCGGGTAAGTTCGA,20,8113,1,2.2,,,,,,,,,,-84.33764371,-28.12918,-27.8479,-22.50824,-21.177475
CTGATACGGGGTAGATCCGA,20,4644,2,4.39,,,,,,,,,,-90.96418439,-26.93937,-25.960968,-19.224525,-16.421299
CTGCTACCGGGATGTACCGA,20,8113,1,2.2,,,,,,,,,,-98.7720809,-26.68151,-26.307457,-15.237343,-12.110931
CTGCAACCGCGTAGGTCCGA,20,3487,3,6.59,,,,,,,,,,-88.44300321,-27.547752,-27.92974,-19.939812,-19.66756
CTGTTACCGGGTAGCTCGGA,20,1657,9,19.76,,,,,,,,,,-90.95863981,-28.069023,-28.32566,-19.997955,-18.886696
CTGTTACCGAAGAGGTCCGA,20,8113,1,2.2,,,,,,,,,,-86.660782,-27.36866,-27.423569,-20.113297,-18.778816
CTGTTACCGCGTAGGCCCGA,20,2500,5,10.98,,,,,,,,,,-90.25140321,-27.428177,-27.984077,-19.503006,-18.702404
CTGTTACCGGGCTGCACCGA,20,4644,2,4.39,,,,,,,,,,-88.48763544,-27.246979,-27.62709,-20.347664,-16.839703
CTGTTTCCGATTAGGTCCGA,20,8113,1,2.2,,,,,,,,,,-75.00895818,-28.199608,-26.838867,-24.453087,-23.632645
CTGTTACCAGCCAGGTCCGA,20,4644,2,4.39,,,,,,,,,,-85.39733023,-27.534203,-27.672493,-21.565674,-19.972675
CTGGTACCGGGAACGTCCGA,20,8113,1,2.2,,,,,,,,,,-97.56845171,-27.23764,-27.835976,-18.702988,-15.86047
CTGTTACCGCATAGTTCCGA,20,8113,1,2.2,,,,,,,,,,-88.5485305,-27.356346,-25.685425,-17.928528,-17.460526
CTGTTACCGGGCCTGTCCGA,20,3487,3,6.59,,,,,,,,,,-90.22806474,-28.254196,-27.883041,-20.513,-15.844521
CTGTTACCGGCACGCTCCGA,20,8113,1,2.2,,,,,,,,,,-92.9459521,-27.870918,-29.006866,-19.07074,-15.0708275
CTGCTACCGGTTAGGTTCGA,20,8113,1,2.2,,,,,,,,,,-93.73174056,-28.140335,-27.371117,-18.99527,-17.893066
CTGTAACCCGGAAGATCCGA,20,8113,1,2.2,,,,,,,,,,-86.6123037,-27.289238,-28.253342,-22.573265,-23.040825
CTGTTACTGGGTATTTCCGA,20,4644,2,4.39,,,,,,,,,,-85.29800189,-27.191818,-25.345848,-22.027618,-20.083675
CTGTTTCCGGAGACGTCCGA,20,8113,1,2.2,,,,,,,,,,-85.38789901,-28.059029,-28.029724,-22.099327,-19.034245
CTGGTACCGGGGAAGTCCGA,20,4644,2,4.39,,,,,,,,,,-99.28451211,-27.371162,-27.997452,-18.701569,-15.600407
CTGTTACCCGGAAGGGCCGA,20,4644,2,4.39,,,,,,,,,,-89.14526317,-27.528313,-28.7697,-20.590935,-21.263863
CTGTTACCCGGGATGTCCGA,20,4644,2,4.39,,,,,,,,,,-91.20831895,-27.576813,-27.225586,-18.479225,-18.0878
CTGTTACCGCGTTGTTCCGA,20,4644,2,4.39,,,,,,,,,,-85.74090114,-27.633888,-25.339882,-17.816826,-18.387306
CTGCTACCGGCGCGGACCGA,20,8113,1,2.2,,,,,,,,,,-95.78419055,-27.465782,-29.895584,-18.556244,-13.117489
CTGTAACCGGGAAGGACCGA,20,8113,1,2.2,,,,,,,,,,-89.74640862,-26.96489,-28.722221,-24.218971,-20.591759
CTGCTACCGGCTGGTTCCGA,20,4644,2,4.39,,,,,,,,,,-95.50815545,-27.710487,-26.574684,-15.832443,-12.468864
CTGTTTCCGGGATAGTCCGA,20,8113,1,2.2,,,,,,,,,,-90.50675389,-27.985039,-26.80346,-20.557,-16.863495
CTGATACCGGGTACTACCGA,20,8113,1,2.2,,,,,,,,,,-92.61032084,-26.474083,-26.232513,-18.075523,-14.136261
CTGTTTCCTGATAGGTCCGA,20,8113,1,2.2,,,,,,,,,,-74.4378816,-27.787666,-26.189934,-24.191292,-23.659016
CTGTTATCGGGTAGGACCGA,20,1205,13,28.54,,,,,,,,,,-87.45217099,-27.313225,-27.271599,-22.257156,-19.343628
CTGCTACGGGATAGGTCCGA,20,8113,1,2.2,,,,,,,,,,-94.10313408,-27.324593,-26.642677,-18.143478,-15.620583
CTGTTACCCGGTCAGTCGGA,20,8113,1,2.2,,,,,,,,,,-94.04946669,-28.405716,-28.647888,-20.051094,-17.019821
CTGTTACCGGAGGGGTCCGA,20,8113,1,2.2,,,,,,,,,,-93.54607789,-27.804466,-28.417236,-20.547173,-15.827801
CTGCTACGGGGTAGTCCCGA,20,8113,1,2.2,,,,,,,,,,-93.85195025,-27.325554,-27.131859,-18.711098,-16.48505
CTGTTACCGCATAGATGCGA,20,8113,1,2.2,,,,,,,,,,-95.21380842,-26.870155,-26.501465,-17.375145,-14.120342
CTGATACCGTGTAGGTCCGA,20,2216,6,13.17,,,,,,,,,,-87.13328762,-27.090424,-25.733093,-19.145088,-16.274307
CTGTTTCCGGTTGGGTCCGA,20,8113,1,2.2,,,,,,,,,,-80.45633531,-28.438248,-27.036919,-23.511902,-20.593372
CTGCTACCGGCCAGATCCGA,20,8113,1,2.2,,,,,,,,,,-101.682105,-27.351105,-27.713089,-14.737877,-11.787937
CTGTTACCGGGTTGAACCGA,20,2500,5,10.98,,,,,,,,,,-93.56354238,-26.746475,-25.81746,-17.609337,-14.271622
CTGCTACCGGTTCGATCCGA,20,8113,1,2.2,,,,,,,,,,-97.94264637,-27.398514,-26.045181,-16.042435,-12.647961
CTGATTCTCGATTGATCCGA,20,8113,1,2.2,,,,,,,,,,-68.67392275,-26.978714,-24.529282,-23.421799,-24.67577
CTGTTACCCGGGAGTTCGGA,20,8113,1,2.2,,,,,,,,,,-91.50606573,-28.506836,-29.368004,-20.85611,-18.146385
CTGTTACCGTATACGTGCGA,20,8113,1,2.2,,,,,,,,,,-85.15454356,-26.879791,-26.338135,-20.998573,-18.811253
CTGATACCGGGACGGACCGA,20,4644,2,4.39,,,,,,,,,,-93.16678166,-26.7276,-28.17015,-19.616539,-13.814938
CTGTTACCGGACCAATCCGA,20,8113,1,2.2,,,,,,,,,,-96.65881378,-26.958794,-26.81205,-18.084557,-14.273888
CTGTTACCCGATAGGTCCGA,20,2923,4,8.78,,,,,,,,,,-90.27671893,-27.59069,-26.851303,-18.80185,-19.036415
CTGCTTCCGGACAGGACCGA,20,8113,1,2.2,,,,,,,,,,-87.75503933,-27.384567,-28.206894,-20.309776,-18.520962
CTGCTACCGGGCATATCCGA,20,8113,1,2.2,,,,,,,,,,-102.220749,-27.108284,-27.031868,-15.343361,-11.885548
CTGTTACCAGGTTACTCCGA,20,8113,1,2.2,,,,,,,,,,-87.32862085,-27.290611,-26.067139,-21.47927,-19.543095
CTGTTACCGGCTAAGACCGA,20,787,21,46.1,,,,,,,,,,-99.22682095,-27.015808,-27.46064,-16.682846,-12.563499
CTGTTACCGGAAAGGACCGA,20,2500,5,10.98,,,,,,,,,,-96.53913229,-26.749977,-27.58863,-18.511116,-14.6489525
CTGATACCGGGCAAATCCGA,20,4644,2,4.39,,,,,,,,,,-100.2318884,-26.550125,-26.80629,-16.698067,-11.932224
CTGATACCGGCTAGCGCCGA,20,4644,2,4.39,,,,,,,,,,-90.79577523,-26.995247,-27.870773,-19.195656,-14.158375
CTGCTACCGGGGTGCTCCGA,20,4644,2,4.39,,,,,,,,,,-97.78594024,-27.739891,-27.717842,-16.181389,-12.485306
CTGTTACCGGGTTCAACCGA,20,8113,1,2.2,,,,,,,,,,-93.21653076,-26.910393,-25.926407,-17.554825,-14.336388
CTGTTACCGCGTAGGGGCGA,20,8113,1,2.2,,,,,,,,,,-88.04452239,-27.804466,-29.164696,-20.610703,-17.8096
CTGTTACCGTATAGGTGCGA,20,4644,2,4.39,,,,,,,,,,-86.07038472,-27.112457,-26.32409,-20.986954,-19.006172
CTGCTACCGGGTGTTTCCGA,20,8113,1,2.2,,,,,,,,,,-96.58062269,-27.662186,-26.118088,-17.19632,-13.964706
CTGCTACCGGATCGGACCGA,20,8113,1,2.2,,,,,,,,,,-94.43747474,-26.949677,-27.763779,-17.637016,-13.271061
CTGTTACGGGGTAGGCCCGA,20,2923,4,8.78,,,,,,,,,,-88.90061743,-27.330383,-27.597946,-21.457466,-19.525505
CTGTTATCGGGTACGACCGA,20,8113,1,2.2,,,,,,,,,,-86.91444968,-27.113136,-26.660126,-21.01976,-18.115162
CTGATACCGTGTACGTCCGA,20,4644,2,4.39,,,,,,,,,,-86.06472463,-26.926888,-25.898987,-19.32103,-16.705902
CTGTTACGGGATAGGTTCGA,20,8113,1,2.2,,,,,,,,,,-80.7942017,-27.985397,-27.143341,-22.528915,-21.534103
CTGCTACCGGGGGGGCCCGA,20,8113,1,2.2,,,,,,,,,,-99.96254697,-27.742035,-29.889946,-19.383896,-15.223812
CTGTAACCCGGTAGGTCCGA,20,1397,11,24.15,,,,,,,,,,-82.81377591,-27.775795,-28.019936,-23.100922,-23.143894
CTGTTACCCCCTAGCTCCGA,20,8113,1,2.2,,,,,,,,,,-79.83324698,-28.774338,-28.94336,-20.194527,-24.128658
CTGGTACCTGGTAAGTCCGA,20,8113,1,2.2,,,,,,,,,,-89.78662492,-27.113792,-26.332504,-20.716248,-19.848183
CTGAAACCGGGGAGCGCCGA,20,8113,1,2.2,,,,,,,,,,-83.66742089,-27.030579,-29.393417,-26.365005,-24.236382
CTGATACCCGGTAGGTGCGA,20,8113,1,2.2,,,,,,,,,,-88.92059544,-27.15001,-27.329712,-18.999092,-21.014671
CTGTTGCCGGGGAGGACCGA,20,8113,1,2.2,,,,,,,,,,-85.86100022,-27.937714,-28.986092,-22.900177,-19.457962
CTGTTACCGGACCGGACCGA,20,8113,1,2.2,,,,,,,,,,-87.47540405,-27.239952,-28.506638,-21.157654,-16.397888
CTGCTACCGGCTAGATTCGA,20,4644,2,4.39,,,,,,,,,,-97.22860517,-27.8648,-28.065475,-16.729836,-15.959393
CTGTTACCGGCGATGGCCGA,20,8113,1,2.2,,,,,,,,,,-94.46956491,-27.126282,-27.257019,-16.76767,-12.978645
CTGTTACCGGTAGGGTCCGA,20,2923,4,8.78,,,,,,,,,,-95.54888831,-27.775307,-27.250687,-19.511658,-14.967072
CTGCTACCGGGTCAGGCCGA,20,4644,2,4.39,,,,,,,,,,-98.85494781,-27.374428,-27.876755,-15.412331,-13.337406
CTGATACCGGGCACGACCGA,20,4644,2,4.39,,,,,,,,,,-92.79389148,-26.796883,-28.225044,-19.070824,-14.162537
CTGATACCGTGTGGATCCGA,20,8113,1,2.2,,,,,,,,,,-85.17547432,-26.862038,-25.157204,-18.504784,-16.883816
CTGTTTCCGGTTAGATCCGA,20,8113,1,2.2,,,,,,,,,,-87.36751058,-27.968056,-26.14875,-21.883347,-19.43647
CTGCTACCGGCCGGGTCCGA,20,8113,1,2.2,,,,,,,,,,-96.25758743,-28.248688,-29.35279,-18.267906,-14.214577
CTGTTACCTGAAAGGTCCGA,20,4644,2,4.39,,,,,,,,,,-87.85033275,-27.112282,-26.566742,-20.974686,-19.681896
CTGTTACCGGAGAGATCCGA,20,2500,5,10.98,,,,,,,,,,-98.05036911,-27.133621,-26.978859,-16.435272,-13.219845
CTGTTACCGCATGGGTGCGA,20,4644,2,4.39,,,,,,,,,,-90.69472486,-27.389168,-27.361008,-19.607452,-16.20346
CTGGTACCGGGTGGGTCCGA,20,2500,5,10.98,,,,,,,,,,-93.81295932,-27.611412,-27.066116,-19.88871,-16.465546
CTGTTATCGGGTAAATCCGA,20,8113,1,2.2,,,,,,,,,,-94.30991979,-27.1156,-26.016747,-19.930305,-17.263256
CTGTTACCGGTGACGACCGA,20,4644,2,4.39,,,,,,,,,,-92.55933541,-26.978073,-27.040169,-18.612183,-14.460419
CTGTTACCGGGGACGGCCGA,20,4644,2,4.39,,,,,,,,,,-92.95841017,-27.428894,-28.558151,-19.221893,-17.163864
CTGATACCTGGTAGTTCCGA,20,8113,1,2.2,,,,,,,,,,-84.76916201,-26.916412,-24.930428,-19.532806,-18.145187
CTGTAACCGGGTATGGCCGA,20,4644,2,4.39,,,,,,,,,,-83.2911329,-26.857079,-26.641022,-21.654854,-19.89473
CTGATACCGGTTGGGCCCGA,20,8113,1,2.2,,,,,,,,,,-89.64630628,-27.057274,-26.906456,-20.09214,-16.346684
CTGTTACCGAATAGGACCGA,20,8113,1,2.2,,,,,,,,,,-85.53557554,-26.719612,-26.819656,-20.698204,-19.499256
CTGTTACCGGGAAAGGCCGA,20,2216,6,13.17,,,,,,,,,,-99.37587145,-26.958298,-27.63691,-16.53141,-14.415741
CTGTTACCTGGTCGGCCCGA,20,8113,1,2.2,,,,,,,,,,-81.27784111,-27.534119,-27.274529,-22.72216,-20.588165
CTGATACCGGGGTGGCCCGA,20,8113,1,2.2,,,,,,,,,,-94.95057831,-26.89582,-27.156654,-18.822205,-14.216209
CTGATACCCGGTAGCTCCGA,20,8113,1,2.2,,,,,,,,,,-89.42139012,-27.382797,-27.220322,-18.543121,-18.321594
CTGTTGCCGGGAGGGTCCGA,20,8113,1,2.2,,,,,,,,,,-87.30027622,-28.46125,-28.798393,-22.76165,-19.224457
CTGTTTCCGGATAGGACCGA,20,8113,1,2.2,,,,,,,,,,-82.80942344,-27.524704,-27.03321,-21.887344,-19.58741
CTGTCACCGGGTAGAACCGA,20,8113,1,2.2,,,,,,,,,,-88.65614434,-26.906013,-27.38491,-23.251373,-18.960693
CTGCTACCGGGTATATTCGA,20,8113,1,2.2,,,,,,,,,,-95.74308076,-27.63649,-27.285118,-17.691727,-16.652775
CTGTTACCGGTGAGGACCGA,20,3487,3,6.59,,,,,,,,,,-93.5942559,-27.192184,-27.36441,-19.192787,-15.016441
CTGATACCGGCTCGGGCCGA,20,8113,1,2.2,,,,,,,,,,-89.12348849,-27.582558,-28.626648,-20.820992,-15.235359
CTGATACTCGGTAGGTCCGA,20,4644,2,4.39,,,,,,,,,,-84.23643184,-26.963814,-26.141754,-21.162148,-21.354362
CTGATACCGGGTTGGTCGGA,20,8113,1,2.2,,,,,,,,,,-90.79727075,-27.59974,-26.15126,-18.628357,-17.199566
CTGTTACCGGGGAGGGCCGA,20,484,36,79.03,,,,,,,,,,-93.21403239,-27.537254,-28.717453,-20.154938,-17.659698
CTGATACCGGGCAGGACCGA,20,484,36,79.03,,,,,,,,,,-94.24667697,-26.87291,-28.091545,-19.703598,-14.394318
CTGCTACCGGGGAGACCCGA,20,3487,3,6.59,,,,,,,,,,-104.0737157,-27.013832,-28.453636,-15.576035,-11.804424
CTGTTACCGGAGACATCCGA,20,8113,1,2.2,,,,,,,,,,-97.57226743,-26.94152,-27.101326,-16.876747,-14.197102
CTGTTTCCGGTTACATCCGA,20,8113,1,2.2,,,,,,,,,,-87.15344143,-27.638268,-25.73848,-21.439484,-18.977364
CTGTTACGGGACAGGTCCGA,20,8113,1,2.2,,,,,,,,,,-86.59416441,-27.486977,-27.314903,-21.14531,-18.528412
CTGTTACCTGGTTGATCCGA,20,2923,4,8.78,,,,,,,,,,-83.69566846,-26.97873,-24.437874,-18.734047,-17.556618
CTGTTACCGATTAGATCCGA,20,8113,1,2.2,,,,,,,,,,-88.64300461,-27.115875,-25.56636,-19.445183,-18.243114
CTGTTACCGTATAGCTCCGA,20,8113,1,2.2,,,,,,,,,,-82.68780679,-27.30539,-26.193504,-20.590103,-19.463058
CTGATACTCGGTCGGTGCGA,20,8113,1,2.2,,,,,,,,,,-75.11818297,-27.091766,-27.054977,-23.51004,-25.600748
CTGTTACTGTATAGGTCCGA,20,8113,1,2.2,,,,,,,,,,-76.87294897,-26.947075,-25.449898,-23.650986,-22.45446
CTGTCACCGCGTAGTTCCGA,20,8113,1,2.2,,,,,,,,,,-80.48579143,-27.947098,-27.186234,-22.721405,-21.817284
CTGATACCGGGGCGATCCGA,20,8113,1,2.2,,,,,,,,,,-95.026846,-27.273918,-27.749481,-18.351494,-13.50658
CTGTTACCGGAAAAATCCGA,20,8113,1,2.2,,,,,,,,,,-103.7681284,-26.451332,-26.349892,-15.835434,-12.415733
CTGTTACCGGTAGCGTCCGA,20,4644,2,4.39,,,,,,,,,,-94.80136918,-27.575974,-27.343452,-19.426376,-14.749783
CTGTTACCGGTTCGCTCCGA,20,4644,2,4.39,,,,,,,,,,-87.71350988,-27.979301,-26.910385,-20.181969,-16.713245
CTGCTACCGGGTTGCACCGA,20,4644,2,4.39,,,,,,,,,,-95.52380749,-26.822662,-26.31675,-16.21334,-12.800079
CTGCCACGGGGTAGGTCCGA,20,8113,1,2.2,,,,,,,,,,-89.5630057,-27.914368,-27.445877,-22.83191,-20.334423
CTGTTACCGGGAAGTTCGGA,20,8113,1,2.2,,,,,,,,,,-93.30716573,-28.091278,-28.371475,-20.02021,-18.569473
CTGCTACCGGCAAGTTCCGA,20,2216,6,13.17,,,,,,,,,,-102.4738948,-27.302452,-27.13253,-14.244514,-11.131161
CTGTTACCAGGTAGGTCGGA,20,2216,6,13.17,,,,,,,,,,-88.50354195,-27.882256,-27.544212,-21.961487,-20.03822
CTGTCACCGCGTAGATGCGA,20,8113,1,2.2,,,,,,,,,,-85.75343706,-27.40995,-27.785698,-21.771172,-18.359749
CTGTTACTGGTTCGGTCCGA,20,4644,2,4.39,,,,,,,,,,-82.81342593,-27.467018,-25.682106,-22.900894,-20.187412
CTGTTACCGGTTGGATCCGA,20,1800,8,17.56,,,,,,,,,,-94.57102711,-27.33776,-25.55494,-18.022232,-14.36491
CTGTTACTGTGTTGGTCCGA,20,8113,1,2.2,,,,,,,,,,-76.04911499,-26.972908,-24.745834,-22.820343,-22.654385
CTGTTTCCAGTTAGTTCCGA,20,4644,2,4.39,,,,,,,,,,-74.10779072,-28.050377,-25.685097,-25.127632,-24.117786
CTGTTACCGGGATAATCCGA,20,8113,1,2.2,,,,,,,,,,-100.6449503,-26.947723,-26.131264,-16.249146,-12.266674
CTGTTACCGGTCAGTTCCGA,20,2500,5,10.98,,,,,,,,,,-92.52023408,-27.768822,-26.31221,-18.521957,-15.182854
CTGATACCGGGTATGCCCGA,20,1800,8,17.56,,,,,,,,,,-96.46940066,-26.33535,-25.448776,-16.53978,-12.246246
CTGTTACCGGCGAAGTCCGA,20,514,34,74.64,,,,,,,,,,-101.1370072,-27.43425,-28.034126,-16.366302,-11.76709
CTGTTTCTGGTCACGTCCGA,20,8113,1,2.2,,,,,,,,,,-74.77112881,-28.093323,-26.741188,-24.748535,-22.626976
CTGTTACCGGTTAGCTGCGA,20,8113,1,2.2,,,,,,,,,,-89.90051947,-27.398308,-26.849045,-19.507576,-19.388908
CTGTTACCGGCTCGTTCCGA,20,2923,4,8.78,,,,,,,,,,-90.31086237,-28.16365,-27.090988,-19.176407,-15.28334
CTGCTACCGGGTATGTGCGA,20,8113,1,2.2,,,,,,,,,,-98.95470339,-27.075249,-26.224365,-15.189713,-14.25906
CTGATACCGGGGAGTTCCGA,20,1999,7,15.37,,,,,,,,,,-95.49195131,-27.369278,-27.088669,-17.635704,-13.684414
CTGTCACCCGGTAGGTCCGA,20,1205,13,28.54,,,,,,,,,,-83.4140119,-28.19651,-28.049576,-23.773254,-22.425095
CTGTTACCGGCGGGGACCGA,20,8113,1,2.2,,,,,,,,,,-92.13959657,-27.603958,-29.6829,-20.939896,-16.148777
CTGTTTCCGGGTTGGACCGA,20,8113,1,2.2,,,,,,,,,,-79.95717205,-27.761482,-26.582748,-21.541122,-18.983646
CTGTTACCGGGGCCGCCCGA,20,8113,1,2.2,,,,,,,,,,-91.52617547,-27.987823,-29.434921,-21.494667,-17.4114
CTGCTACCGGAGCGGTCCGA,20,8113,1,2.2,,,,,,,,,,-97.27388778,-27.57119,-28.404266,-17.714264,-13.140015
CTGTTATCGGTCAGTCGCGA,20,8113,1,2.2,,,,,,,,,,-77.450842,-27.83847,-27.562805,-23.352173,-24.48803
CTGTTACCGGGTAAAGCCGA,20,4644,2,4.39,,,,,,,,,,-98.95515506,-26.683754,-26.623817,-16.427025,-14.346867
CTGTAACCGCGCAGGTCCGA,20,8113,1,2.2,,,,,,,,,,-83.06674937,-27.77272,-29.27568,-24.21939,-23.312435
CTGTTACCGGGGCGGCCCGA,20,3487,3,6.59,,,,,,,,,,-92.05857812,-27.763947,-29.325935,-21.485802,-17.314407
CTGATACCGGCTAGGCCCGA,20,1999,7,15.37,,,,,,,,,,-94.51811491,-27.051338,-27.49604,-18.330444,-14.142864
CTGATACCAGGTAAGTCCGA,20,2923,4,8.78,,,,,,,,,,-93.69612145,-26.74253,-26.15857,-19.660805,-16.306866
CTGATACCGGGAAATTCCGA,20,8113,1,2.2,,,,,,,,,,-99.65525795,-26.741875,-26.373634,-16.149475,-12.017746
CTGGTACTGGGTAGTTCCGA,20,4644,2,4.39,,,,,,,,,,-85.02899159,-27.188889,-25.189545,-21.126198,-17.93663
CTGGTACCGGATAGCCCCGA,20,8113,1,2.2,,,,,,,,,,-88.2147677,-26.828972,-26.962517,-20.391037,-18.343155
CTGCTACCGGTGAACTCCGA,20,8113,1,2.2,,,,,,,,,,-101.9023829,-27.1884,-27.408798,-15.193649,-11.691437
CTGTTGCCGGGTGGATCCGA,20,8113,1,2.2,,,,,,,,,,-85.60886346,-27.920204,-26.814377,-20.621536,-18.027645
CTGTTACCGGGTCGGTCGGA,20,8113,1,2.2,,,,,,,,,,-89.37275707,-28.434395,-28.27073,-20.7705,-18.894352
CTGTTACCTGGTAGGGCCGA,20,2923,4,8.78,,,,,,,,,,-82.50924883,-27.214859,-26.991112,-22.113205,-21.619911
CTGTTACCAGTTAGCTCCGA,20,8113,1,2.2,,,,,,,,,,-83.71978892,-27.448532,-26.377571,-22.187752,-20.951672
CTGCTACCGGGAATTTCCGA,20,8113,1,2.2,,,,,,,,,,-101.5204273,-27.367752,-26.9021,-15.471161,-12.713421
CTGTTACCGGTCACTTCCGA,20,8113,1,2.2,,,,,,,,,,-91.055797,-27.829308,-27.006851,-19.64515,-16.63572
CTGCTACCGCTTAAGTCCGA,20,8113,1,2.2,,,,,,,,,,-97.04145274,-27.509445,-27.543427,-16.123993,-15.191139
CTGGTACCGAGTAGGTCCGA,20,2923,4,8.78,,,,,,,,,,-87.73816948,-27.423706,-26.540176,-20.269455,-20.374466
CTGTTACCGGGCATCTCCGA,20,3487,3,6.59,,,,,,,,,,-93.03682708,-28.011322,-28.13784,-19.960175,-16.60241
CTGTTATCCGGTGGGTCCGA,20,8113,1,2.2,,,,,,,,,,-81.62308837,-27.819206,-27.34259,-24.00576,-23.90641
CTGCTACCGGTCAGGTCCGA,20,2216,6,13.17,,,,,,,,,,-99.32973217,-27.740707,-27.39811,-16.14296,-12.4178505
CTGTTATCGCGTAGCTCCGA,20,8113,1,2.2,,,,,,,,,,-81.99018756,-27.702438,-27.241524,-22.643692,-23.18985
CTGTTACCGGGTAATCCCGA,20,3487,3,6.59,,,,,,,,,,-97.56837514,-26.909966,-26.215096,-17.48809,-13.95702
CTGTTACGGGGTAGCGCCGA,20,8113,1,2.2,,,,,,,,,,-82.71537698,-27.24231,-27.833641,-22.469429,-21.618324
CTGTTACCGGGTAGGTGGGA,20,2216,6,13.17,,,,,,,,,,-89.01805916,-27.98333,-27.75756,-19.978065,-21.93591
CTGGTACCGGGCAGGTGCGA,20,8113,1,2.2,,,,,,,,,,-91.39470584,-27.425339,-28.349533,-21.196793,-21.205288
CTGTTACCGCACAGGTCCGA,20,8113,1,2.2,,,,,,,,,,-90.07214473,-27.429634,-27.77523,-18.957,-17.671574
CTGTTACCGGGTAAGCTCGA,20,8113,1,2.2,,,,,,,,,,-93.0216328,-27.582764,-27.776695,-19.248123,-17.582138
CTGTCACCGGTTTGGTCCGA,20,8113,1,2.2,,,,,,,,,,-83.47339344,-27.910385,-25.822662,-23.208733,-18.95427
CTGTTTCCGGCCAGGTTCGA,20,8113,1,2.2,,,,,,,,,,-77.96124415,-29.169739,-29.371246,-24.47879,-24.72881
CTGTTACCTGGATGGTCCGA,20,8113,1,2.2,,,,,,,,,,-85.45101161,-27.193535,-25.559883,-19.910759,-17.869778
CTGTTACCGGGGTGATCCGA,20,1063,15,32.93,,,,,,,,,,-95.64629696,-27.32991,-26.555069,-16.915306,-12.862072
CTGCTACCGGGGGGCGCCGA,20,8113,1,2.2,,,,,,,,,,-93.77806237,-27.755333,-29.92524,-19.704048,-16.920258
CTGTTACCGGTTGCATCCGA,20,8113,1,2.2,,,,,,,,,,-94.1538533,-27.089844,-25.28122,-17.781807,-14.045296
CTGTTACCAGGAAAGCCCGA,20,8113,1,2.2,,,,,,,,,,-94.16444359,-26.580116,-27.263062,-20.966667,-19.026478
CTGTTACCGGGACGGCCCGA,20,1800,8,17.56,,,,,,,,,,-94.66024871,-27.421135,-28.626457,-20.143951,-15.791416
CTGTTATCGGGAAGGTCCGA,20,872,19,41.71,,,,,,,,,,-92.48173661,-27.72361,-27.519073,-21.63787,-18.238083
CTGTTACCGGCTATTCCCGA,20,8113,1,2.2,,,,,,,,,,-91.00600353,-27.297066,-26.142998,-18.560234,-16.744308
CTGTTACTGAGTACGCCCGA,20,8113,1,2.2,,,,,,,,,,-77.14662613,-26.576569,-26.474876,-23.134743,-23.646297
CTGTTACCTGATTTGTCCGA,20,8113,1,2.2,,,,,,,,,,-80.6919292,-27.051811,-24.733337,-22.071953,-20.101696
CTGTTACTGGCCAAGTCCGA,20,8113,1,2.2,,,,,,,,,,-91.25324587,-27.215355,-26.63144,-20.432213,-18.623344
CTGTTACCGGGTAGAGCCGA,20,787,21,46.1,,,,,,,,,,-95.52519564,-27.012756,-27.016457,-17.918709,-15.825481
CTGTTACCGGTTAGAACCGA,20,4644,2,4.39,,,,,,,,,,-95.89961365,-26.793213,-26.239502,-18.544716,-15.139698
CTGATACCGGGAACTTCCGA,20,8113,1,2.2,,,,,,,,,,-96.25156091,-27.070877,-27.219002,-17.55275,-13.723675
CTGTTTCCGGGTAGCCCCGA,20,8113,1,2.2,,,,,,,,,,-82.81896841,-27.912766,-27.559608,-22.478706,-20.22993
CTGCTACCGGATAGTTCCGA,20,1063,15,32.93,,,,,,,,,,-99.33650587,-27.170044,-25.72123,-15.209595,-11.158962
CTGACACCGGGCAGGGCCGA,20,8113,1,2.2,,,,,,,,,,-85.1573672,-27.344925,-28.80729,-25.745392,-22.123646
CTGATTCTGGGAAGGTCCGA,20,8113,1,2.2,,,,,,,,,,-82.40719882,-27.486176,-26.931435,-24.158455,-21.755985
CTGTTACTGGTTCAGTCCGA,20,8113,1,2.2,,,,,,,,,,-87.5470327,-27.19654,-25.35131,-21.323273,-18.81789
CTGTTTCCGAATAGGTCCGA,20,8113,1,2.2,,,,,,,,,,-76.44983806,-27.852745,-26.680931,-23.497292,-22.930893
CTGTTACCGGGATCATCCGA,20,8113,1,2.2,,,,,,,,,,-97.61972361,-27.251648,-26.450546,-16.959503,-13.202606
CTGACACTGGGTTGGTCCGA,20,8113,1,2.2,,,,,,,,,,-79.57502456,-26.99398,-24.636421,-22.929451,-20.50607
CTGTTATCGGGCAGCTCCGA,20,8113,1,2.2,,,,,,,,,,-86.04566307,-27.960075,-28.2277,-23.48806,-21.358517
CTGCTACCGCTTAGGTCCGA,20,4644,2,4.39,,,,,,,,,,-92.82119518,-27.911423,-27.596504,-17.335571,-16.566212
CTGGTACCGAGTAAGTCCGA,20,8113,1,2.2,,,,,,,,,,-91.53246087,-27.182854,-26.72136,-19.961517,-19.989628
CTGATACGGGGTAGGACCGA,20,4644,2,4.39,,,,,,,,,,-88.19125187,-26.827698,-27.13079,-21.50708,-18.798866
CTGTTACCGCGTATCTCCGA,20,4644,2,4.39,,,,,,,,,,-88.56739545,-27.804253,-27.1912,-19.325348,-19.056435
CTGCTACCGGTCAAGTCCGA,20,3487,3,6.59,,,,,,,,,,-103.651742,-27.338707,-27.139511,-14.657799,-10.932808
CTGTAACCGGCTATGTCCGA,20,8113,1,2.2,,,,,,,,,,-86.43740206,-27.332756,-26.449951,-20.425018,-17.319557
CTGTCACCGGGAGGGTCCGA,20,4644,2,4.39,,,,,,,,,,-89.16543628,-28.150887,-28.743439,-24.85331,-19.483429
CTGTTACCGGCGACGTCCGA,20,597,28,61.47,,,,,,,,,,-96.1039669,-27.776222,-28.529854,-18.057526,-13.598755
CTGCTACCGGATACTTCCGA,20,4644,2,4.39,,,,,,,,,,-98.35558893,-27.108765,-26.316925,-16.004196,-12.543285
CTGTTACCGGGTAGTCCCGA,20,386,50,109.77,,,,,,,,,,-94.48499886,-27.294388,-26.582054,-18.48864,-14.927559
CTGTTACTGGATAGCTCCGA,20,4644,2,4.39,,,,,,,,,,-85.41307021,-26.960335,-25.782188,-21.011826,-18.210442
CTGGTACCGCGTAGGTGCGA,20,3487,3,6.59,,,,,,,,,,-91.9515492,-27.434013,-27.698189,-20.475388,-16.798878
CTGATACCGGTCATGTCCGA,20,8113,1,2.2,,,,,,,,,,-92.88135086,-27.045311,-25.50422,-17.336685,-12.70116
CTGTTTCCGGTGAGGTCCGA,20,8113,1,2.2,,,,,,,,,,-85.00544318,-28.295097,-27.390648,-22.465004,-19.056183
CTGTTACCGGGGCAGCCCGA,20,8113,1,2.2,,,,,,,,,,-96.75131746,-27.314941,-28.487556,-19.16143,-15.134552
CTGATACCGGCTAAGCCCGA,20,4644,2,4.39,,,,,,,,,,-98.18114908,-26.621368,-27.209251,-16.936775,-12.857262
CTGTTGCCGCGTAGTTCCGA,20,8113,1,2.2,,,,,,,,,,-78.33724188,-28.336914,-26.94397,-21.319107,-21.474216
CTGTTTCTGGGTACGCCCGA,20,8113,1,2.2,,,,,,,,,,-75.71866867,-27.49778,-26.784569,-23.560257,-22.778347
CTGTAACCGGGTACGTCCGA,20,1133,14,30.73,,,,,,,,,,-88.56373642,-27.401482,-27.716164,-22.28508,-18.484001
CTGTTACTGAGGAGGTCGGA,20,8113,1,2.2,,,,,,,,,,-75.85716509,-27.86985,-28.212357,-25.580238,-26.65692
CTGATACCGGGTACGTGCGA,20,4644,2,4.39,,,,,,,,,,-93.39343337,-26.821785,-26.871346,-17.830559,-15.591007
CTGTTACCGGCAGGGACCGA,20,8113,1,2.2,,,,,,,,,,-95.64034294,-27.311752,-28.921112,-19.388191,-15.131378
CTGTTGCCGAGGAGGTCCGA,20,8113,1,2.2,,,,,,,,,,-76.38203039,-28.303696,-28.474548,-23.487518,-22.337463
CTGTTACCGGGTACAGCCGA,20,8113,1,2.2,,,,,,,,,,-95.53381174,-26.713165,-26.504013,-17.024315,-15.39996
CTGTTATCGGGAACGTCCGA,20,2923,4,8.78,,,,,,,,,,-91.98563027,-27.55954,-27.52127,-21.245346,-17.751328
CTGTTATCCGGTAGGACCGA,20,8113,1,2.2,,,,,,,,,,-81.16374499,-27.260345,-27.206741,-23.249107,-23.412113
CTGCTATCAGGTAGGTCCGA,20,8113,1,2.2,,,,,,,,,,-88.64165042,-27.365295,-27.089508,-23.125877,-21.84489
CTGACACCGGGTGGGCCCGA,20,4644,2,4.39,,,,,,,,,,-87.13586312,-27.27665,-27.9889,-24.587982,-19.710346
CTGTTACCGGGTCAGTCGGA,20,4644,2,4.39,,,,,,,,,,-93.6650326,-28.198204,-28.103363,-19.396912,-17.690895
CTGTTTCCGCTTAGCTCCGA,20,8113,1,2.2,,,,,,,,,,-74.94549105,-28.650604,-27.709518,-24.18235,-24.615208
CTGCTACCGGCTCAGTCCGA,20,2923,4,8.78,,,,,,,,,,-101.7655694,-27.765343,-27.968407,-15.415329,-11.355434
CTGCTACCGGAACGGTCCGA,20,8113,1,2.2,,,,,,,,,,-100.0953913,-27.141647,-27.650589,-16.703545,-11.976364
CTGGTACCCGGTAGATCCGA,20,3487,3,6.59,,,,,,,,,,-88.73291216,-27.365433,-26.679703,-18.114403,-18.787716
CTGCTACCGCCGAACTGCGA,20,8113,1,2.2,,,,,,,,,,-98.35858791,-27.441826,-29.597069,-15.926651,-11.731728
CTGTTACCGGATCGGTGCGA,20,8113,1,2.2,,,,,,,,,,-88.852958,-27.328018,-27.05204,-19.63935,-18.430107
CTGTTTCCGGCTAGAACCGA,20,8113,1,2.2,,,,,,,,,,-86.8151268,-27.525375,-27.02301,-20.668076,-18.556454
CTGTTACCCGGCAGATCGGA,20,8113,1,2.2,,,,,,,,,,-93.60442422,-28.028816,-29.202766,-19.832771,-17.036976
CTGTTATCGGGTAGATCCGA,20,825,20,43.91,,,,,,,,,,-91.38587137,-27.39621,-26.180763,-20.7873,-18.293564
CTGATACCGGGCGCGTCCGA,20,8113,1,2.2,,,,,,,,,,-92.33388261,-27.784904,-29.068077,-20.610886,-14.977837
CTGATACCGGGAAACACCGA,20,8113,1,2.2,,,,,,,,,,-98.37541823,-26.036865,-27.230392,-16.80526,-12.584896
CTGTTACCGGGTCGACCCGA,20,719,23,50.49,,,,,,,,,,-93.46486195,-27.387894,-27.508224,-18.986664,-15.249187
CTGCTACCGGATCCATCCGA,20,4644,2,4.39,,,,,,,,,,-98.96444672,-27.041649,-26.347473,-15.231613,-11.85994
CTGATACCGGGATGGCCCGA,20,8113,1,2.2,,,,,,,,,,-96.78832807,-26.581871,-26.471825,-17.536293,-12.910961
CTGTTACCGGAGTTGTCCGA,20,8113,1,2.2,,,,,,,,,,-92.74041283,-27.349815,-25.639786,-18.420181,-14.594486
CTGGTACCGGGTAGGACCGA,20,1800,8,17.56,,,,,,,,,,-94.39119791,-27.035812,-27.40084,-20.46389,-17.762283
CTGACACCGAGTAGGCCCGA,20,8113,1,2.2,,,,,,,,,,-79.92326681,-26.862267,-27.262192,-25.104927,-22.62025
CTGCTACCGGCCAGGACCGA,20,8113,1,2.2,,,,,,,,,,-98.63811107,-27.382965,-28.918869,-16.871536,-12.957909
CTGCTACCGGGAATCACCGA,20,8113,1,2.2,,,,,,,,,,-101.2762062,-26.770882,-27.458664,-15.428558,-11.56126
CTGTTACGGGCTAGCTCCGA,20,8113,1,2.2,,,,,,,,,,-83.82007268,-27.893745,-27.802887,-20.536324,-18.496094
CTGTAACCGGGAAGATCCGA,20,8113,1,2.2,,,,,,,,,,-93.29377268,-27.062233,-27.648552,-21.232742,-17.943802
CTGTTGCCGAGTAGCAGCGA,20,8113,1,2.2,,,,,,,,,,-73.34215795,-27.570793,-27.830544,-23.426285,-22.896275
CTGATACCTGGGAGGTGCGA,20,8113,1,2.2,,,,,,,,,,-84.29097525,-27.023224,-27.484703,-21.713417,-21.825672
CTGCTGCGGGGTAGGTCCGA,20,8113,1,2.2,,,,,,,,,,-86.32983203,-28.090065,-28.265411,-21.997192,-20.617409
CTGTTACCGGTAAGGACCGA,20,2216,6,13.17,,,,,,,,,,-96.28409258,-27.043037,-27.231216,-18.611877,-14.684631
CTGTTACCGGGCATTACCGA,20,8113,1,2.2,,,,,,,,,,-91.57256656,-27.138992,-27.0402,-19.108376,-16.39494
CTGCTACCGGGAAGACCCGA,20,4644,2,4.39,,,,,,,,,,-106.5291375,-26.663086,-27.949364,-14.892845,-10.797077
CTGTTTCCTGTTACGTCCGA,20,8113,1,2.2,,,,,,,,,,-73.22543716,-27.881386,-26.165062,-25.048355,-23.736446
CTGCTACCGGTTCGGACCGA,20,3487,3,6.59,,,,,,,,,,-93.57184735,-27.281822,-27.413254,-17.918999,-14.050934
CTGCCATCGGATAGCTCCGA,20,8113,1,2.2,,,,,,,,,,-85.39562039,-27.6558,-27.646294,-24.382622,-22.342232
CTGTTGCCCGGTAGGTCCGA,20,8113,1,2.2,,,,,,,,,,-80.98815638,-28.538475,-27.938766,-22.12696,-22.487392
CTGTCACCGAGAAGGTCCGA,20,8113,1,2.2,,,,,,,,,,-82.62549273,-27.616356,-27.723648,-24.520401,-22.25222
CTGTTACCCGGTAGCTCGGA,20,8113,1,2.2,,,,,,,,,,-91.82835988,-28.242989,-28.777802,-20.43731,-17.840836
CTGTTACCTGCTAGGTCCGA,20,1514,10,21.95,,,,,,,,,,-86.10613856,-27.383736,-26.362488,-19.73156,-18.218456
CTGGTACCGGGTGAGTCCGA,20,3487,3,6.59,,,,,,,,,,-97.39433263,-27.44197,-27.057755,-19.057014,-15.499889
CTGATACCGGGACGATCCGA,20,4644,2,4.39,,,,,,,,,,-97.10595503,-26.892143,-26.92694,-17.203705,-12.095482
CTGATACCGGGCAAGACCGA,20,4644,2,4.39,,,,,,,,,,-97.41085573,-26.551926,-27.628593,-17.705032,-12.543705
CTGTTGCCGGGAAGGACCGA,20,4644,2,4.39,,,,,,,,,,-89.04303968,-27.673454,-28.471237,-21.96988,-18.77869
CTGATACCCGGCAGGCCGGA,20,8113,1,2.2,,,,,,,,,,-92.42065737,-27.502205,-29.53157,-22.189507,-18.029339
CTGTTACCGGTGGGGTCCGA,20,2500,5,10.98,,,,,,,,,,-92.76567647,-27.86586,-27.626068,-20.165619,-15.492226
CTGTTACCGTGCATGTCCGA,20,8113,1,2.2,,,,,,,,,,-85.572784,-27.151962,-25.660095,-19.480309,-17.493622
CTGTTACCTGCTACGTCCGA,20,4644,2,4.39,,,,,,,,,,-85.18641806,-27.2333,-26.41977,-20.231941,-18.69661
CTGTTACCGAGAATGACCGA,20,8113,1,2.2,,,,,,,,,,-90.03306606,-26.57409,-26.519058,-18.461525,-18.224602
CTGTTACGGGGTATCTCCGA,20,8113,1,2.2,,,,,,,,,,-84.55446547,-27.787323,-27.110596,-21.522812,-19.274918
CTGCTACCGGGTTGTTCCGA,20,925,18,39.52,,,,,,,,,,-96.99253846,-27.462166,-25.328995,-15.609428,-12.742992
CTGTTACCGGTCAGCACCGA,20,4644,2,4.39,,,,,,,,,,-90.05468362,-27.157661,-27.351982,-19.54409,-16.559189
CTGTTACCAGGTAGACCCGA,20,8113,1,2.2,,,,,,,,,,-88.90110825,-26.704369,-26.574333,-21.347275,-19.493042
CTGTTACCGGGCAGCGCCGA,20,4644,2,4.39,,,,,,,,,,-90.26389372,-27.479973,-28.855537,-21.061996,-19.205666
CTGTTACCGGCTAAATCCGA,20,719,23,50.49,,,,,,,,,,-101.8646062,-27.006798,-26.575455,-15.992134,-12.308956
CTGTTACGGTGTAGGGCCGA,20,8113,1,2.2,,,,,,,,,,-73.69474117,-27.242271,-27.147224,-24.07042,-24.051178
CTGCTATCGCGTAGGACCGA,20,8113,1,2.2,,,,,,,,,,-89.12757189,-27.094795,-27.834953,-20.830727,-21.41856
CTGGTACGGGGTAGGTGCGA,20,8113,1,2.2,,,,,,,,,,-85.39781498,-27.345467,-27.119522,-22.600426,-23.382263
CTGTTACCGGAAAGATCCGA,20,751,22,48.3,,,,,,,,,,-100.7740906,-26.819794,-26.476273,-16.485275,-12.758888
CTGTTACCGGTCCAATCCGA,20,8113,1,2.2,,,,,,,,,,-95.77178641,-27.276062,-26.13984,-17.733452,-14.262535
CTGTTACCTGGTATGTCCGA,20,8113,1,2.2,,,,,,,,,,-86.10527446,-27.008873,-24.995636,-19.650078,-17.555576
CTGTTACCGGCTTTGTCCGA,20,1999,7,15.37,,,,,,,,,,-92.36596664,-27.743668,-26.010384,-18.999756,-14.69693
CTGTTACCGGCTGGAACCGA,20,8113,1,2.2,,,,,,,,,,-94.00096176,-26.930649,-27.37587,-18.030434,-14.501862
CTGATACCGGGTAGATTCGA,20,4644,2,4.39,,,,,,,,,,-92.42851838,-27.461952,-26.948326,-18.827187,-16.617744
CTGTTGCCGGTTTGGTCCGA,20,8113,1,2.2,,,,,,,,,,-81.19560559,-28.221458,-25.908646,-22.149338,-19.255104
CTGTTACCGGGTCCACCCGA,20,8113,1,2.2,,,,,,,,,,-93.19669762,-27.417572,-27.309273,-18.677818,-15.378513
CTGCTACCGGATCGATCCGA,20,3487,3,6.59,,,,,,,,,,-99.2692173,-27.063004,-26.356453,-15.313248,-11.333149
CTGTTATCGGGTACATCCGA,20,4644,2,4.39,,,,,,,,,,-91.22011036,-27.183914,-25.869728,-20.49636,-18.13556
CTGATACCGGATTGGTGCGA,20,8113,1,2.2,,,,,,,,,,-90.266027,-26.607788,-25.11296,-18.03183,-16.768578
CTGTTACCGTTTACGTGCGA,20,8113,1,2.2,,,,,,,,,,-84.32265795,-27.317474,-26.624939,-22.499893,-19.813335
CTGATACCGGGCACATCCGA,20,8113,1,2.2,,,,,,,,,,-96.69182517,-26.82386,-27.36625,-17.716385,-13.617832
CTGTTTCCGGTTAGGACCGA,20,8113,1,2.2,,,,,,,,,,-82.2814222,-27.907051,-27.18673,-22.471924,-20.301487
CTGTTTCCGGGTAGGGCCGA,20,1999,7,15.37,,,,,,,,,,-82.30846208,-27.998535,-27.879814,-22.69677,-21.328335
CTGTTACCGTCTAGTTCCGA,20,8113,1,2.2,,,,,,,,,,-83.7421979,-27.794281,-25.73629,-19.523857,-18.392967
CTGGTACCGGGTTTGTCCGA,20,8113,1,2.2,,,,,,,,,,-91.3967138,-27.477875,-25.545288,-20.086235,-16.939693
CTGTTACCGAGTACGGCCGA,20,8113,1,2.2,,,,,,,,,,-84.61472687,-27.0037,-27.252083,-20.314629,-20.918571
CTGTTGCCGGGGAGATCCGA,20,8113,1,2.2,,,,,,,,,,-89.19111808,-28.037827,-28.094093,-20.621262,-18.119125
CTGTTACTGGGTTGGTGCGA,20,4644,2,4.39,,,,,,,,,,-81.26389905,-26.927673,-25.565414,-22.077072,-21.961903
CTGTAACCGGGAGGGTCCGA,20,4644,2,4.39,,,,,,,,,,-89.96344149,-27.761559,-28.744217,-23.878456,-20.05447
CTGTTACCGGGTAGTACGGA,20,8113,1,2.2,,,,,,,,,,-89.52580194,-27.410606,-27.735466,-20.264885,-18.480938
CTGTCACCGGCTATGTCCGA,20,8113,1,2.2,,,,,,,,,,-87.47431244,-27.739319,-26.558182,-21.819557,-17.158451
CTGCTACTTGCAAGGTCCGA,20,8113,1,2.2,,,,,,,,,,-88.23370464,-26.699287,-26.048317,-20.946571,-21.38903
CTGCTACCGGGATGCTCCGA,20,3487,3,6.59,,,,,,,,,,-100.0910396,-27.354706,-26.986412,-15.157211,-11.485477
CTGTTACCGGCTACGACCGA,20,1133,14,30.73,,,,,,,,,,-94.10383835,-27.124634,-27.514038,-17.678963,-13.795006
CTGTTACCCGATAAGTCCGA,20,8113,1,2.2,,,,,,,,,,-94.15054749,-27.303696,-26.779366,-17.987694,-18.176556
CTGTTATCGGGCAGATTCGA,20,8113,1,2.2,,,,,,,,,,-82.11600234,-28.087769,-28.653221,-24.272728,-25.170074
CTGTTACCGGTATTGTCCGA,20,8113,1,2.2,,,,,,,,,,-93.92768508,-27.236237,-25.104004,-18.693123,-14.549152
CTGTTACCCGCAAGGTCCGA,20,4644,2,4.39,,,,,,,,,,-94.48756273,-27.734146,-28.155258,-17.799889,-17.94777
CTGTTACGGTATGGGTCCGA,20,8113,1,2.2,,,,,,,,,,-73.29995857,-27.545166,-26.212234,-23.59143,-22.144886
CTGTTACTAGGTTCGTCCGA,20,8113,1,2.2,,,,,,,,,,-76.72928365,-27.425293,-25.794548,-24.155823,-23.325745
CTGTTACGGGCTCGGTCCGA,20,8113,1,2.2,,,,,,,,,,-83.53695103,-28.239647,-27.882187,-22.068596,-18.703442
CTGTTACCGAATAGATCCGA,20,3487,3,6.59,,,,,,,,,,-89.96774249,-26.769012,-25.560722,-18.423447,-16.902645
CTGTTACCGTTTAGCTCCGA,20,8113,1,2.2,,,,,,,,,,-81.27460439,-27.798073,-26.619331,-22.300522,-21.002014
CTGCTACCGTGTATGTCCGA,20,3487,3,6.59,,,,,,,,,,-92.58298641,-27.031174,-25.299713,-17.005875,-15.478638
CTGTTACCGGAAGCGTCCGA,20,8113,1,2.2,,,,,,,,,,-95.92284961,-27.382584,-28.092728,-19.686531,-15.032143
CTGTTACCGGGCTGTTCCGA,20,3487,3,6.59,,,,,,,,,,-90.36697374,-27.764626,-26.542755,-19.409843,-16.415485
CTGTTACCGGTAAAATCCGA,20,8113,1,2.2,,,,,,,,,,-103.216029,-26.695908,-25.989342,-16.09655,-12.471996
CTGTTATCGGGTAAGACCGA,20,8113,1,2.2,,,,,,,,,,-91.08116012,-27.073196,-26.76818,-20.364029,-17.12349
CTGTTACCGCGTAGATCGGA,20,8113,1,2.2,,,,,,,,,,-89.38274807,-27.907349,-27.942741,-18.784645,-20.49387
CTGCCACCGGGTAGTTCCGA,20,8113,1,2.2,,,,,,,,,,-94.15027779,-28.07589,-27.3041,-20.678444,-17.386913
CTGTTACCGGGTATGACCGA,20,249,110,241.49,,,,,,,,,,-94.39043922,-26.798286,-26.031479,-16.780449,-12.920986
CTGCTACTGGGTAGGGCCGA,20,8113,1,2.2,,,,,,,,,,-92.45472772,-26.953629,-27.17778,-20.636131,-19.721893
CTGTTACCCGGTCGGTCGGA,20,8113,1,2.2,,,,,,,,,,-89.8227607,-28.691933,-28.92733,-21.436554,-18.35062
CTGTTACCGGTGACATCCGA,20,8113,1,2.2,,,,,,,,,,-96.82764613,-27.03881,-26.301468,-17.27687,-13.938267
CTGGTACCGGGTAAATCCGA,20,3487,3,6.59,,,,,,,,,,-99.23144721,-26.834435,-26.294334,-17.51033,-15.115482
CTGCTACCGGGTAGCGCCGA,20,3487,3,6.59,,,,,,,,,,-96.77683558,-27.091644,-27.949623,-16.964859,-14.418194
CTGATACCGTGTAAGTCCGA,20,3487,3,6.59,,,,,,,,,,-90.49830435,-26.833351,-25.844803,-18.487053,-15.35799
CTGTTACCCGGAATGTCCGA,20,3487,3,6.59,,,,,,,,,,-93.01565303,-27.296402,-26.682823,-17.604256,-17.513695
CTGTAACCGGGGAGGACCGA,20,8113,1,2.2,,,,,,,,,,-86.86841173,-27.230621,-29.259491,-25.321701,-21.362282
CTGTTACGGGGTCTGTCCGA,20,8113,1,2.2,,,,,,,,,,-83.77650754,-27.954163,-26.713036,-21.193459,-18.184418
CTGCTACCGGGTATTACCGA,20,4644,2,4.39,,,,,,,,,,-98.11516023,-26.83677,-26.268501,-16.312378,-13.037895
CTGTTACCGGTGAGATCCGA,20,1205,13,28.54,,,,,,,,,,-97.49060633,-27.264656,-26.357452,-17.017494,-13.365627
CTGCTACCGGGTACCGCCGA,20,3487,3,6.59,,,,,,,,,,-96.64700756,-27.027924,-27.65229,-16.537674,-14.359673
CTGTTACCGGGCCGGGCCGA,20,3487,3,6.59,,,,,,,,,,-86.3696727,-28.12738,-29.46936,-22.449783,-19.599087
CTGTAACCCGGTAAGTCCGA,20,8113,1,2.2,,,,,,,,,,-86.45344668,-27.491531,-28.056435,-23.13913,-22.741924
CTGCTACCGAGTAGACCCGA,20,8113,1,2.2,,,,,,,,,,-94.2520898,-26.617668,-27.119377,-17.197601,-15.370205
CTGGTACCTGGTAGGTCCGA,20,4644,2,4.39,,,,,,,,,,-86.7637416,-27.370491,-26.31372,-21.164757,-20.309853
CTGATACCGGATTGCTCCGA,20,8113,1,2.2,,,,,,,,,,-89.04059049,-26.79441,-24.964142,-17.270844,-13.560398
CTGTTACCGGAAGGGTCCGA,20,8113,1,2.2,,,,,,,,,,-96.48551022,-27.548447,-27.76027,-19.614182,-14.93391
CTGTTACCTGGTTGGACCGA,20,4644,2,4.39,,,,,,,,,,-81.32583484,-26.92501,-25.527039,-20.825005,-18.82964
CTGTTACCGAGTAGGGCCGA,20,1514,10,21.95,,,,,,,,,,-84.57703899,-27.244453,-27.547852,-21.127678,-21.143463
CTGATACCGGGTGGTTCCGA,20,2923,4,8.78,,,,,,,,,,-92.91636281,-27.229721,-25.444763,-17.464928,-13.889751
CTGATACGGGGGACGTCCGA,20,8113,1,2.2,,,,,,,,,,-88.84251866,-27.473091,-28.169464,-20.868279,-18.065159
CTGATACCGGGCAGATCCGA,20,872,19,41.71,,,,,,,,,,-97.77265037,-26.91146,-26.971283,-17.422867,-12.758701
CTGCTACCGTCTAGGTCCGA,20,4644,2,4.39,,,,,,,,,,-90.97666018,-27.770721,-26.984886,-17.510284,-15.882427
CTGTTACCGTGTAGGTCGGA,20,2500,5,10.98,,,,,,,,,,-83.61519253,-27.97274,-27.176186,-21.125526,-22.2868
CTGGTACCGTGCAGGTCCGA,20,4644,2,4.39,,,,,,,,,,-84.84261673,-27.406242,-26.861313,-21.534622,-21.01936
CTGATTCTGGTTATGTCCGA,20,8113,1,2.2,,,,,,,,,,-75.77098774,-27.262146,-25.154182,-24.148117,-22.010075
CTGATGCTGGGCAAGCCCGA,20,8113,1,2.2,,,,,,,,,,-81.92801639,-26.824928,-27.208542,-23.245995,-22.614994
CTGTTACTGGGAAGGCCCGA,20,8113,1,2.2,,,,,,,,,,-90.23600919,-26.870415,-27.23201,-21.799751,-20.177341
CTGCTACCGGAAACCTCCGA,20,8113,1,2.2,,,,,,,,,,-100.7110078,-26.960587,-28.198906,-15.891518,-12.720032
CTGTTATCGAGTACGTCCGA,20,8113,1,2.2,,,,,,,,,,-81.45090073,-27.440956,-26.62474,-22.982437,-22.040356
CTGTTACCGGGAAGCCCCGA,20,3487,3,6.59,,,,,,,,,,-96.2899303,-27.219337,-28.326607,-19.520256,-15.820671
CTGATTCCGGGTACTTCCGA,20,8113,1,2.2,,,,,,,,,,-84.13912781,-27.764618,-26.559105,-22.089363,-19.451767
CTGTAACCGGGCAGTTCCGA,20,8113,1,2.2,,,,,,,,,,-85.84356109,-27.6595,-28.012505,-23.751457,-20.942696
CTGTTACCGTGTGTCTCCGA,20,8113,1,2.2,,,,,,,,,,-81.82643992,-27.872627,-26.031006,-21.346275,-20.133564
CTGTTTCCGGGAAGAGCCGA,20,8113,1,2.2,,,,,,,,,,-88.16949911,-27.601814,-27.698395,-21.14354,-19.67323
CTGCTGCCGGGTAAGTTCGA,20,8113,1,2.2,,,,,,,,,,-90.4666272,-28.49105,-28.968742,-21.173866,-20.62397
CTGATACCGAGTAGTTCCGA,20,8113,1,2.2,,,,,,,,,,-87.72731162,-27.00325,-25.252724,-18.343117,-17.060238
CTGTTACTGGGTGGCGCCGA,20,8113,1,2.2,,,,,,,,,,-80.19477256,-26.95359,-27.044792,-23.699715,-23.117512
CTGTTACGCGACAGGTCCGA,20,8113,1,2.2,,,,,,,,,,-80.07232637,-27.377762,-27.856476,-21.558067,-22.525806
CTGTTTCCGGGTCGGCCCGA,20,8113,1,2.2,,,,,,,,,,-80.11656128,-28.375404,-28.211464,-23.080734,-20.524792
CTGATACGTGGTAGGTCCGA,20,4644,2,4.39,,,,,,,,,,-80.27727289,-26.959938,-25.654144,-21.698479,-20.924305
CTGTTACCGGTGCGTTCCGA,20,8113,1,2.2,,,,,,,,,,-89.64721464,-27.672577,-26.54847,-19.064697,-15.886768
CTGTTACCGGGTGGGGCCGA,20,431,43,94.4,,,,,,,,,,-90.40129965,-27.442238,-28.154556,-20.563828,-18.056618
CTGTTACCGGTTGGGACCGA,20,4644,2,4.39,,,,,,,,,,-90.24056192,-27.313019,-27.104332,-19.851295,-16.274662
CTGTTACCACGTATGTCCGA,20,8113,1,2.2,,,,,,,,,,-81.55268873,-26.99302,-25.441956,-20.195175,-20.885166
CTGCTACCGGAGAACTCCGA,20,4644,2,4.39,,,,,,,,,,-102.8082864,-27.062218,-28.14019,-14.801506,-11.65522
CTGCTACCCGGTAGATCGGA,20,8113,1,2.2,,,,,,,,,,-99.51620884,-27.810158,-28.232101,-15.024414,-11.551163
CTGCTATCGGGTAGCTCCGA,20,8113,1,2.2,,,,,,,,,,-94.96328268,-27.592148,-27.358116,-20.118164,-18.021095
CTGTTACCGAAAAGGTCCGA,20,8113,1,2.2,,,,,,,,,,-90.076841,-27.07293,-26.84478,-19.495422,-18.230927
CTGTTACCAGGCTGATCCGA,20,8113,1,2.2,,,,,,,,,,-84.38707408,-27.12822,-26.292557,-20.979095,-19.057266
CTGCTACCGGGTGGACCCGA,20,3487,3,6.59,,,,,,,,,,-100.7854831,-26.957336,-27.624153,-16.037498,-12.412018
CTGTTATCGGTTATGTCCGA,20,8113,1,2.2,,,,,,,,,,-86.6060911,-27.467743,-25.427269,-21.981644,-18.683792
CTGTTACCGGACACTTCCGA,20,8113,1,2.2,,,,,,,,,,-92.44305369,-27.415146,-27.575447,-19.529297,-16.452862
CTGTTACCGGGAATAACCGA,20,8113,1,2.2,,,,,,,,,,-97.63817879,-26.493256,-26.622047,-17.209717,-13.415932
CTGTTACCGGCCAAGTGCGA,20,4644,2,4.39,,,,,,,,,,-95.79316386,-27.53115,-28.195549,-17.494904,-16.68452
CTGTTTCCGGGTAGGCGCGA,20,8113,1,2.2,,,,,,,,,,-80.67295195,-27.953468,-28.274345,-22.713844,-23.056168
CTGTTACCAGGGATCTCCGA,20,8113,1,2.2,,,,,,,,,,-86.23273002,-27.698402,-27.531166,-22.206154,-20.606468
CTGTTACCGCGAAGGTCGGA,20,8113,1,2.2,,,,,,,,,,-91.31534779,-28.14383,-28.954468,-19.667328,-21.35646
CTGTTACCGGGCACGCCCGA,20,1397,11,24.15,,,,,,,,,,-94.44536311,-27.43599,-28.818428,-19.695175,-16.274555
CTGATACTGGGTAGGTCCGA,20,665,25,54.88,,,,,,,,,,-90.58816398,-26.890137,-25.67662,-20.425392,-16.743347
CTGTTACCTGTTACATCCGA,20,8113,1,2.2,,,,,,,,,,-85.82016768,-26.758957,-24.831207,-20.862038,-19.90549
CTGTTACCGCCTAGGTGCGA,20,3487,3,6.59,,,,,,,,,,-92.34116579,-28.018944,-28.286865,-18.854736,-15.09473
CTGGTACCGGGAAAGTCCGA,20,2923,4,8.78,,,,,,,,,,-101.5000062,-27.103546,-27.354546,-17.47023,-14.791332
CTGTTGCCGGGTGGGACCGA,20,8113,1,2.2,,,,,,,,,,-81.84463085,-27.867851,-28.216942,-22.464691,-19.513878
CTGTTTCCAGATAGTTCCGA,20,8113,1,2.2,,,,,,,,,,-75.65439522,-27.702606,-25.545967,-24.283394,-23.185036
CTGTTATCCGGTAAATCCGA,20,8113,1,2.2,,,,,,,,,,-87.47596371,-26.996452,-25.826317,-20.52462,-21.535156
CTGTTACCGGACAGTTCCGA,20,2216,6,13.17,,,,,,,,,,-93.72263224,-27.321945,-26.668732,-18.65326,-14.799812
CTGTTACCCGGTATATCCGA,20,4644,2,4.39,,,,,,,,,,-90.84166857,-27.214249,-25.95591,-17.88028,-18.482155
CTGTTACCACCTAGGTCCGA,20,3487,3,6.59,,,,,,,,,,-78.89294872,-27.714348,-27.223854,-20.9878,-22.05275
CTGATACTGGGTACGTCCGA,20,3487,3,6.59,,,,,,,,,,-89.11058383,-26.753433,-25.832306,-19.953865,-16.861324
CTGTTACCGAGTTGATCCGA,20,8113,1,2.2,,,,,,,,,,-87.94496232,-27.080032,-24.998268,-17.800606,-17.61916
CTGTTTCCGGAAAGGTCCGA,20,8113,1,2.2,,,,,,,,,,-88.87496544,-27.8732,-27.354225,-21.62178,-18.66576
CTGCTACCGGACACGTCCGA,20,2216,6,13.17,,,,,,,,,,-99.42891205,-27.14759,-28.079971,-15.818214,-11.994762
CTGTTACCGGATCGCTCCGA,20,2500,5,10.98,,,,,,,,,,-89.15764462,-27.698372,-27.339584,-19.60656,-15.854656
CTGCTACCGGTTAATTCCGA,20,3487,3,6.59,,,,,,,,,,-101.4377922,-27.200912,-25.70961,-15.917839,-12.6163025
CTGTTACCGAGTAGGCGCGA,20,8113,1,2.2,,,,,,,,,,-85.47009326,-27.199562,-27.963417,-21.31572,-19.495556
CTGTTACTGGATCGGTCCGA,20,8113,1,2.2,,,,,,,,,,-83.97522364,-27.239182,-25.865807,-22.363907,-19.368206
CTGGTACCGGGGAGGTCCGA,20,2500,5,10.98,,,,,,,,,,-96.13730402,-27.684265,-28.118591,-19.756287,-16.673096
CTGTTACCGGATGGATCCGA,20,1999,7,15.37,,,,,,,,,,-95.66446855,-27.021126,-25.767677,-17.434814,-13.431469
CTGTTACCATGTATATCCGA,20,8113,1,2.2,,,,,,,,,,-77.54565066,-26.624931,-24.513817,-22.058113,-22.547058
CTGGTACCGGATATGTCCGA,20,8113,1,2.2,,,,,,,,,,-93.94588244,-26.909775,-25.040756,-17.755188,-15.793209
CTGTTACCGCGTATGTGCGA,20,1397,11,24.15,,,,,,,,,,-92.41228597,-27.236023,-26.50187,-18.048477,-13.389439
CTGTTACCGGGGGTATCCGA,20,3487,3,6.59,,,,,,,,,,-95.24863048,-27.57322,-27.38256,-18.567932,-14.627785
CTGTTACCGGGTGCGGCCGA,20,4644,2,4.39,,,,,,,,,,-90.39146382,-27.312347,-27.806854,-19.32454,-16.86287
CTGCCACCGGGTGGCTCCGA,20,8113,1,2.2,,,,,,,,,,-90.82095755,-28.373978,-28.597641,-21.271873,-18.372978
CTGATACCGCGGACGTCCGA,20,8113,1,2.2,,,,,,,,,,-91.4776737,-27.441505,-28.548264,-18.514015,-17.000874
CTGTTACTGGGTAAGTCGGA,20,8113,1,2.2,,,,,,,,,,-88.22155865,-27.609177,-27.196709,-21.99395,-20.938576
CTGTTACCGGATAGCTGCGA,20,4644,2,4.39,,,,,,,,,,-90.63473535,-27.04177,-26.859451,-18.425117,-18.529686
CTGTTACCGAGTCGGCCCGA,20,8113,1,2.2,,,,,,,,,,-81.84346029,-27.492203,-27.848091,-21.83693,-20.64172
CTGCTACCGGCTAACTCCGA,20,8113,1,2.2,,,,,,,,,,-102.2817057,-27.338013,-28.016281,-14.753738,-11.445976
CTGTTACCGGGTTTGCCCGA,20,3487,3,6.59,,,,,,,,,,-92.27982014,-27.023651,-25.644806,-19.051506,-15.239899
CTGCTACCGGTTAAGACCGA,20,8113,1,2.2,,,,,,,,,,-102.5811648,-26.763,-26.93415,-15.545654,-11.791672
CTGCTACCGGGTAAGGCCGA,20,872,19,41.71,,,,,,,,,,-102.7781645,-26.94867,-27.491043,-14.41452,-12.337257
CTGATACGGGGCAGGTCCGA,20,4644,2,4.39,,,,,,,,,,-88.81251806,-27.445389,-27.452583,-21.205025,-18.136368
CTGATACCGGTAGCTCCCGA,20,8113,1,2.2,,,,,,,,,,-89.1147095,-26.949654,-26.683205,-18.934036,-15.743164
CTGTTATCGGGTAGCACCGA,20,4644,2,4.39,,,,,,,,,,-85.63329876,-27.049812,-26.845322,-22.155762,-20.254574
CTGATACTGTGTAGGTCCGA,20,8113,1,2.2,,,,,,,,,,-79.30707976,-26.718704,-25.297363,-22.677597,-21.123482
CTGATACCGGGAAAATCCGA,20,8113,1,2.2,,,,,,,,,,-103.0078685,-26.347336,-26.447289,-15.074303,-10.343315
CTGTTGCCGGGCAGATCCGA,20,8113,1,2.2,,,,,,,,,,-88.64976055,-27.944847,-27.850113,-21.411278,-18.854923
CTGTTTCCGAGAATATTCGA,20,8113,1,2.2,,,,,,,,,,-76.29282841,-28.199142,-28.210838,-24.684204,-24.043514
CTGGTACTGGGTAGATCCGA,20,8113,1,2.2,,,,,,,,,,-88.39933051,-26.880043,-25.433838,-20.482796,-18.564175
CTGTTACCGGAGCGATCCGA,20,4644,2,4.39,,,,,,,,,,-94.59308106,-27.256752,-27.42546,-18.387665,-14.443485
CTGTTACCGGGTATATGCGA,20,8113,1,2.2,,,,,,,,,,-93.53474225,-27.048553,-26.173035,-17.880173,-17.428986
CTGTTACCGGACAGGACCGA,20,1999,7,15.37,,,,,,,,,,-93.0577054,-26.874428,-27.76278,-19.20932,-15.084782
CTGTTTCCCGGTACGCCCGA,20,8113,1,2.2,,,,,,,,,,-78.94018258,-27.884254,-27.694138,-22.874802,-22.794937
CTGATGCCGGCTAGGACCGA,20,8113,1,2.2,,,,,,,,,,-85.03106767,-27.565926,-28.208702,-22.167824,-17.994537
CTGATACCGGGTATGGCCGA,20,1999,7,15.37,,,,,,,,,,-93.18986604,-26.539284,-25.634094,-16.375374,-13.982826
CTGTTGCCGGGTGGTTCCGA,20,8113,1,2.2,,,,,,,,,,-81.72725515,-28.250381,-26.519394,-21.762009,-19.193066
CTGTTACTGGCTGCGTCCGA,20,8113,1,2.2,,,,,,,,,,-84.96091214,-27.338623,-26.586075,-22.199654,-19.05072
CTGTTACCGTTTAAGTCCGA,20,8113,1,2.2,,,,,,,,,,-88.50140648,-27.515106,-26.535683,-21.256622,-18.29311
CTGTTACCGGTCACATCCGA,20,8113,1,2.2,,,,,,,,,,-95.71460686,-27.165398,-26.499702,-17.954216,-14.570663
CTGTTACCGCGCTGGTGCGA,20,4644,2,4.39,,,,,,,,,,-88.71874307,-27.72924,-28.115677,-20.009178,-15.1067505
CTGTTATCGGGTACGGCGGA,20,8113,1,2.2,,,,,,,,,,-81.30371483,-27.547272,-27.921326,-22.770912,-23.188793
CTGATTCCGGGTAGGACCGA,20,8113,1,2.2,,,,,,,,,,-84.5656064,-27.319733,-27.236938,-21.746689,-18.518646
CTGTTACTCGATAGGTCCGA,20,8113,1,2.2,,,,,,,,,,-82.24808756,-27.153252,-25.984894,-21.728119,-22.700779
CTGTTACCGGATTGGTCGGA,20,4644,2,4.39,,,,,,,,,,-89.03142407,-27.739532,-26.073952,-19.006424,-18.3247
CTGTTACCGGGGTGGTTCGA,20,8113,1,2.2,,,,,,,,,,-87.30133584,-28.145874,-27.88237,-20.893417,-19.304008
CTGTTACCGGGTAAACCCGA,20,1205,13,28.54,,,,,,,,,,-100.909497,-26.476868,-26.562347,-16.86805,-12.99815
CTGTTACCGGGTCTATCCGA,20,2500,5,10.98,,,,,,,,,,-93.62716684,-27.683983,-26.450233,-18.43943,-14.974422
CTGCTACCGGGGTCGTCCGA,20,4644,2,4.39,,,,,,,,,,-99.82012237,-28.072235,-27.917412,-16.416489,-12.294178
CTGTTACCGGGTGTCTCCGA,20,4644,2,4.39,,,,,,,,,,-91.76519697,-27.944252,-26.87719,-19.716484,-15.511463
CTGTTACCGCGCAGACCCGA,20,8113,1,2.2,,,,,,,,,,-89.89318826,-27.190376,-28.582657,-19.950981,-18.398792
CTGCTACCGGATAAATCCGA,20,4644,2,4.39,,,,,,,,,,-106.5816939,-26.389519,-25.97718,-13.615402,-10.143311
CTGCTACCGGTTGCGTCCGA,20,8113,1,2.2,,,,,,,,,,-95.95833458,-27.559563,-26.697807,-17.182076,-13.132381
CTGATACCGAGTAGGACCGA,20,8113,1,2.2,,,,,,,,,,-87.29783326,-26.620514,-26.848671,-20.27797,-18.647518
CTGTAACCGGGGCGATCCGA,20,8113,1,2.2,,,,,,,,,,-87.42448248,-27.578667,-28.827988,-23.55854,-19.244621
CTGCTACCGAGCTATTCCGA,20,8113,1,2.2,,,,,,,,,,-91.65356827,-27.30973,-26.665894,-18.254936,-17.884415
CTGTTACCGGCTAGATGCGA,20,2500,5,10.98,,,,,,,,,,-96.04732448,-27.248238,-27.047386,-16.76612,-16.883862
CTGGTACGGGGTAAGTCCGA,20,8113,1,2.2,,,,,,,,,,-91.14954189,-27.361336,-26.93676,-20.554062,-18.893806
CTGTTACCGGTTGGTTCCGA,20,8113,1,2.2,,,,,,,,,,-90.44804793,-27.671692,-25.090836,-18.95169,-15.778793
CTGATACCGGCTAGGGCCGA,20,2500,5,10.98,,,,,,,,,,-93.814936,-27.156975,-27.736984,-18.838211,-13.911266
CTGTTTCCGTCTTTATCCGA,20,8113,1,2.2,,,,,,,,,,-73.23772861,-28.30375,-26.228943,-24.944962,-24.454655
CTGGTACCAGGTGGGTCCGA,20,8113,1,2.2,,,,,,,,,,-84.66438412,-27.412827,-26.809547,-22.428665,-20.528648
CTGTTATCTGGTCGGTCCGA,20,4644,2,4.39,,,,,,,,,,-74.98259947,-27.8891,-26.862144,-25.562927,-23.835957
CTGTTACCGGTCAGATCCGA,20,1014,16,35.13,,,,,,,,,,-96.65656876,-27.354767,-26.357285,-17.56231,-13.887783
CTGTTATGGCGGCGGTCCGA,20,8113,1,2.2,,,,,,,,,,-70.25517982,-28.162315,-28.641273,-27.506783,-27.443232
CTGTTACCGTGGTGGACCGA,20,8113,1,2.2,,,,,,,,,,-82.22140044,-27.092049,-26.495392,-20.463585,-18.395634
CTGTTACCTGGTAGGCCCGA,20,3487,3,6.59,,,,,,,,,,-85.85732316,-27.080406,-26.66555,-21.503105,-19.835323
CTGTTACGGAATAGGTCCGA,20,8113,1,2.2,,,,,,,,,,-78.39605598,-27.228363,-26.32367,-21.789917,-20.30354
CTGTTTCCGCGTTGGTCCGA,20,4644,2,4.39,,,,,,,,,,-77.06513903,-28.41291,-26.567612,-21.65261,-21.486591
CTGCATCCCGGTAGGTCCGA,20,8113,1,2.2,,,,,,,,,,-75.91057305,-28.195648,-28.539238,-24.698448,-24.880014
CTGTAACCGGGCAGGACCGA,20,4644,2,4.39,,,,,,,,,,-86.65449485,-27.191925,-29.184212,-25.559273,-21.730865
CTGTTACCGGCTTGGCCCGA,20,8113,1,2.2,,,,,,,,,,-90.95505034,-27.420738,-26.93055,-18.78267,-16.118542
CTGTTACCGGCTGGCTCCGA,20,2216,6,13.17,,,,,,,,,,-90.55095398,-27.999153,-27.848396,-18.517044,-15.309082
CTGTAACCGCGTGGGTCCGA,20,8113,1,2.2,,,,,,,,,,-80.59877078,-27.843185,-28.199654,-23.075493,-22.090866
CTGCTACTGGGCTAGTCCGA,20,8113,1,2.2,,,,,,,,,,-96.39675562,-27.413574,-26.885582,-19.636398,-17.510014
CTGTTATCGGCTAGACCCGA,20,8113,1,2.2,,,,,,,,,,-87.82271202,-27.187775,-27.122261,-21.566673,-20.400764
CTGTTACCAGGTATATCCGA,20,8113,1,2.2,,,,,,,,,,-89.63940832,-26.83316,-25.245918,-20.213959,-18.81948
CTGTTACTGGCTGGGTCCGA,20,8113,1,2.2,,,,,,,,,,-85.99999256,-27.383621,-26.481194,-22.154793,-19.330635
CTGACACCGGTTAGGTCCGA,20,8113,1,2.2,,,,,,,,,,-87.57239526,-27.549957,-26.223091,-22.824394,-17.798122
CTGATACCTGGAAGGTCCGA,20,8113,1,2.2,,,,,,,,,,-89.34660831,-26.94838,-26.464294,-19.761292,-17.225494
CTGATACCGGGGAGATCCGA,20,665,25,54.88,,,,,,,,,,-98.82079448,-27.035416,-27.205612,-16.584984,-11.9204445
CTGTAACCGGGGTGGCCCGA,20,8113,1,2.2,,,,,,,,,,-85.20269925,-27.169716,-28.074692,-24.344994,-20.739868
CTGTTACCGGGTAATGCCGA,20,8113,1,2.2,,,,,,,,,,-96.11562926,-26.6792,-25.780655,-16.685226,-14.770718
CTGTTACGGTGAAGGTCGGA,20,8113,1,2.2,,,,,,,,,,-76.27884767,-28.043533,-27.768112,-24.021553,-23.999332
CTGTAACCGGGTAAGTGCGA,20,8113,1,2.2,,,,,,,,,,-88.31591829,-27.132751,-27.907608,-22.593277,-21.214725
CTGTTACCGGCGCAGTCCGA,20,4644,2,4.39,,,,,,,,,,-97.66898487,-27.660637,-28.564972,-18.202454,-13.315704
CTGGTACTGGGAAGGTCCGA,20,8113,1,2.2,,,,,,,,,,-90.50148671,-27.145271,-26.734741,-21.813217,-20.275188
CTGATATCGGGTATGTCCGA,20,8113,1,2.2,,,,,,,,,,-89.92827394,-27.02958,-25.325409,-20.20031,-16.052444
CTGTCACCGTGTACGTCCGA,20,8113,1,2.2,,,,,,,,,,-77.98180152,-27.558205,-26.99791,-24.8348,-22.066784
CTGTAACCGGCTACGCCCGA,20,8113,1,2.2,,,,,,,,,,-83.96878278,-27.186768,-28.753418,-24.247726,-21.303482
CTGTTTCCGTGATGGTCCGA,20,8113,1,2.2,,,,,,,,,,-75.99924548,-27.929207,-25.9879,-22.783897,-21.512215
CTGTTACCGGTTAGCTCCGA,20,396,48,105.38,,,,,,,,,,-92.3845164,-27.681595,-26.700905,-19.198692,-15.797405
CTGTTACTGACTAGGTCCGA,20,8113,1,2.2,,,,,,,,,,-80.00721331,-27.027718,-25.889008,-22.06646,-21.10519
CTGTTGCCGGTTAGGTCGGA,20,8113,1,2.2,,,,,,,,,,-81.20329019,-28.786926,-27.945343,-23.864098,-23.043331
CTGCAACCGGGGACGTCCGA,20,8113,1,2.2,,,,,,,,,,-95.45128847,-27.60421,-29.092484,-21.072533,-18.149914
CTGTTACCGGCACCGTCCGA,20,4644,2,4.39,,,,,,,,,,-95.33827042,-27.78453,-28.405533,-19.05365,-13.897736
CTGTAACCGGGTCAGTCCGA,20,8113,1,2.2,,,,,,,,,,-89.48669528,-27.646202,-27.866783,-22.924873,-18.645824
CTGTAACCGGGTATGCCCGA,20,8113,1,2.2,,,,,,,,,,-85.63522927,-26.646622,-26.413475,-22.013504,-18.541649
CTGCTTCCGGTTAGGTCCGA,20,4644,2,4.39,,,,,,,,,,-89.18341423,-28.335266,-27.403404,-21.192398,-19.130531
CTGTTGCCGTGGAGATCCGA,20,8113,1,2.2,,,,,,,,,,-78.80261761,-27.9561,-26.997993,-21.848343,-21.110207
CTGCTACCGGAGAGGTCCGA,20,2216,6,13.17,,,,,,,,,,-101.2479714,-27.421005,-27.778435,-15.416458,-11.713406
CTGTTTCCAGTAACGTCCGA,20,8113,1,2.2,,,,,,,,,,-78.52572929,-27.648727,-26.78444,-24.52314,-22.960209
CTGTTACCGGGGACGCCCGA,20,4644,2,4.39,,,,,,,,,,-95.81083037,-27.362946,-28.729446,-19.336884,-15.696152
CTGCTACCGGGTTAATCCGA,20,4644,2,4.39,,,,,,,,,,-103.9124737,-27.05819,-26.13758,-14.569962,-10.983307
CTGCTACCGGGGAGTCCCGA,20,8113,1,2.2,,,,,,,,,,-100.8407855,-27.464493,-28.21598,-16.429787,-12.823177
CTGCTATCGGGTGGGACCGA,20,8113,1,2.2,,,,,,,,,,-91.35972655,-27.264206,-28.041573,-21.521698,-18.811253
CTGTTACCCGGAAGGACGGA,20,4644,2,4.39,,,,,,,,,,-94.03383981,-27.634628,-29.409904,-20.561249,-16.181786
CTGTTACCGGGTACGTCGGA,20,2216,6,13.17,,,,,,,,,,-93.05540147,-27.907341,-27.940186,-19.272896,-17.559494
CTGGTACCGGGCACGTCCGA,20,4644,2,4.39,,,,,,,,,,-93.81581539,-27.679466,-28.607384,-20.355423,-17.619915
CTGTTACCAGATAAGTCCGA,20,8113,1,2.2,,,,,,,,,,-92.29769547,-26.907768,-26.024368,-20.465347,-18.343124
CTGTTACCTGGTTGTTCCGA,20,8113,1,2.2,,,,,,,,,,-80.04042232,-27.196068,-24.282257,-20.12864,-19.352291
CTGTTACGCGGTATGTCCGA,20,8113,1,2.2,,,,,,,,,,-81.29861339,-27.190102,-26.09797,-20.078026,-20.514473
CTGTTACGTGTTAGGTCCGA,20,8113,1,2.2,,,,,,,,,,-76.58149155,-27.493362,-26.088745,-23.654808,-23.250664
CTGATACCGGGGCGTTCCGA,20,8113,1,2.2,,,,,,,,,,-91.50758824,-27.645111,-27.757668,-19.037445,-15.335152
CTGTTACCGGAAAATTCCGA,20,8113,1,2.2,,,,,,,,,,-100.1039767,-26.868332,-26.364098,-17.150528,-13.916431
CTGTTACCGGGATGCACCGA,20,8113,1,2.2,,,,,,,,,,-92.85949029,-26.735786,-26.726585,-18.340538,-14.881229
CTGATACCGGGTGGGACCGA,20,1657,9,19.76,,,,,,,,,,-92.50488856,-26.861084,-27.51307,-19.553741,-14.525894
CTGTTACGGAGTTGGTCCGA,20,4644,2,4.39,,,,,,,,,,-77.81413587,-27.414604,-25.596542,-21.301888,-20.88961
CTGTTTCCGCATAGGTCCGA,20,8113,1,2.2,,,,,,,,,,-80.02813429,-28.121902,-27.00035,-22.122437,-21.891457
CTGTTACCGGCTAGGTTCGA,20,1657,9,19.76,,,,,,,,,,-90.42279614,-28.296799,-27.94181,-19.55809,-18.408592
CTGTTACCGAGTATCTCCGA,20,8113,1,2.2,,,,,,,,,,-87.24462482,-27.529366,-26.506203,-20.357002,-20.074287
CTGTTACCGCGTATAACCGA,20,3487,3,6.59,,,,,,,,,,-90.02743767,-26.707619,-26.360527,-18.10942,-17.940773
CTGTTGCTGGGTAGGTCCGA,20,2923,4,8.78,,,,,,,,,,-79.20279775,-27.732246,-26.595703,-23.324509,-21.040192
CTGTTATCGTGTGCGTCCGA,20,8113,1,2.2,,,,,,,,,,-76.47292326,-27.646103,-26.31034,-24.159393,-22.256565
CTGTTACTCGGTTGGTCCGA,20,4644,2,4.39,,,,,,,,,,-79.73543883,-27.30011,-25.458122,-21.406616,-22.23019
CTGATACCCGGAGGGTCCGA,20,8113,1,2.2,,,,,,,,,,-91.54639244,-27.620544,-28.354866,-19.724365,-18.89429
CTGTTACCGGCTACGTTCGA,20,8113,1,2.2,,,,,,,,,,-89.15645261,-28.148613,-28.346115,-19.509026,-18.439442
CTGTTACTGGGTAGCTCGGA,20,8113,1,2.2,,,,,,,,,,-81.89488604,-27.739624,-27.453453,-23.124718,-21.962162
CTGTTACCGGCTACTTCCGA,20,3487,3,6.59,,,,,,,,,,-93.24503982,-27.752174,-26.999908,-18.555641,-15.131248
CTGTTGCCGGGTAGCTCCGA,20,1999,7,15.37,,,,,,,,,,-85.56084642,-28.219696,-27.70784,-21.712517,-18.601131
CTGTTACCGGATAAGTGCGA,20,8113,1,2.2,,,,,,,,,,-97.21602305,-26.95948,-26.696297,-17.512665,-16.3256
CTGCTACCGGAGACGTCCGA,20,4644,2,4.39,,,,,,,,,,-100.5252913,-27.300377,-28.071945,-15.470123,-11.878681
CTGATACCAGGTCAGTCCGA,20,8113,1,2.2,,,,,,,,,,-89.3522895,-27.051888,-26.54184,-20.934189,-17.443718
CTGATATCGGCTAGGTCCGA,20,8113,1,2.2,,,,,,,,,,-90.33500967,-27.489906,-26.78077,-21.352066,-17.00484
CTGTTACCGTCTAGGACCGA,20,8113,1,2.2,,,,,,,,,,-83.95468242,-27.412613,-27.140915,-20.440216,-18.480171
CTGTTACCGGAGAGTTCCGA,20,1999,7,15.37,,,,,,,,,,-94.40998472,-27.490433,-26.954674,-18.04364,-14.740868
CTGTTTCCGGTTAGTTCCGA,20,8113,1,2.2,,,,,,,,,,-82.526363,-28.318016,-26.045135,-23.250046,-20.789268
CTGTTACTGACTACGTCCGA,20,8113,1,2.2,,,,,,,,,,-79.0156566,-26.871681,-26.032501,-22.292496,-21.845749
CTGTTATCGGGTAAGTTCGA,20,4644,2,4.39,,,,,,,,,,-85.57390472,-28.117249,-28.064117,-22.806152,-22.177227
CTGTTATCGGGTAATTCCGA,20,8113,1,2.2,,,,,,,,,,-90.86393822,-27.454124,-26.002274,-21.258385,-18.528313
CTGCCACCGGGTAGGACCGA,20,8113,1,2.2,,,,,,,,,,-94.6582405,-27.545937,-28.505432,-22.49215,-17.996952
CTGTCACCGGGTATCGCCGA,20,8113,1,2.2,,,,,,,,,,-82.35943632,-27.492264,-27.41594,-24.20166,-21.61361
CTGATACCTGGTAGATCCGA,20,8113,1,2.2,,,,,,,,,,-88.16391193,-26.607971,-25.135841,-18.702469,-16.808643
CTGTTACCGGCACGGTCCGA,20,618,27,59.27,,,,,,,,,,-96.30911361,-27.662071,-28.057648,-18.508934,-13.32954
CTGTTACCGTCTGAGTCCGA,20,8113,1,2.2,,,,,,,,,,-87.53569329,-27.790367,-26.853233,-19.918999,-17.441914
CTGCAACCGGGGAGGTCCGA,20,3487,3,6.59,,,,,,,,,,-95.54687278,-27.627144,-28.583778,-20.625778,-17.382877
CTGTTACCAGGAATGTCCGA,20,8113,1,2.2,,,,,,,,,,-90.55349473,-26.955597,-25.940018,-19.976463,-17.729805
CTGACACGGGGTACGCCCGA,20,8113,1,2.2,,,,,,,,,,-80.12191058,-26.739403,-27.585144,-24.876259,-22.213158
CTGTTACCGGGCCTCTCCGA,20,8113,1,2.2,,,,,,,,,,-87.46753238,-28.914246,-29.381683,-22.502396,-18.826786
CTGTTTCCGGCTAGCTCCGA,20,4644,2,4.39,,,,,,,,,,-83.22584945,-28.508408,-27.866623,-21.98925,-19.562431
CTGTTACCGGGCAACCCCGA,20,8113,1,2.2,,,,,,,,,,-96.02691031,-27.144386,-28.225494,-19.553146,-16.231491
CTGTCACCGTGTAGGTCCGA,20,8113,1,2.2,,,,,,,,,,-78.54223326,-27.683372,-26.652283,-24.262108,-21.333733
CTGTTACCGGGCTGGACCGA,20,2216,6,13.17,,,,,,,,,,-90.75817494,-27.39486,-27.735168,-19.983864,-15.207058
CTGCTTCCCGGTTGGTCCGA,20,8113,1,2.2,,,,,,,,,,-80.29915902,-28.405525,-26.968452,-20.507637,-21.713005
CTGTAACCGGCTAGGCCCGA,20,4644,2,4.39,,,,,,,,,,-84.89628309,-27.357368,-28.552635,-23.909355,-21.09779
CTGTTACCGTGTTGGTCCGA,20,872,19,41.71,,,,,,,,,,-84.21849162,-27.38935,-25.0512,-19.340187,-17.68029
CTGTCACCGGGCAGGACCGA,20,4644,2,4.39,,,,,,,,,,-86.14109542,-27.518936,-29.154488,-25.77771,-20.725811
CTGTTACTTGATAGATCCGA,20,8113,1,2.2,,,,,,,,,,-79.10599615,-26.620926,-24.595543,-22.19162,-22.268677
CTGTTACTGGCGAAGTCCGA,20,8113,1,2.2,,,,,,,,,,-93.01517958,-27.015488,-26.968643,-19.990364,-17.885239
CTGATACTGGGTCAGTCCGA,20,8113,1,2.2,,,,,,,,,,-89.56059095,-26.991898,-25.927704,-20.616951,-17.29195
CTGTTACCGACTCGGTCCGA,20,8113,1,2.2,,,,,,,,,,-83.41987894,-27.81569,-27.283134,-20.351097,-18.387173
CTGCTACCTGCTAGGACCGA,20,3487,3,6.59,,,,,,,,,,-89.83757078,-26.850227,-27.22293,-19.090378,-16.890114
CTGTTGCCGGGTACGTGCGA,20,8113,1,2.2,,,,,,,,,,-83.08619041,-27.862152,-27.74073,-22.064026,-20.905022
CTGCTACCGGGTAACCCCGA,20,4644,2,4.39,,,,,,,,,,-103.9448414,-26.711945,-27.41957,-15.430824,-11.832237
CTGTTGCCAGGTAGGTCCGA,20,3487,3,6.59,,,,,,,,,,-77.01636325,-28.013664,-27.062622,-23.64125,-21.895252
CTGCTACCGGTTTGGGCCGA,20,8113,1,2.2,,,,,,,,,,-91.86087068,-27.41793,-26.912743,-18.550186,-16.69775
CTGTCACCGGGGCGATCCGA,20,8113,1,2.2,,,,,,,,,,-86.49672543,-27.977402,-28.885475,-24.44622,-19.443516
CTGTAACCGGGTAACTCCGA,20,8113,1,2.2,,,,,,,,,,-90.29496459,-27.262001,-27.949226,-22.925308,-19.606712
CTGGTACCGGGTACTTCCGA,20,4644,2,4.39,,,,,,,,,,-91.96119633,-27.521957,-26.546799,-19.508728,-17.18729
CTGTTACCAGTTACGTCCGA,20,8113,1,2.2,,,,,,,,,,-85.63697619,-27.2266,-26.085808,-22.240898,-19.968315
CTGTTATCGTGTAGATCCGA,20,8113,1,2.2,,,,,,,,,,-80.33118882,-27.212952,-25.362541,-22.141579,-21.515362
CTGTCACCCGGTAGCTCCGA,20,3487,3,6.59,,,,,,,,,,-81.29979499,-28.228699,-28.512917,-23.88826,-23.560356
CTGTTACCGGGAATCTCCGA,20,1999,7,15.37,,,,,,,,,,-96.63121506,-27.623566,-27.5914,-18.343536,-14.697006
CTGTTACCGGTTAGGTGCGA,20,2500,5,10.98,,,,,,,,,,-92.79822025,-27.476128,-26.829231,-19.6297,-18.45324
CTGCTACCCGGTAGGGCCGA,20,4644,2,4.39,,,,,,,,,,-91.24488164,-27.534882,-28.53907,-18.141663,-18.481373
CTGCTACCGGTAACGTCCGA,20,4644,2,4.39,,,,,,,,,,-102.1140652,-27.10759,-27.087906,-15.262695,-11.299324
CTGATACCGGTGATGTCCGA,20,3487,3,6.59,,,,,,,,,,-94.52849904,-26.817413,-25.213852,-16.748726,-11.827404
CTGCTACCGGCTGGATCCGA,20,3487,3,6.59,,,,,,,,,,-99.68876773,-27.309105,-26.99736,-14.667229,-11.137432
CTGTTACCTGGTAGCGCCGA,20,4644,2,4.39,,,,,,,,,,-80.73336878,-27.032425,-26.826012,-22.174118,-22.000751
CTGATACCGTGCGGGTCCGA,20,8113,1,2.2,,,,,,,,,,-82.47683517,-27.463692,-27.284958,-21.767334,-18.910053
CTGTTACCGCGTTGATCCGA,20,4644,2,4.39,,,,,,,,,,-89.58847317,-27.393372,-25.613464,-16.496475,-16.387138
CTGTTACGGGGATGGTCCGA,20,4644,2,4.39,,,,,,,,,,-89.04217451,-27.483826,-26.319641,-20.132439,-16.917976
CTGTTATTCGGTAAGACCGA,20,8113,1,2.2,,,,,,,,,,-75.68418346,-26.849907,-26.056442,-23.70166,-24.253891
CTGTTACCGAGTCTGTCCGA,20,8113,1,2.2,,,,,,,,,,-85.21764181,-27.620628,-26.195145,-20.293144,-19.150291
CTGTTACGAGGTTGTTCCGA,20,8113,1,2.2,,,,,,,,,,-74.42765031,-27.311874,-24.990242,-22.425835,-22.598991
CTGATACCGTGTTAGTCGGA,20,8113,1,2.2,,,,,,,,,,-84.57479691,-27.500633,-26.448227,-21.005882,-21.99384
CTGTTACCGGTAAGTTCCGA,20,3487,3,6.59,,,,,,,,,,-96.14915506,-27.484138,-26.054375,-18.044273,-14.712322
CTGTTACCGGCTTGCGCCGA,20,8113,1,2.2,,,,,,,,,,-87.94140078,-27.429657,-27.23996,-19.722816,-15.469696
CTGTTTCCAGGTTAATCCGA,20,8113,1,2.2,,,,,,,,,,-80.47826098,-27.598907,-25.63182,-23.256012,-22.219471
CTGTTACCAACTAGGTCCGA,20,8113,1,2.2,,,,,,,,,,-76.97312906,-27.11296,-26.352196,-21.710533,-22.209263
CTGTTATCGGGCGGGACCGA,20,8113,1,2.2,,,,,,,,,,-82.36819826,-27.729965,-29.032776,-25.173698,-21.985775
CTGTTTCCGGGAAGGTCGGA,20,8113,1,2.2,,,,,,,,,,-85.69336628,-28.639923,-28.685242,-22.560707,-21.416515
CTGTTACCTTGTATGTCCGA,20,8113,1,2.2,,,,,,,,,,-74.49897104,-27.028091,-24.95877,-22.436714,-22.44041
CTGGTACCGGATAGGCCCGA,20,8113,1,2.2,,,,,,,,,,-92.77475538,-26.84233,-26.907944,-20.343018,-18.304863
CTGTTACCGCGTAGGCGCGA,20,3487,3,6.59,,,,,,,,,,-91.35782736,-27.484428,-28.698349,-20.227425,-16.032661
CTGGTACCGGGTAGGTTCGA,20,8113,1,2.2,,,,,,,,,,-89.56851678,-27.987747,-26.966393,-20.832092,-20.72786
CTGGTACCGGGAACGTGCGA,20,8113,1,2.2,,,,,,,,,,-93.66648626,-27.00116,-28.083427,-19.916603,-19.574593
CTGTTACCGCATAGTTGCGA,20,8113,1,2.2,,,,,,,,,,-91.67042871,-27.267082,-26.123001,-18.169914,-15.326992
CTGTTACCGGCAAGCTCCGA,20,688,24,52.69,,,,,,,,,,-97.44290686,-27.564484,-28.260757,-17.35595,-13.772278
CTGTTACCGGATAACTCCGA,20,3487,3,6.59,,,,,,,,,,-97.48398767,-27.02951,-26.761864,-17.854752,-14.068985
CTGTTGCCGGGTAGGTGCGA,20,8113,1,2.2,,,,,,,,,,-83.65934953,-27.97522,-27.701462,-22.219612,-21.41904
CTGTTACCGGGTTGTACCGA,20,8113,1,2.2,,,,,,,,,,-90.43361767,-26.869865,-25.358864,-18.379807,-15.697308
CTGCTACGGGCTAGGGCGGA,20,8113,1,2.2,,,,,,,,,,-86.43980511,-27.8797,-29.212265,-20.637283,-18.956455
CTGCTGCCGGGAAGGTCCGA,20,4644,2,4.39,,,,,,,,,,-96.5542655,-28.072556,-28.671463,-19.771751,-16.751743
CTGTTACGGGGTAGGGCCGA,20,1800,8,17.56,,,,,,,,,,-85.53109656,-27.434616,-27.845001,-22.174309,-21.262379
CTGTTACCGGGTAGCTGGGA,20,8113,1,2.2,,,,,,,,,,-86.36899448,-27.922722,-27.976646,-20.33451,-22.790016
CTGTTACGGGTTAGGACCGA,20,8113,1,2.2,,,,,,,,,,-85.3027851,-27.340576,-27.17614,-22.244064,-20.221687
CTGATACCGCGAAGGTGCGA,20,8113,1,2.2,,,,,,,,,,-96.19972008,-26.970192,-27.872711,-18.10836,-12.937794
CTGTTACTGGCAAGGTCCGA,20,8113,1,2.2,,,,,,,,,,-92.54981946,-27.038345,-26.457924,-20.3414,-17.836258
CTGATACCGCGTACTTCCGA,20,8113,1,2.2,,,,,,,,,,-88.17269942,-27.323425,-26.662865,-18.21608,-18.157345
CTGTTACCGGTTCCGTCCGA,20,1657,9,19.76,,,,,,,,,,-90.05720412,-27.919876,-26.437279,-19.608887,-15.189594
CTGCTACCGGGTTCGACCGA,20,4644,2,4.39,,,,,,,,,,-96.97257377,-27.318993,-27.024094,-16.065544,-12.499523
CTGATACCTGGTGGGTCCGA,20,8113,1,2.2,,,,,,,,,,-84.53513563,-27.084885,-26.05201,-20.792023,-18.210815
CTGATACCGGTTAGTCCCGA,20,8113,1,2.2,,,,,,,,,,-91.05948115,-26.962044,-25.544945,-18.823875,-14.939304
CTGTTATCGCGTAGGTCCGA,20,1514,10,21.95,,,,,,,,,,-84.4418125,-27.730812,-27.15976,-22.305458,-21.700184
CTGTTACCCGGTAGACCCGA,20,2500,5,10.98,,,,,,,,,,-90.93740143,-27.125336,-27.370789,-18.991524,-18.325428
CTGTTTCCAGGTATGTCCGA,20,8113,1,2.2,,,,,,,,,,-77.48062323,-27.671318,-25.649742,-23.05941,-20.743431
CTGTTTCCGGCTCGGTCCGA,20,8113,1,2.2,,,,,,,,,,-81.01933066,-28.866722,-28.082886,-22.9719,-19.093853
CTGATTCCGGGGAGGTCCGA,20,8113,1,2.2,,,,,,,,,,-87.60765917,-27.957977,-28.076149,-22.235535,-17.90982
CTGTTACCGGGCCAGCCCGA,20,8113,1,2.2,,,,,,,,,,-94.07729598,-27.694748,-28.543564,-19.78099,-16.19867
CTGCTACCGGATACGACCGA,20,4644,2,4.39,,,,,,,,,,-98.02160111,-26.413132,-26.935333,-15.3328705,-11.920532
CTGTTACCCGGTAAGTCGGA,20,1014,16,35.13,,,,,,,,,,-97.65591646,-27.990463,-28.33599,-18.752937,-15.630196
CTGTTACCGGGTTACTCCGA,20,3487,3,6.59,,,,,,,,,,-95.24100472,-27.515656,-26.473602,-18.54641,-14.4439125
CTGGTACCGGGTCGATCCGA,20,8113,1,2.2,,,,,,,,,,-92.84777333,-27.523636,-26.68554,-18.739204,-15.874512
CTGTTGCCGGGCGGGTCCGA,20,8113,1,2.2,,,,,,,,,,-82.61677301,-28.735054,-29.46833,-24.30626,-20.702389
CTGTTATCGGGTTTCTCCGA,20,8113,1,2.2,,,,,,,,,,-82.82943242,-28.075478,-26.569153,-24.0354,-21.383648
CTGTTACCGGATAGTACCGA,20,3487,3,6.59,,,,,,,,,,-93.13050317,-26.646683,-25.82624,-18.442085,-14.908451
CTGTTACCGGGGAGGACGGA,20,4644,2,4.39,,,,,,,,,,-91.09310617,-27.757149,-29.403206,-20.914597,-19.019299
CTGCTACCGGCGAGGACCGA,20,8113,1,2.2,,,,,,,,,,-100.2404977,-27.24144,-29.075035,-16.532661,-12.069744
CTGATACCGGTTTGGTCCGA,20,2216,6,13.17,,,,,,,,,,-91.82138058,-27.20494,-24.947052,-18.253159,-13.754524
CTGTTGCCGGGTAGATTCGA,20,8113,1,2.2,,,,,,,,,,-81.9661092,-28.49617,-28.363892,-23.157166,-22.619339
CTGCTACCGGGAGTGTCCGA,20,4644,2,4.39,,,,,,,,,,-102.4340015,-27.468277,-27.177132,-15.745956,-11.347137
CTGTTACCGGACAAATCCGA,20,8113,1,2.2,,,,,,,,,,-100.8369604,-26.540146,-26.46257,-16.57537,-12.902821
CTGTTACCGGTCGCGTCCGA,20,8113,1,2.2,,,,,,,,,,-90.10449401,-28.101372,-28.071884,-20.717941,-15.68362
CTGTCACCAGGTAAGTCCGA,20,4644,2,4.39,,,,,,,,,,-84.99272961,-27.455605,-27.181335,-25.027328,-21.579926
CTGTTACGGGCTAAGTCCGA,20,8113,1,2.2,,,,,,,,,,-91.62012919,-27.611168,-27.369133,-19.27774,-16.38396
CTGCTATCCGGTACGTCCGA,20,8113,1,2.2,,,,,,,,,,-90.06201723,-27.415176,-27.093582,-20.600746,-21.053772
CTGTTACCGCATAGATCCGA,20,8113,1,2.2,,,,,,,,,,-92.44714755,-27.002708,-25.939766,-16.920479,-16.235275
CTGTTACCGGGGACCGCCGA,20,8113,1,2.2,,,,,,,,,,-91.48000762,-27.520462,-28.667252,-20.279785,-18.601486
CTGTTACCGCGTTGTTGCGA,20,8113,1,2.2,,,,,,,,,,-88.11481011,-27.501213,-25.80819,-18.153206,-15.865658
CTGCAACCGGGTAGGACCGA,20,4644,2,4.39,,,,,,,,,,-92.57167439,-26.932472,-28.02465,-21.449356,-18.272923
CTGCTTCCGGGTTAGTCCGA,20,8113,1,2.2,,,,,,,,,,-93.03998242,-28.19535,-27.052795,-19.520355,-17.148148
CTGATACCGGGAAGGACCGA,20,1014,16,35.13,,,,,,,,,,-97.57291587,-26.635208,-27.652924,-18.11583,-12.732151
CTGGTACCGGGTTGGCCCGA,20,8113,1,2.2,,,,,,,,,,-92.92744417,-27.063301,-26.243431,-19.689972,-17.40495
CTGATACCCGGTACGTCCGA,20,3487,3,6.59,,,,,,,,,,-90.42433803,-27.246231,-27.158813,-18.595238,-17.889977
CTGCTACCGGATGAGTCCGA,20,4644,2,4.39,,,,,,,,,,-102.6463288,-27.141144,-26.79715,-15.319893,-11.299965
CTGTTACCGGGGAGCGCCGA,20,3487,3,6.59,,,,,,,,,,-91.62949555,-27.464233,-28.866753,-20.5168,-18.550022
CTGTTACCGGGAGGGTCGGA,20,8113,1,2.2,,,,,,,,,,-93.67172283,-28.337013,-29.166893,-21.049995,-19.231293
CTGATACCGGGAACGACCGA,20,8113,1,2.2,,,,,,,,,,-96.33302507,-26.3806,-27.578712,-17.238167,-12.33083
CTGTTACCGGTTAGATTCGA,20,8113,1,2.2,,,,,,,,,,-90.83589289,-27.926956,-27.260445,-20.87716,-19.734688
CTGATACCGGAAGAAGCCGA,20,8113,1,2.2,,,,,,,,,,-97.38004473,-26.104042,-27.068268,-17.09433,-15.019119
CTGATACCCGGTAGGTCCGA,20,872,19,41.71,,,,,,,,,,-91.70882822,-27.395584,-26.936844,-18.078522,-17.291172
CTGATACGGGGACGGTCCGA,20,8113,1,2.2,,,,,,,,,,-88.23875586,-27.348358,-27.447517,-21.298569,-17.1026
CTGGTACCAGGTAGATCCGA,20,3487,3,6.59,,,,,,,,,,-89.10837237,-26.946884,-25.878433,-20.125175,-19.121502
CTGTTACCGGTCGGGTCCGA,20,4644,2,4.39,,,,,,,,,,-91.06490784,-28.122429,-27.806786,-20.624374,-15.872906
CTGTTACCGGGCAAGGCCGA,20,1800,8,17.56,,,,,,,,,,-96.30273948,-27.238708,-27.97802,-17.876366,-15.594669
CTGTTACTGGCTAGATCCGA,20,3487,3,6.59,,,,,,,,,,-90.49093524,-26.91919,-25.508926,-19.769814,-17.39812
CTGCAACCGGTTAGCACGGA,20,8113,1,2.2,,,,,,,,,,-82.83830975,-27.169815,-28.415619,-22.743484,-22.428036
CTGTTACCGCGTAGGGCCGA,20,1397,11,24.15,,,,,,,,,,-88.06523929,-27.556664,-28.257278,-19.912674,-20.354107
CTGTTACCAGGTGTGTCCGA,20,8113,1,2.2,,,,,,,,,,-85.30524091,-27.194962,-25.515945,-21.333641,-18.342766
CTGTAACCGGCTAGCGCCGA,20,8113,1,2.2,,,,,,,,,,-82.61459694,-27.34018,-29.001839,-24.802467,-22.157944
CTGTTACCGCTTAGGACCGA,20,8113,1,2.2,,,,,,,,,,-87.19640405,-27.544395,-27.757805,-20.247917,-19.821072
CTGTTATGGGGTAGGTCCGA,20,2923,4,8.78,,,,,,,,,,-82.15543795,-28.021698,-27.290138,-24.85035,-22.377457
CTGCTACCGGATAGGACCGA,20,1800,8,17.56,,,,,,,,,,-98.85200316,-26.712433,-27.224152,-16.346169,-12.504551
CTGTCACCCGGCAGATCCGA,20,8113,1,2.2,,,,,,,,,,-83.53648273,-27.871078,-28.924904,-23.981941,-23.18845
CTGATTCCTGGTAGGTCCGA,20,8113,1,2.2,,,,,,,,,,-76.65655653,-27.5354,-26.18303,-23.30732,-21.891273
CTGATACCGGGCAGCACCGA,20,4644,2,4.39,,,,,,,,,,-91.97180994,-26.714981,-28.133537,-20.133942,-15.6810875
CTGTCACCGGGTATGCCCGA,20,8113,1,2.2,,,,,,,,,,-86.70791446,-27.0122,-26.49533,-22.836021,-18.381794
CTGTCACCGGGTCAGTCCGA,20,3487,3,6.59,,,,,,,,,,-89.40931556,-28.038727,-27.929138,-23.645218,-17.887447
CTGATACCGTGTTGGTCCGA,20,8113,1,2.2,,,,,,,,,,-84.50623739,-27.01001,-24.595947,-18.732803,-16.606575
CTGTTACCGGGTATCCCCGA,20,8113,1,2.2,,,,,,,,,,-92.88779224,-27.1725,-26.376366,-19.089455,-15.779545
CTGTCACCGGATATGGCCGA,20,8113,1,2.2,,,,,,,,,,-83.12770007,-26.954063,-26.119537,-21.816109,-19.594078
CTGTTACCGGGTCACTCCGA,20,1514,10,21.95,,,,,,,,,,-94.90876641,-27.827026,-27.642677,-18.817596,-14.625553
CTGATACCCGGTACACCCGA,20,8113,1,2.2,,,,,,,,,,-90.35735936,-26.418915,-26.971962,-19.18357,-17.895706
CTGGTACCGGGTTGATCCGA,20,4644,2,4.39,,,,,,,,,,-93.41176566,-27.132637,-25.162857,-17.090172,-14.873428
CTGTTACTGGGTATGCCCGA,20,8113,1,2.2,,,,,,,,,,-86.63000643,-26.416557,-25.132576,-19.542603,-18.63852
CTGTTACCGCGGAAGTGCGA,20,4644,2,4.39,,,,,,,,,,-96.2519178,-27.325806,-28.6566,-17.805809,-12.677849
CTGTTACGAGGTAGATCCGA,20,8113,1,2.2,,,,,,,,,,-81.48544658,-27.108994,-26.152245,-22.022568,-21.734863
CTGTTTCCTGATTGGTCCGA,20,8113,1,2.2,,,,,,,,,,-69.71341902,-27.692421,-25.1876,-23.766785,-23.378872
CTGTTGCCGGGGATGTCCGA,20,8113,1,2.2,,,,,,,,,,-86.45487487,-28.027832,-27.349266,-20.970695,-17.13654
CTGCAACCGGTACGGTCCGA,20,8113,1,2.2,,,,,,,,,,-91.46490884,-27.294388,-27.385674,-21.21717,-18.161343
CTGTTACCGGACCTGTCCGA,20,4644,2,4.39,,,,,,,,,,-89.63260547,-27.724274,-27.197205,-19.989487,-15.730541
CTGTTACCGCGTAGGTTCGA,20,8113,1,2.2,,,,,,,,,,-86.48545444,-28.263199,-28.17894,-20.417274,-18.049145
CTGTAACCGGGATGGACCGA,20,8113,1,2.2,,,,,,,,,,-87.03438108,-26.854683,-27.495453,-23.441917,-19.612808
CTGTTACCGCGAACGTGCGA,20,8113,1,2.2,,,,,,,,,,-94.55750377,-27.259216,-28.612495,-18.712845,-13.712193
CTGTCACCGGCTAGATCCGA,20,8113,1,2.2,,,,,,,,,,-90.44315755,-27.610428,-27.277626,-21.53328,-17.486813
CTGTTACCGCGTAGTTCCGA,20,3487,3,6.59,,,,,,,,,,-88.70115866,-27.702263,-26.427696,-18.015656,-17.724464
CTGATACCGGTTCGGTCCGA,20,8113,1,2.2,,,,,,,,,,-90.68099816,-27.463432,-26.082886,-19.302094,-14.0035095
CTGTTTCCGGCGATGTCCGA,20,8113,1,2.2,,,,,,,,,,-85.95119624,-28.054047,-27.137878,-20.854149,-16.293789
CTGTTGCCGGATAGGTCCGA,20,2923,4,8.78,,,,,,,,,,-85.99860012,-27.953377,-26.848991,-21.310997,-17.948368
CTGATACCGGCCAGGTCCGA,20,1205,13,28.54,,,,,,,,,,-94.71631794,-27.572983,-27.544655,-17.823303,-12.81945
CTGCTACCGTGTAGATCCGA,20,8113,1,2.2,,,,,,,,,,-93.97252719,-26.97638,-25.797852,-16.210533,-14.752583
CTGTTACCGGCTACCCCCGA,20,4644,2,4.39,,,,,,,,,,-89.39552377,-27.499641,-28.083664,-19.961853,-17.689709
CTGCTACCGGGAAACTCCGA,20,3487,3,6.59,,,,,,,,,,-107.091635,-27.054924,-28.12883,-14.095505,-10.509422
CTGGTACCGGACAGCTCCGA,20,8113,1,2.2,,,,,,,,,,-89.8330097,-27.32502,-27.951897,-19.855812,-17.64616
CTGTAACCGGTTAGGTCCGA,20,2500,5,10.98,,,,,,,,,,-85.96980813,-27.616058,-26.914093,-22.602325,-19.239254
CTGTTACCGCGTCGTTGCGA,20,8113,1,2.2,,,,,,,,,,-86.94380687,-27.998474,-27.262749,-18.922935,-16.168282
CTGTTTCCAGATATGTGCGA,20,8113,1,2.2,,,,,,,,,,-73.57418351,-27.298126,-25.546547,-23.676872,-24.325104
CTGATACCGGGAATCTCCGA,20,4644,2,4.39,,,,,,,,,,-96.06055647,-27.17511,-27.126953,-17.430183,-12.946327
CTGTAACCGGTTACGTCCGA,20,4644,2,4.39,,,,,,,,,,-85.20841906,-27.384293,-27.03286,-23.10125,-19.301327
CTGCTACTGGGGAGGTCCGA,20,4644,2,4.39,,,,,,,,,,-97.20613878,-27.431053,-27.566216,-20.130753,-18.018837
CTGTTACCGGTGATGTCCGA,20,1205,13,28.54,,,,,,,,,,-94.85548438,-27.212708,-25.669594,-17.496437,-13.390724
CTGTTTCCCGGCAGATTCGA,20,8113,1,2.2,,,,,,,,,,-75.00437539,-28.771042,-29.650406,-25.036842,-27.87737
CTGCTACCGGGGAGCTCCGA,20,1514,10,21.95,,,,,,,,,,-101.1740422,-27.837448,-28.988884,-16.162445,-12.528442
CTGTTACCGGGTACAACCGA,20,1999,7,15.37,,,,,,,,,,-96.50424894,-26.426071,-26.132393,-16.984291,-13.463875
CTGTTACCGGTTACAGCCGA,20,8113,1,2.2,,,,,,,,,,-93.74484444,-26.689339,-25.889679,-17.700699,-16.02285
CTGTTACCCGGAAGATCCGA,20,8113,1,2.2,,,,,,,,,,-94.33004926,-27.344887,-27.457825,-17.210907,-17.450752
CTGATACCGGTAAGTTCCGA,20,4644,2,4.39,,,,,,,,,,-95.59362491,-27.042793,-25.489227,-17.030685,-13.2477
CTGTTACTAGGTAAGTCCGA,20,8113,1,2.2,,,,,,,,,,-85.2583365,-27.034409,-26.145332,-23.21518,-22.030704
CTGATACCGGCCACGTCCGA,20,4644,2,4.39,,,,,,,,,,-92.77895961,-27.564667,-28.1661,-18.171425,-13.275558
CTGTTATCCGGTAGGGCCGA,20,8113,1,2.2,,,,,,,,,,-78.76298928,-27.500557,-27.701057,-24.164902,-25.4773
CTGTTTCCCGGTGGGTCCGA,20,8113,1,2.2,,,,,,,,,,-76.90143245,-28.54898,-27.99369,-23.17939,-23.417374
CTGTTACCAGGTAACTCCGA,20,8113,1,2.2,,,,,,,,,,-91.60985673,-27.122734,-26.854836,-21.033463,-19.117508
CTGTTACCGGCTAGCCCCGA,20,4644,2,4.39,,,,,,,,,,-90.56775812,-27.517174,-28.022392,-19.21251,-16.643314
CTGTTACCTGGTAAGACCGA,20,8113,1,2.2,,,,,,,,,,-88.92890779,-26.694534,-26.13517,-19.519333,-17.781078
CTGTAACCGGGTAGCTCGGA,20,8113,1,2.2,,,,,,,,,,-82.18440391,-28.007355,-28.87696,-23.843712,-23.228527
CTGTTACCGAGGACGTCCGA,20,3487,3,6.59,,,,,,,,,,-87.88637266,-27.627403,-28.219856,-20.39154,-19.055153
CTGTTACCGCCTAGGTCGGA,20,8113,1,2.2,,,,,,,,,,-86.83877018,-28.728981,-28.869423,-19.795952,-21.764736
CTGCTACCGCGTAGGTCCGA,20,1800,8,17.56,,,,,,,,,,-97.00905855,-27.68618,-27.73204,-15.554176,-14.535324
CTGTTACCGGCTATAACCGA,20,8113,1,2.2,,,,,,,,,,-96.11232951,-26.710266,-26.393143,-17.57708,-14.352825
CTGATACCGGCAAGCTCCGA,20,3487,3,6.59,,,,,,,,,,-96.30567275,-27.096863,-27.741638,-16.636223,-11.995373
CTGCTACCGGACAATCCCGA,20,8113,1,2.2,,,,,,,,,,-100.0963717,-26.462975,-27.028198,-15.459343,-12.420864
CTGGTACCGGAAAGGTCCGA,20,8113,1,2.2,,,,,,,,,,-97.68179232,-27.094055,-26.864395,-18.59124,-16.06849
CTGTTACCGCGAAGGTGCGA,20,1999,7,15.37,,,,,,,,,,-95.17689131,-27.410545,-28.364784,-18.689865,-13.945602
CTGGTACCGGCTAAGTCCGA,20,4644,2,4.39,,,,,,,,,,-99.04315097,-27.415955,-27.238419,-17.792427,-15.051464
CTGATACGGGGTAGGGCCGA,20,4644,2,4.39,,,,,,,,,,-86.4318223,-27.02684,-27.381523,-21.937874,-20.590992
CTGATATCGCGTAGGTCCGA,20,8113,1,2.2,,,,,,,,,,-85.94774578,-27.327171,-26.73468,-21.78836,-20.57824
CTGTTACCGGTTAGTCCCGA,20,8113,1,2.2,,,,,,,,,,-90.69918279,-27.368881,-26.0066,-19.412498,-16.461094
CTGGTACCGGGATGGTCCGA,20,8113,1,2.2,,,,,,,,,,-95.68799359,-27.249954,-25.9814,-17.912575,-14.859596
CTGATACCGGGTTACTCCGA,20,8113,1,2.2,,,,,,,,,,-94.84929492,-27.097336,-26.085411,-18.030724,-13.20385
CTGTTTCTGGGTAGGAGCGA,20,8113,1,2.2,,,,,,,,,,-69.01247447,-27.782356,-27.765388,-25.61168,-25.972363
CTGTTACGGGATAGGCCCGA,20,8113,1,2.2,,,,,,,,,,-84.89610012,-27.083939,-27.163841,-21.305397,-19.871376
CTGTTACCTAGTAGGTCCGA,20,2500,5,10.98,,,,,,,,,,-76.87407709,-27.37777,-26.323174,-22.12735,-22.98927
CTGTTGCCCGTTAGGTCCGA,20,8113,1,2.2,,,,,,,,,,-78.76683626,-28.73236,-27.616753,-23.025581,-23.737732
CTGTCACCGGGTAGGTGGGA,20,4644,2,4.39,,,,,,,,,,-79.93007505,-28.241531,-28.14302,-22.937164,-24.712536
CTGCTACCGGGTCGGACCGA,20,618,27,59.27,,,,,,,,,,-96.32857465,-27.381699,-28.283417,-17.366394,-12.849182
CTGTTACGGGGTAGTTCCGA,20,1303,12,26.34,,,,,,,,,,-86.64152496,-27.688583,-26.328209,-20.50248,-17.99545
CTGTCACCGGCAAGGTCCGA,20,8113,1,2.2,,,,,,,,,,-92.11448224,-27.762306,-28.065697,-22.66108,-17.705727
CTGTTACCGCGTACATGCGA,20,8113,1,2.2,,,,,,,,,,-94.0598352,-27.01783,-27.104446,-17.580162,-13.687912
CTGTCACCGGATAAGTCCGA,20,8113,1,2.2,,,,,,,,,,-92.13369654,-27.329758,-26.943253,-22.602669,-17.542828
CTGTTACCGACTTGGTCCGA,20,8113,1,2.2,,,,,,,,,,-85.48004471,-27.46505,-25.55716,-18.541924,-17.757374
CTGTTACGGGGTAGGTTCGA,20,4644,2,4.39,,,,,,,,,,-82.11863414,-28.206375,-27.755737,-22.814926,-21.6544
CTGTTTCCGGGTAAATCCGA,20,8113,1,2.2,,,,,,,,,,-92.6593149,-27.59365,-26.389908,-20.161888,-17.181244
CTGTTTCCCAGTAGGTCCGA,20,8113,1,2.2,,,,,,,,,,-70.74599102,-28.241982,-27.31105,-23.757484,-26.061434
CTGTTACCGGTTCGACCCGA,20,4644,2,4.39,,,,,,,,,,-90.30680988,-27.2491,-26.619759,-19.374931,-16.547165
CTGTTACCGTGTAGGTGCGA,20,1014,16,35.13,,,,,,,,,,-86.96537144,-27.26265,-26.521255,-20.393646,-18.099709
CTGGTACCGGGTAGGGCCGA,20,4644,2,4.39,,,,,,,,,,-91.62496503,-27.222488,-27.64624,-21.152534,-19.721004
CTGCTACCCGGTAGTTCCGA,20,8113,1,2.2,,,,,,,,,,-93.7783218,-27.693535,-26.808159,-15.555923,-15.670662
CTGTCACCGGGTCGGTCGGA,20,8113,1,2.2,,,,,,,,,,-80.96478988,-28.759026,-28.897049,-24.83371,-22.300465
CTGTTACCAGGTAGTACCGA,20,4644,2,4.39,,,,,,,,,,-85.5411812,-26.703682,-25.976036,-21.416527,-19.801186
CTGTTACCGGTAAGGGCCGA,20,8113,1,2.2,,,,,,,,,,-93.77638595,-27.284409,-27.528984,-19.405228,-17.14011
CTGTTACTTGGTAGTTCCGA,20,8113,1,2.2,,,,,,,,,,-76.31110113,-27.131607,-25.021912,-22.966202,-22.454136
CTGTTATCGAGTTAGTCCGA,20,8113,1,2.2,,,,,,,,,,-83.66120657,-27.521751,-26.14196,-22.839485,-22.03772
CTGTTACCTGTTATGTCCGA,20,8113,1,2.2,,,,,,,,,,-83.92907625,-27.071938,-24.92582,-21.536812,-19.720158
CTGATACCGGGGAGCGCCGA,20,4644,2,4.39,,,,,,,,,,-91.80161893,-27.042664,-28.530144,-20.251495,-17.229652
CTGCTACCGGCTTGCTCCGA,20,4644,2,4.39,,,,,,,,,,-94.2379542,-27.751053,-26.903229,-15.613106,-12.65575
CTGTTACCGGGCCAATCCGA,20,3487,3,6.59,,,,,,,,,,-96.26267588,-27.529495,-27.49199,-18.31533,-14.428143
CTGTTACCGAGTTTGTCCGA,20,4644,2,4.39,,,,,,,,,,-86.77737953,-27.39811,-25.3591,-20.622711,-19.45631
CTGCTACCGGGAAGTACCGA,20,4644,2,4.39,,,,,,,,,,-102.006522,-26.749641,-27.4637,-15.191696,-11.841053
CTGTAACCGGCTGGGTCCGA,20,8113,1,2.2,,,,,,,,,,-85.59800454,-27.793404,-27.967842,-22.714493,-19.207058
CTGTTACTGCGTGGGTCCGA,20,8113,1,2.2,,,,,,,,,,-81.19666211,-27.35553,-26.58699,-22.48442,-22.344826
CTGTTACGGGGACGGTCCGA,20,4644,2,4.39,,,,,,,,,,-87.78590517,-27.783806,-27.994919,-22.054008,-18.149754
CTGTTACTAGGTATGGCCGA,20,8113,1,2.2,,,,,,,,,,-76.00368651,-26.56794,-25.397285,-23.108925,-23.90046
CTGTTACCGGGAACGACCGA,20,1397,11,24.15,,,,,,,,,,-97.10330831,-26.827904,-27.813354,-17.524467,-13.441662
CTGTTACCGGGTAGTAGCGA,20,8113,1,2.2,,,,,,,,,,-89.77850807,-27.297066,-27.124222,-18.779968,-19.206242
CTGCTACCCGCTAGGTCGGA,20,4644,2,4.39,,,,,,,,,,-97.61772093,-28.408615,-29.11921,-15.701447,-13.375126
CTGTTACCGTCTCTGTCCGA,20,8113,1,2.2,,,,,,,,,,-81.48471868,-27.967361,-26.23404,-20.885056,-18.722103
CTGTTACCATGTAGGTCCGA,20,2500,5,10.98,,,,,,,,,,-76.14184741,-27.221329,-25.894669,-22.841324,-22.46783
CTGTTACCGGATGTGTCCGA,20,8113,1,2.2,,,,,,,,,,-93.39643394,-27.192848,-25.393654,-18.384521,-13.963612
CTGTTACCGGATTGAACCGA,20,8113,1,2.2,,,,,,,,,,-93.17715813,-26.450348,-25.45858,-18.015717,-14.813534
CTGTTACCGTGTACGTGCGA,20,8113,1,2.2,,,,,,,,,,-86.32575772,-27.116035,-26.500092,-20.395172,-17.805641
CTGTTACCGGTTTCGTCCGA,20,2216,6,13.17,,,,,,,,,,-90.82372075,-27.798462,-26.08767,-19.790184,-15.66769
CTGTTACGAGGAACGTCCGA,20,4644,2,4.39,,,,,,,,,,-82.19752351,-27.279762,-27.788162,-23.816505,-22.562412
CTGTTACCCGGTCGGTGCGA,20,8113,1,2.2,,,,,,,,,,-83.50475229,-27.97268,-28.307457,-20.767029,-22.952042
CTGATACCGCGTAGGGCCGA,20,4644,2,4.39,,,,,,,,,,-88.78493836,-27.142761,-27.914986,-19.721024,-19.57241
CTGTTACCGGGTCGTACCGA,20,3487,3,6.59,,,,,,,,,,-89.40254206,-27.29036,-26.874184,-19.332565,-16.04879
CTGTTACGGGGTACTTCCGA,20,8113,1,2.2,,,,,,,,,,-85.35716943,-27.739517,-27.030373,-21.217232,-18.89423
CTGTTACCGCGTAGATGCGA,20,2923,4,8.78,,,,,,,,,,-94.34887742,-27.217323,-27.1372,-17.274475,-13.5757675
CTGCTACCGGCAAGCGCCGA,20,8113,1,2.2,,,,,,,,,,-99.45770531,-27.0167,-28.892632,-16.163353,-10.955074
CTGTTACCGAGTAAATCCGA,20,3487,3,6.59,,,,,,,,,,-94.16048629,-26.802094,-26.079247,-17.891365,-16.73751
CTGTTTCCGGCTTGGTCCGA,20,3487,3,6.59,,,,,,,,,,-81.94261327,-28.41037,-26.482338,-21.455917,-18.383453
CTGTTACTGGGCAGGACCGA,20,8113,1,2.2,,,,,,,,,,-86.19392122,-26.94983,-27.2883,-23.194069,-20.89275
CTGTTACCAGCCTGGTCCGA,20,8113,1,2.2,,,,,,,,,,-80.98344733,-27.601479,-26.917633,-21.815857,-19.907627
CTGTTACTGCGTAAGACCGA,20,8113,1,2.2,,,,,,,,,,-85.14329675,-26.481392,-26.386963,-20.780418,-21.457134
CTGTTTCCTGGTAGGTCCGA,20,2500,5,10.98,,,,,,,,,,-75.76855692,-28.015862,-26.556793,-23.60691,-22.517902
CTGTTACCGGGCAGCACCGA,20,1800,8,17.56,,,,,,,,,,-92.47672211,-27.15335,-28.389435,-20.172073,-16.822533
CTGGTACGGGGTAGGTCGGA,20,8113,1,2.2,,,,,,,,,,-82.88631633,-28.112488,-27.937386,-23.336647,-22.85326
CTGTTACCGTGTAGCTCCGA,20,1800,8,17.56,,,,,,,,,,-84.89330541,-27.513031,-26.390213,-20.21598,-19.076519
CTGATACCGGGTTTGCCCGA,20,4644,2,4.39,,,,,,,,,,-93.15840802,-26.64927,-25.325363,-18.637062,-14.088058
CTGTTACCTGATTGATCCGA,20,4644,2,4.39,,,,,,,,,,-83.12162249,-26.719559,-24.154297,-19.308647,-18.585926
CTGCTACCGGCTACACCCGA,20,4644,2,4.39,,,,,,,,,,-100.3269252,-26.646202,-27.64029,-15.48484,-13.0831375
CTGTTACTGTGTAGGTCCGA,20,2500,5,10.98,,,,,,,,,,-78.59981924,-27.100594,-25.71614,-23.395134,-22.389313
CTGTTACCGGGTATGGCCGA,20,463,39,85.62,,,,,,,,,,-92.96201084,-26.94236,-25.989975,-16.611244,-14.882683
CTGCTACTGGGTAGGACCGA,20,8113,1,2.2,,,,,,,,,,-94.59740549,-26.709,-26.814125,-20.010025,-17.604908
CTGTTACCGGTTATGACCGA,20,2500,5,10.98,,,,,,,,,,-92.74672533,-26.852158,-25.648537,-18.08339,-14.611824
CTGCTGCCGGGTAGGACGGA,20,8113,1,2.2,,,,,,,,,,-87.83722322,-28.085014,-29.265663,-21.513283,-20.826828
CTGTTACCGGGATGTTCGGA,20,8113,1,2.2,,,,,,,,,,-90.14648976,-27.878563,-26.996002,-19.584732,-18.802544
CTGCTACCGGGTAGCACCGA,20,2500,5,10.98,,,,,,,,,,-99.38571839,-26.777908,-27.469666,-16.131569,-12.33408
CTGTTACCTGGAACGTCCGA,20,8113,1,2.2,,,,,,,,,,-88.84857933,-27.207718,-27.031006,-20.555733,-18.734116
CTGTTATCGGTTGGGTCCGA,20,8113,1,2.2,,,,,,,,,,-84.80289098,-27.896202,-26.711578,-23.936356,-20.36787
CTGTTACCGGGTTAAGCCGA,20,8113,1,2.2,,,,,,,,,,-95.96441837,-26.979874,-26.420464,-17.524628,-15.5255165
CTGCTACCGGGTATACCCGA,20,4644,2,4.39,,,,,,,,,,-102.9591331,-26.485184,-26.181679,-15.240623,-11.458797
CTGTTACCAGGCAGGACCGA,20,8113,1,2.2,,,,,,,,,,-84.588538,-26.998344,-28.037727,-23.24469,-20.903362
CTGTTACCGGAGAGGGCCGA,20,8113,1,2.2,,,,,,,,,,-91.73475594,-27.285149,-28.219498,-19.872757,-17.86377
CTGCTACCGGGTGACTCCGA,20,4644,2,4.39,,,,,,,,,,-101.6004375,-27.478424,-27.55391,-15.260864,-11.703609
CTGTAACCGGGTTAGTCCGA,20,8113,1,2.2,,,,,,,,,,-89.5088637,-27.472153,-26.87085,-22.129387,-17.83953
CTGATACCGGGGTGGTTCGA,20,8113,1,2.2,,,,,,,,,,-88.50526145,-27.777924,-26.963112,-19.636307,-17.76646
CTGATACCGGGTAAACCCGA,20,8113,1,2.2,,,,,,,,,,-101.2636705,-26.058426,-26.354645,-16.828522,-11.908871
CTGCTTCCGTGTAGGTCCGA,20,4644,2,4.39,,,,,,,,,,-82.23258586,-28.10653,-27.088837,-21.940361,-21.353432
CTGTTACCGGTACGCGCCGA,20,8113,1,2.2,,,,,,,,,,-86.90240771,-27.22364,-27.882301,-20.50225,-18.572796
CTGTTACGGAGTCGGTCCGA,20,8113,1,2.2,,,,,,,,,,-75.59859,-27.746323,-27.140518,-22.847572,-21.075016
CTGTTACCGGCGATATCCGA,20,8113,1,2.2,,,,,,,,,,-97.37380463,-27.188622,-26.887665,-16.898949,-13.842701
CTGTCACCCGGTTGGTCCGA,20,8113,1,2.2,,,,,,,,,,-79.51955548,-28.197456,-26.713501,-23.117683,-22.005867
CTGTTATCTGATAGGTCCGA,20,8113,1,2.2,,,,,,,,,,-77.94484604,-27.374191,-26.18428,-24.911964,-23.869
CTGTTACCGAGTACGACCGA,20,8113,1,2.2,,,,,,,,,,-86.78339482,-26.797737,-26.859756,-19.77301,-19.0285
CTGTTACCCAGAAGGTCCGA,20,4644,2,4.39,,,,,,,,,,-84.48277316,-27.552643,-27.691856,-20.27156,-22.728748
CTGATACCGGGGTGTTCCGA,20,8113,1,2.2,,,,,,,,,,-92.75480725,-27.192963,-25.8153,-17.456772,-14.182705
CTGTTACCGGGATTGTCCGA,20,2500,5,10.98,,,,,,,,,,-95.60304673,-27.350716,-25.57167,-17.724548,-13.161922
CTGATACCGGGTGTCTCCGA,20,4644,2,4.39,,,,,,,,,,-91.61910282,-27.530731,-26.45736,-18.64267,-14.242657
CTGTTACCGGCTACGGCCGA,20,2500,5,10.98,,,,,,,,,,-93.30573931,-27.358147,-27.82592,-18.084785,-14.162422
CTGTTACCGAGTAGGACCGA,20,787,21,46.1,,,,,,,,,,-87.06391925,-27.024033,-27.159103,-20.314148,-19.177773
CTGTAACCGGCTAGATCCGA,20,8113,1,2.2,,,,,,,,,,-90.04368723,-27.254013,-27.218452,-20.640732,-17.49524
CTGTTACCGATTAGGGCCGA,20,4644,2,4.39,,,,,,,,,,-81.77125111,-27.297539,-27.270493,-22.180817,-22.10162
CTGTTACCCGGTCGCTCCGA,20,8113,1,2.2,,,,,,,,,,-85.05940561,-28.409805,-28.457085,-20.808891,-20.956684
CTGCTACCTGGTCGGTCCGA,20,8113,1,2.2,,,,,,,,,,-88.24428813,-27.748001,-27.067833,-19.697845,-17.647133
CTGTTACCGGCTAGGGCCGA,20,326,65,142.7,,,,,,,,,,-94.15365635,-27.579163,-28.091972,-19.003181,-14.673439
CTGCTACCGGGTAGGGCGGA,20,4644,2,4.39,,,,,,,,,,-95.10839403,-27.607025,-28.708855,-17.217293,-17.644035
CTGTTACTGCGTAGATCCGA,20,8113,1,2.2,,,,,,,,,,-84.3966263,-26.82148,-25.498749,-20.2911,-20.622253
CTGATACCGGCTAGATGCGA,20,8113,1,2.2,,,,,,,,,,-96.27999263,-26.831345,-26.66259,-16.65664,-15.665913
CTGTTACCCGGCAGTTCCGA,20,8113,1,2.2,,,,,,,,,,-88.47835242,-27.93303,-27.97673,-19.001549,-19.51197
CTGTTACCCGGCAGGTTCGA,20,8113,1,2.2,,,,,,,,,,-84.46907287,-28.497185,-29.67176,-22.14972,-24.429241
CTGTTTCCCGGAAGGTCCGA,20,4644,2,4.39,,,,,,,,,,-83.64971503,-28.312729,-28.20633,-22.190079,-22.371967
CTGTTTCCGGGTACGACCGA,20,8113,1,2.2,,,,,,,,,,-83.82749357,-27.591858,-26.988998,-20.696892,-17.901562
CTGTAACCGGGGAGGGCCGA,20,8113,1,2.2,,,,,,,,,,-84.87324564,-27.426949,-29.41143,-26.004982,-23.96542
CTGCTACCTGGTAGGTGCGA,20,8113,1,2.2,,,,,,,,,,-90.56300171,-27.143387,-26.876205,-19.013557,-20.380806
CTGATACCGGCTGGCTCCGA,20,4644,2,4.39,,,,,,,,,,-89.8382843,-27.566704,-27.354042,-17.935287,-14.020622
CTGTTACCGGATTAGTCCGA,20,3487,3,6.59,,,,,,,,,,-97.16713344,-27.284454,-25.836578,-17.89595,-13.309002
CTGTTACCGTTCTGGACCGA,20,8113,1,2.2,,,,,,,,,,-78.2547157,-27.294792,-26.289047,-20.452942,-19.529266
CTGTTACCGCGTGGGTGCGA,20,1397,11,24.15,,,,,,,,,,-90.70501986,-27.69204,-28.016083,-19.589073,-15.456394
CTGTCACCGGTTAGGTCCGA,20,1657,9,19.76,,,,,,,,,,-86.61056844,-27.981682,-26.901398,-23.7247,-18.961357
CTGCTACCGGGTACCACCGA,20,4644,2,4.39,,,,,,,,,,-98.93767807,-26.727898,-27.179382,-15.823456,-12.262508
CTGGTACCCGGTATGTCCGA,20,8113,1,2.2,,,,,,,,,,-87.72553761,-27.362701,-26.006554,-19.361908,-19.818176
CTGTTACCGGGCCGGACCGA,20,2923,4,8.78,,,,,,,,,,-88.48198863,-27.774063,-29.136566,-21.5643,-16.780418
CTGTTACCGGTAGGTCCCGA,20,8113,1,2.2,,,,,,,,,,-90.6313757,-27.487305,-26.712059,-19.806,-17.128395
CTGATACGGGGTAGCCCCGA,20,8113,1,2.2,,,,,,,,,,-85.95033669,-26.913475,-27.177582,-21.64975,-18.945942
CTGTTACCGGGCTTCTCCGA,20,8113,1,2.2,,,,,,,,,,-88.80245602,-28.416344,-28.007996,-21.502876,-17.748856
CTGCTACCGGCTAGACCCGA,20,3487,3,6.59,,,,,,,,,,-101.1363367,-26.930336,-27.801239,-15.44072,-12.677967
CTGATTCCCGGTTGTTCCGA,20,8113,1,2.2,,,,,,,,,,-73.61831778,-27.810555,-25.246819,-22.234505,-23.158844
CTGAAACCGGGTAAGTGCGA,20,4644,2,4.39,,,,,,,,,,-88.94994274,-26.793999,-27.634499,-22.490746,-20.689362
CTGTTTCCACGTAGGTCCGA,20,8113,1,2.2,,,,,,,,,,-70.35229559,-28.062874,-27.026527,-24.003845,-24.78029
CTGTTATCGGGTATGTCCGA,20,1133,14,30.73,,,,,,,,,,-88.91418455,-27.422592,-25.713211,-20.759293,-17.206104
CTGTTACCGGGTAATTTCGA,20,4644,2,4.39,,,,,,,,,,-90.57603486,-28.06424,-27.962906,-20.58493,-19.687683
CTGTTACCGGGTCTGCCCGA,20,3487,3,6.59,,,,,,,,,,-91.45443713,-27.442688,-26.760551,-19.032661,-15.2772255
CTGTTACCGGGAACGCCGGA,20,8113,1,2.2,,,,,,,,,,-94.49942787,-27.189072,-28.70816,-19.530243,-17.586487
CTGTTACCGGACATCTCCGA,20,4644,2,4.39,,,,,,,,,,-91.67213802,-27.55722,-27.586464,-19.504425,-16.60659
CTGTTTCCGGTTAGGCGCGA,20,8113,1,2.2,,,,,,,,,,-78.00931752,-28.060165,-28.09449,-23.58049,-24.459236
CTGTTACCGGCTTCATCCGA,20,8113,1,2.2,,,,,,,,,,-94.34546245,-27.601112,-26.389793,-17.734062,-14.759975
CTGTTACCGGGAATAGCCGA,20,4644,2,4.39,,,,,,,,,,-96.94026751,-26.731361,-26.584732,-16.607101,-14.739449
CTGATACCGGTTAGCTCCGA,20,2923,4,8.78,,,,,,,,,,-91.69908549,-27.254974,-26.215714,-18.466248,-14.201756
CTGATACTGGTTAGGTCCGA,20,8113,1,2.2,,,,,,,,,,-87.6713209,-26.959785,-25.319138,-21.28865,-17.892284
CTGCTACCGGGAATGCCCGA,20,2923,4,8.78,,,,,,,,,,-104.8317024,-26.523277,-26.814804,-13.8281555,-10.28727
CTGATACCGGGGACGCCCGA,20,8113,1,2.2,,,,,,,,,,-96.25645451,-26.946724,-28.444992,-19.015198,-14.28199
CTGCTACCGTGTGGGTCCGA,20,8113,1,2.2,,,,,,,,,,-89.80739673,-27.601357,-26.807793,-18.631538,-16.958897
CTGTTACCGGGTATGCGCGA,20,8113,1,2.2,,,,,,,,,,-91.22409596,-26.925209,-26.580986,-18.09877,-17.492813
CTGTTACGGTGGAGGTCCGA,20,8113,1,2.2,,,,,,,,,,-78.3255394,-27.715454,-27.258156,-23.499763,-22.131199
CTGTAACCGGCTAGTTGCGA,20,8113,1,2.2,,,,,,,,,,-82.55381166,-27.566467,-27.334778,-22.061874,-22.754456
CTGTTGCCGGGCAGGCCCGA,20,3487,3,6.59,,,,,,,,,,-85.87265147,-28.085648,-28.954254,-23.222824,-20.878098
CTGATACCGGGACTGTCCGA,20,8113,1,2.2,,,,,,,,,,-94.78256567,-27.110306,-26.630074,-17.88765,-12.114792
CTGGTACCGGGTAGCCCCGA,20,8113,1,2.2,,,,,,,,,,-92.19340444,-27.144943,-27.382607,-20.392632,-18.05597
CTGTTACCGGTTGGGGCCGA,20,8113,1,2.2,,,,,,,,,,-87.97755366,-27.514519,-27.53341,-20.954643,-18.944576
CTGATACCGGCTAGGTTCGA,20,8113,1,2.2,,,,,,,,,,-90.58246007,-27.88649,-27.046822,-18.444633,-16.545456
CTGTTACCGGGCAGCCCGGA,20,8113,1,2.2,,,,,,,,,,-87.83258443,-27.858055,-29.513786,-22.253036,-20.868362
CTGTTACCGGGGCGTTCCGA,20,2500,5,10.98,,,,,,,,,,-90.99251778,-28.047676,-28.224426,-19.730309,-16.379452
CTGTTACTGCGAACGTCCGA,20,8113,1,2.2,,,,,,,,,,-85.52852184,-26.952187,-27.148315,-21.503029,-21.784874
CTGTTACCGGGGATGTGGGA,20,8113,1,2.2,,,,,,,,,,-87.14255558,-27.892326,-27.74002,-19.967552,-21.432472
CTGATACCGGCTAGTTCCGA,20,925,18,39.52,,,,,,,,,,-94.21527204,-27.298904,-25.846596,-16.777,-12.491634
CTGTCACCGGGTGTGTCCGA,20,8113,1,2.2,,,,,,,,,,-85.9248565,-27.779472,-26.423485,-23.334503,-17.59731
CTGTTACCGGGGTGGGCCGA,20,3487,3,6.59,,,,,,,,,,-90.67576301,-27.422424,-27.72641,-20.060463,-17.287178
CTGCTACCGGGGCGGTCCGA,20,1133,14,30.73,,,,,,,,,,-99.03503708,-28.005104,-29.083946,-17.835907,-12.9365425
CTGTTACCGTGCAGATCCGA,20,8113,1,2.2,,,,,,,,,,-86.98120911,-27.047958,-26.01358,-19.156815,-17.457623
CTGCTACCGGGTGGTACCGA,20,8113,1,2.2,,,,,,,,,,-96.00546466,-26.951515,-26.772339,-16.585182,-13.098888
CTGATACTGAGTATGTCCGA,20,8113,1,2.2,,,,,,,,,,-81.94628574,-26.381172,-24.583374,-20.83059,-20.954967
CTGATACCGGCTACTTCCGA,20,8113,1,2.2,,,,,,,,,,-92.29867855,-27.312706,-26.55857,-17.86319,-13.944977
CTGATGCCGGGTAGCTCCGA,20,8113,1,2.2,,,,,,,,,,-85.3549846,-27.802452,-27.476097,-21.687057,-17.438244
CTGTTACCGGGTGCGACCGA,20,2216,6,13.17,,,,,,,,,,-91.92260995,-27.13984,-27.463478,-18.618736,-14.349613
CTGTTACCAGGTCAGTCCGA,20,8113,1,2.2,,,,,,,,,,-89.0670365,-27.484688,-26.851555,-21.174965,-18.314465
CTGTTATCGGCTAGGTCCGA,20,1205,13,28.54,,,,,,,,,,-89.88749582,-27.90197,-27.214668,-21.79663,-18.469414
CTGTTACCGGCTCGGCCCGA,20,8113,1,2.2,,,,,,,,,,-89.62923929,-27.966888,-28.724113,-20.529747,-16.9897
CTGTTACCGGAAATGTCCGA,20,3487,3,6.59,,,,,,,,,,-98.00125369,-26.849037,-25.786278,-16.051483,-12.336216
CTGATACCGGGGAGGCCCGA,20,2500,5,10.98,,,,,,,,,,-97.54247761,-27.034119,-28.244911,-19.389885,-14.325134
CTGTTACCGTGTGGTTCCGA,20,8113,1,2.2,,,,,,,,,,-81.89590988,-27.571014,-25.184319,-20.069397,-19.272518
CTGCTACCGGGCAGAACCGA,20,8113,1,2.2,,,,,,,,,,-101.917185,-26.642487,-28.019112,-16.003014,-11.952976
CTGTTACCGGGAATTCCCGA,20,4644,2,4.39,,,,,,,,,,-95.44426962,-27.046165,-26.499725,-17.947937,-15.103127
CTGTTATCTGGTTGGTCCGA,20,8113,1,2.2,,,,,,,,,,-75.67447152,-27.45626,-25.48436,-24.020653,-23.109982
CTGTTACCGGCTTGATCCGA,20,1657,9,19.76,,,,,,,,,,-95.17704691,-27.371109,-25.69262,-16.42128,-13.352398
CTGATACCGGGTATGTTCGA,20,8113,1,2.2,,,,,,,,,,-89.22542496,-27.386703,-25.655777,-17.488335,-15.920914
CTGATACCGGGTATTTCCGA,20,8113,1,2.2,,,,,,,,,,-93.77170212,-27.132217,-25.524918,-18.091614,-14.593288
CTGCTACCGGGCGAATCCGA,20,8113,1,2.2,,,,,,,,,,-103.6210728,-27.206276,-28.02462,-15.374336,-11.280048
CTGATACCGGCACGGTCCGA,20,2923,4,8.78,,,,,,,,,,-95.52251822,-27.212067,-27.613632,-17.919449,-11.796772
CTGTTACCAGGTAAGTGCGA,20,8113,1,2.2,,,,,,,,,,-89.76091317,-27.022133,-26.852486,-20.55053,-20.622795
CTGTTACCACGCAGGTGCGA,20,8113,1,2.2,,,,,,,,,,-81.41679717,-27.196854,-28.356415,-22.637215,-19.553722
CTGTTACCGGATTTGGCCGA,20,8113,1,2.2,,,,,,,,,,-88.62253439,-27.041145,-25.829239,-19.31668,-17.453262
CTGCTACCGGATCTGTCCGA,20,4644,2,4.39,,,,,,,,,,-96.37132992,-27.407112,-26.221916,-16.317558,-12.683685
CTGATACCGGGCTGGACCGA,20,8113,1,2.2,,,,,,,,,,-90.78668072,-26.998032,-27.456215,-19.951149,-14.578907
CTGTAACCGGGGCGGCCCGA,20,8113,1,2.2,,,,,,,,,,-83.93062603,-27.666718,-30.09945,-27.226135,-23.300106
CTGATATCGGGTGGGTCCGA,20,4644,2,4.39,,,,,,,,,,-88.75653882,-27.451294,-26.878593,-22.784767,-18.207424
CTGTTTCTCGCATGATCCGA,20,8113,1,2.2,,,,,,,,,,-72.86274238,-27.359146,-25.789131,-23.2277,-24.114246
CTGTTACCGGGCACATCCGA,20,925,18,39.52,,,,,,,,,,-97.33209884,-27.271324,-27.652344,-17.99701,-14.4489975
CTGTTACCGGAAACCGCCGA,20,8113,1,2.2,,,,,,,,,,-91.75269131,-26.65068,-27.920158,-19.435364,-18.03521
CTGATACCGGAGAGGACCGA,20,8113,1,2.2,,,,,,,,,,-93.00443333,-26.646835,-27.675446,-19.04612,-14.253754
CTGTTTCCGGGTAGATGCGA,20,4644,2,4.39,,,,,,,,,,-84.56102235,-27.735931,-26.963219,-20.999504,-21.375027
CTGTTACCGGTTAAACCCGA,20,8113,1,2.2,,,,,,,,,,-98.20231612,-26.490524,-26.135956,-18.02433,-14.632061
CTGTTACCGGGTGCTTCCGA,20,2923,4,8.78,,,,,,,,,,-91.95255353,-27.75879,-26.56311,-19.245987,-15.398148
CTGTTACCTCGTAGGTCCGA,20,2923,4,8.78,,,,,,,,,,-79.92435298,-27.724823,-26.894852,-21.018288,-22.126095
CTGATACCGGCTACGACCGA,20,8113,1,2.2,,,,,,,,,,-92.9264613,-26.696106,-27.331818,-17.647049,-12.978279
CTGTTACCAAGTAGATCCGA,20,4644,2,4.39,,,,,,,,,,-80.28752688,-26.855896,-25.68367,-21.087822,-22.055595
CTGTTTCCGGGTGGCTCCGA,20,4644,2,4.39,,,,,,,,,,-80.34266601,-28.459251,-27.739098,-23.15638,-20.609589
CTGCTATCGGGTATGACCGA,20,8113,1,2.2,,,,,,,,,,-93.78581793,-26.824867,-26.210167,-18.810661,-16.322144
CTGTTACGGGATATGTCCGA,20,8113,1,2.2,,,,,,,,,,-86.41266685,-27.144966,-25.420921,-18.944489,-17.09834
CTGTTACCGATCATATCCGA,20,4644,2,4.39,,,,,,,,,,-87.83433613,-26.83493,-25.524078,-19.631454,-19.418892
CTGCTACCGGTTAAGGCCGA,20,4644,2,4.39,,,,,,,,,,-100.0586586,-27.014748,-27.166199,-15.931831,-13.763409
CTGTTATCGCCTAGATCCGA,20,8113,1,2.2,,,,,,,,,,-83.42507949,-27.700722,-26.672928,-21.299973,-22.395058
CTGTTATCGGGTAGCGCCGA,20,3487,3,6.59,,,,,,,,,,-83.4986705,-27.316933,-27.484192,-23.159416,-22.381104
CTGATACCGGGTATGACCGA,20,925,18,39.52,,,,,,,,,,-94.37958697,-26.406906,-25.773346,-16.732353,-12.196396
CTGCTACCCGGGAGGTCCGA,20,8113,1,2.2,,,,,,,,,,-97.00253445,-27.961205,-29.03823,-16.741096,-16.281307
CTGATACCGGTTATGGCCGA,20,8113,1,2.2,,,,,,,,,,-90.51629036,-26.606499,-25.329422,-17.734566,-15.379322
CTGTTACGCGGTGGGTCCGA,20,8113,1,2.2,,,,,,,,,,-80.30810177,-27.696556,-27.546997,-21.859818,-21.87466
CTGTTACTTGGGAGGTCCGA,20,8113,1,2.2,,,,,,,,,,-78.80323138,-27.493996,-27.116364,-24.776863,-24.495605
CTGTTACTGGGAAGATCCGA,20,8113,1,2.2,,,,,,,,,,-92.91082508,-26.892372,-26.14988,-20.266777,-18.043743
CTGTTACCAGGGACGACCGA,20,8113,1,2.2,,,,,,,,,,-85.12110726,-27.029282,-28.011322,-22.655304,-20.580215
CTGATTCGGGCCAGGTCCGA,20,8113,1,2.2,,,,,,,,,,-75.4950688,-28.283035,-27.694344,-24.268158,-22.48999
CTGTTACCGAGTCGATCCGA,20,8113,1,2.2,,,,,,,,,,-86.27776334,-27.390594,-26.341843,-18.975655,-17.93668
CTGTTATCGGGCTGGTCCGA,20,8113,1,2.2,,,,,,,,,,-85.22077471,-27.889633,-27.133598,-22.98973,-19.752224
CTGATACCGGTGAGATCCGA,20,8113,1,2.2,,,,,,,,,,-97.27239807,-26.863037,-25.97741,-16.5531,-12.188465
CTGCTACCGGCTGTGTCCGA,20,4644,2,4.39,,,,,,,,,,-97.8029407,-27.540878,-26.544724,-15.995781,-12.13369
CTGTTGCCGGGTAAACCCGA,20,8113,1,2.2,,,,,,,,,,-92.46945065,-27.110893,-26.897346,-19.96318,-17.499851
CTGTTACTGGATTGGTCCGA,20,8113,1,2.2,,,,,,,,,,-85.2969866,-26.923271,-24.561005,-20.661537,-18.593845
CTGTTACCCGATAGGTCGGA,20,8113,1,2.2,,,,,,,,,,-92.66883137,-28.042274,-27.850822,-19.81826,-17.437836
CTGTTACCGGGTAATACCGA,20,2500,5,10.98,,,,,,,,,,-96.69927521,-26.642357,-26.074356,-17.342949,-13.88615
CTGTTACCCGGTAAGTGCGA,20,8113,1,2.2,,,,,,,,,,-91.72694601,-27.36451,-27.610603,-18.313087,-20.550423
CTGCCATCGGGTAGGTCCGA,20,8113,1,2.2,,,,,,,,,,-90.58600253,-28.0121,-27.940292,-24.69062,-21.375679
CTGATACCGGCTGAGTCCGA,20,8113,1,2.2,,,,,,,,,,-97.68034284,-27.230042,-27.002037,-17.183746,-11.656433
CTGTTACCGGATTGCTCCGA,20,3487,3,6.59,,,,,,,,,,-89.95458452,-27.221214,-25.493439,-17.994606,-15.037228
CTGTTACCGGGTAAGATCGA,20,4644,2,4.39,,,,,,,,,,-91.40235443,-27.479599,-27.528923,-18.693817,-17.340473
CTGTTACCGAGTAGATGCGA,20,4644,2,4.39,,,,,,,,,,-90.04231289,-26.984245,-26.506744,-18.481895,-16.973297
CTGATACCGGCTAGGACCGA,20,597,28,61.47,,,,,,,,,,-94.69253991,-26.920677,-27.498245,-18.317467,-13.239704
CTGTTTCCGGGTTCGCCCGA,20,8113,1,2.2,,,,,,,,,,-81.07332968,-28.093605,-27.011436,-21.839134,-19.768166
CTGTCACCGGGAAGGCCCGA,20,3487,3,6.59,,,,,,,,,,-90.09344982,-27.405327,-28.743141,-24.97763,-20.333961
CTGTTTCCAGGTAGATCCGA,20,8113,1,2.2,,,,,,,,,,-79.85652802,-27.64785,-26.100296,-22.868279,-22.00135
CTGTTACCGAGTTGGCCCGA,20,8113,1,2.2,,,,,,,,,,-84.21171002,-27.03212,-26.16352,-20.252869,-19.97982
CTGTTACGTGATTGGTCCGA,20,8113,1,2.2,,,,,,,,,,-73.33738818,-27.072052,-24.702614,-22.115501,-22.339752
CTGTTACCGCGTAAATCCGA,20,2216,6,13.17,,,,,,,,,,-95.26805705,-27.022957,-26.65435,-16.375648,-15.530529
CTGTAACCGGGCAGGGCCGA,20,8113,1,2.2,,,,,,,,,,-84.38439377,-27.449425,-29.40062,-26.143982,-24.188248
CTGATACCGCGTAAGGGCGA,20,8113,1,2.2,,,,,,,,,,-92.97458776,-27.139412,-28.495453,-18.858345,-15.46376
CTGTTACCGGTGACGCCCGA,20,8113,1,2.2,,,,,,,,,,-91.51894786,-27.086075,-27.410362,-19.353271,-16.018284
CTGGTACCGGGTAAGCCCGA,20,4644,2,4.39,,,,,,,,,,-99.60684427,-26.761559,-27.100838,-18.853012,-16.441479
CTGTTACCCGGCAGGACCGA,20,4644,2,4.39,,,,,,,,,,-88.63949839,-27.497566,-28.97979,-20.731201,-20.048649
CTGTTTCCGGGTACGTTCGA,20,4644,2,4.39,,,,,,,,,,-78.69284948,-28.637405,-28.536865,-23.566116,-22.886024
CTGCTTCTGGGTAGCTCCGA,20,8113,1,2.2,,,,,,,,,,-83.57323196,-27.953537,-27.272766,-23.574844,-22.028797
CTGATACCGGGAAGCCCCGA,20,8113,1,2.2,,,,,,,,,,-96.4756185,-26.767311,-27.918442,-19.010643,-14.047386
CTGTTTCCGGGTACTTCCGA,20,8113,1,2.2,,,,,,,,,,-83.89489193,-28.263504,-26.99414,-22.588844,-19.91415
CTGTTACCGAGTAGTTCCGA,20,971,17,37.32,,,,,,,,,,-87.26238182,-27.41755,-25.795471,-19.110199,-18.018463
CTGCTACCGGGAGGATCCGA,20,4644,2,4.39,,,,,,,,,,-103.8308218,-27.309532,-27.712349,-14.978996,-10.80925
CTGTTACCGGGATGCGCCGA,20,8113,1,2.2,,,,,,,,,,-90.82688076,-27.029167,-27.23191,-19.41034,-17.191128
CTGCTACCGGGACGCTCCGA,20,8113,1,2.2,,,,,,,,,,-99.21312297,-27.784615,-28.97673,-16.911858,-12.67527
CTGTTTCCGTGTAGGACCGA,20,8113,1,2.2,,,,,,,,,,-73.12237423,-27.697891,-26.74427,-23.510147,-22.725082
CTGTTACCGGACTGATCCGA,20,8113,1,2.2,,,,,,,,,,-93.90745198,-27.006134,-26.072144,-17.703773,-14.053562
CTGTTACCGGGTGGATGCGA,20,8113,1,2.2,,,,,,,,,,-92.24694228,-27.164467,-26.761482,-17.634323,-17.314129
CTGTTACGTGGTAGGTCCGA,20,2216,6,13.17,,,,,,,,,,-79.34042434,-27.366905,-26.155426,-22.256416,-21.587528
CTGTTATCGGGCAGTCCCGA,20,8113,1,2.2,,,,,,,,,,-84.628537,-27.600227,-27.54705,-23.222183,-21.462456
CTGTTTCCGGGACGGTCCGA,20,4644,2,4.39,,,,,,,,,,-84.9152295,-28.343872,-28.199303,-22.740997,-18.787766
CTGATACCGGTTAAGTCCGA,20,665,25,54.88,,,,,,,,,,-98.74006766,-26.993828,-26.02121,-17.329803,-11.828327
CTGTTACCGAGTATGTCGGA,20,8113,1,2.2,,,,,,,,,,-86.05005526,-27.574837,-26.543945,-20.250252,-22.172775
CTGCTACCGACTATGTCCGA,20,8113,1,2.2,,,,,,,,,,-92.8548477,-27.012192,-25.712036,-15.647148,-15.443737
CTGTAACCGCCTAGGTCCGA,20,8113,1,2.2,,,,,,,,,,-80.634586,-28.115173,-28.467155,-22.456413,-21.959831
CTGCTACCGGTTATGTCCGA,20,872,19,41.71,,,,,,,,,,-98.94195611,-27.246391,-25.534134,-16.091652,-12.570007
CTGTTACCCGGTTGGTCGGA,20,2216,6,13.17,,,,,,,,,,-90.00137981,-28.20691,-27.034996,-19.321846,-17.095245
CTGTTGCCGGGTAGGTCGGA,20,3487,3,6.59,,,,,,,,,,-83.34711693,-28.680283,-28.278893,-22.794212,-21.710522
CTGCTGCCGGCTAGGTCCGA,20,8113,1,2.2,,,,,,,,,,-91.26650413,-28.384483,-28.39048,-19.78733,-17.03506
CTGCTACCGGGGAGAACCGA,20,8113,1,2.2,,,,,,,,,,-102.3990084,-26.808746,-28.194092,-15.191811,-11.430927
CTGTTGCCGGCTAGTTCCGA,20,8113,1,2.2,,,,,,,,,,-84.73902051,-28.36071,-26.933899,-20.754028,-18.119358
CTGCCACCGGGTAGGGCCGA,20,4644,2,4.39,,,,,,,,,,-91.89740483,-27.814026,-28.738182,-22.99942,-20.351498
CTGTTACGCAGTAGGTCCGA,20,8113,1,2.2,,,,,,,,,,-72.67353533,-27.307854,-26.97026,-22.146324,-23.88715
CTGTTACCGGTTATTTCCGA,20,2923,4,8.78,,,,,,,,,,-91.93485224,-27.565659,-25.469444,-20.132767,-17.411175
CTGATACCGAGTTGATCCGA,20,8113,1,2.2,,,,,,,,,,-88.42074675,-26.691864,-24.594368,-17.43554,-17.024906
CTGTTGCCGGGTACGTCGGA,20,8113,1,2.2,,,,,,,,,,-82.90405327,-28.519241,-28.394882,-22.747452,-21.548847
CTGATACCGGGCAGGCCCGA,20,1999,7,15.37,,,,,,,,,,-96.01768394,-27.042625,-28.177055,-19.779594,-15.200695
CTGCTACCGGATTAGACCGA,20,4644,2,4.39,,,,,,,,,,-99.828919,-26.705437,-26.642899,-16.026093,-12.077217
CTGATACCGGATCGCTCCGA,20,2923,4,8.78,,,,,,,,,,-88.06087137,-27.248055,-26.856895,-19.010544,-14.515579
CTGTTTCCGAGTAGCTCCGA,20,8113,1,2.2,,,,,,,,,,-75.65305075,-28.15197,-27.303833,-23.824944,-23.586838
CTGGTACCAGGTATGTCCGA,20,8113,1,2.2,,,,,,,,,,-87.74542572,-26.970062,-25.274109,-21.044998,-19.659653
CTGTTACCGGTCTGGACCGA,20,8113,1,2.2,,,,,,,,,,-89.02010912,-27.4057,-26.886902,-19.426498,-15.352333
CTGTTACCGGGCTGGGCCGA,20,3487,3,6.59,,,,,,,,,,-88.76282693,-27.654953,-27.999031,-20.828941,-17.87606
CTGTTACCGTGGAGATCCGA,20,4644,2,4.39,,,,,,,,,,-87.62453844,-27.335129,-26.50779,-18.623314,-16.995548
CTGTTTCCGGGCGGATCCGA,20,8113,1,2.2,,,,,,,,,,-83.4957067,-28.298935,-28.211983,-23.005684,-20.422733
CTGATACCGCGTATGTGCGA,20,4644,2,4.39,,,,,,,,,,-93.59459646,-26.833511,-26.107117,-17.542793,-12.8601
CTGTTACCGAGTACTTCCGA,20,4644,2,4.39,,,,,,,,,,-86.83134251,-27.42984,-26.425842,-20.145683,-19.509209
CTGTTACTGGCTATGTCCGA,20,4644,2,4.39,,,,,,,,,,-87.68918225,-26.954605,-25.115631,-19.336906,-17.741203
CTGTTACCGGTTAGGTCGGA,20,3487,3,6.59,,,,,,,,,,-91.34578113,-28.173851,-27.455353,-20.337204,-19.083378
CTGATACCGGGGTGGACCGA,20,8113,1,2.2,,,,,,,,,,-92.86300991,-26.854797,-27.232887,-19.143982,-13.866474
CTGCTGCCGGGTATGTCCGA,20,4644,2,4.39,,,,,,,,,,-91.59383803,-27.8545,-26.77198,-19.202873,-16.264164
CTGTTACCAGGTGGATCCGA,20,8113,1,2.2,,,,,,,,,,-86.47040698,-27.075287,-25.963348,-20.101028,-18.251076
CTGTTACCAGGTCGCTCCGA,20,2923,4,8.78,,,,,,,,,,-81.747074,-27.85801,-27.607101,-22.806618,-20.959892
CTGTTACCTGGTCGGACCGA,20,8113,1,2.2,,,,,,,,,,-80.78877968,-27.256493,-27.013557,-21.99675,-19.628864
CTGTTACCGGCTATCTCCGA,20,2923,4,8.78,,,,,,,,,,-92.78613436,-27.888306,-27.270874,-18.5822,-15.287724
CTGTTACCAAGAACGTCCGA,20,8113,1,2.2,,,,,,,,,,-80.84623899,-26.988724,-27.281158,-23.21074,-23.9379
CTGGTACCGGGAAGGTCGGA,20,8113,1,2.2,,,,,,,,,,-94.39490696,-27.910507,-28.60791,-20.819382,-20.193909
CTGCTACCGGGCAGGTGCGA,20,8113,1,2.2,,,,,,,,,,-98.77260362,-27.48339,-28.614151,-16.861626,-16.11895
CTGTTACCGCGAAAGTCCGA,20,3487,3,6.59,,,,,,,,,,-97.24120232,-27.303757,-27.821648,-16.45665,-15.341618
CTGTAACCGGATAGCTCCGA,20,4644,2,4.39,,,,,,,,,,-85.22088251,-27.236504,-27.229042,-22.01081,-19.238922
CTGTTACGGGGTAAATCCGA,20,8113,1,2.2,,,,,,,,,,-92.79484556,-27.076157,-26.538918,-19.31852,-16.39518
CTGTTACCGGGTTGACCCGA,20,3487,3,6.59,,,,,,,,,,-94.39770622,-26.88221,-26.018417,-17.828918,-14.723129
CTGGTACCGGGTATCTCCGA,20,8113,1,2.2,,,,,,,,,,-91.47013403,-27.606438,-26.717003,-19.665855,-17.553333
CTGTTACTGGGTAGCTGCGA,20,3487,3,6.59,,,,,,,,,,-81.99321753,-26.984268,-26.515335,-21.727005,-21.983253
CTGTTACCGCGCAAGTGCGA,20,3487,3,6.59,,,,,,,,,,-95.29727084,-27.405884,-28.732536,-18.285622,-13.012371
CTGAAACCGGGTAGGTCCGA,20,1205,13,28.54,,,,,,,,,,-89.25232931,-27.188042,-26.864708,-21.17453,-17.138214
CTGTTACCCGGTAGTACCGA,20,8113,1,2.2,,,,,,,,,,-87.50856495,-27.12619,-26.712189,-19.024292,-19.006481
CTGATACCGGGTAGAGCCGA,20,8113,1,2.2,,,,,,,,,,-95.86182792,-26.603493,-26.75483,-17.953903,-14.788692
CTGATACCGGTTAGAACCGA,20,8113,1,2.2,,,,,,,,,,-95.38132651,-26.394615,-26.045357,-18.675156,-14.232891
CTGTTACCGGGAACGTTCGA,20,3487,3,6.59,,,,,,,,,,-91.88767789,-27.882034,-28.834969,-19.66433,-18.135601
CTGGTACCCGGTTGTTCCGA,20,8113,1,2.2,,,,,,,,,,-81.48221447,-27.66314,-25.193146,-19.008743,-19.572998
CTGTCACCGGGCAGGGCCGA,20,4644,2,4.39,,,,,,,,,,-83.77631418,-27.799385,-29.353737,-26.007324,-22.91077
CTGTTTCCGGGAAGCTCCGA,20,3487,3,6.59,,,,,,,,,,-87.81291104,-28.233528,-28.378838,-22.453308,-19.596024
CTGCTACCGGGAGAGACCGA,20,4644,2,4.39,,,,,,,,,,-104.6056766,-26.94954,-28.519302,-14.916534,-11.024761
CTGTTACTGGGCAGTTCCGA,20,8113,1,2.2,,,,,,,,,,-86.28549016,-27.386635,-26.452103,-22.542511,-19.830719
CTGATACCGGATACGTCCGA,20,1397,11,24.15,,,,,,,,,,-94.18742589,-26.675941,-26.031174,-16.966888,-12.145336
CTGTAACCGGGAAGGCCCGA,20,2216,6,13.17,,,,,,,,,,-90.51246676,-27.058403,-28.732903,-24.32434,-20.795696
CTGTTTCTGGGAAGGTCCGA,20,4644,2,4.39,,,,,,,,,,-81.4009031,-27.973976,-27.396759,-24.813927,-22.673946
CTGTTACCGAGGAACTCCGA,20,8113,1,2.2,,,,,,,,,,-90.27179779,-27.415237,-28.211693,-19.920135,-19.039364
CTGATACGGCGTTGGTCCGA,20,8113,1,2.2,,,,,,,,,,-80.85408313,-27.39869,-25.643303,-19.78888,-19.917854
CTGATACCGGGATGATCCGA,20,3487,3,6.59,,,,,,,,,,-97.9966567,-26.636375,-25.395264,-15.4627,-10.993687
CTGTTACCTGGTAGGGCGGA,20,8113,1,2.2,,,,,,,,,,-82.33504852,-27.526253,-27.835037,-22.892952,-22.2477
CTGTTATCGGATAGTTCCGA,20,4644,2,4.39,,,,,,,,,,-87.45477345,-27.437958,-25.579636,-21.97889,-19.308926
CTGTTACCGGATCGTCCCGA,20,8113,1,2.2,,,,,,,,,,-87.5667704,-27.422478,-26.76213,-19.912018,-16.675755
CTGTTACGGGGTACGACCGA,20,8113,1,2.2,,,,,,,,,,-86.39539292,-27.036057,-27.293732,-20.407913,-18.480572
CTGTTATCGGGTAGGCCCGA,20,2500,5,10.98,,,,,,,,,,-88.28537122,-27.39141,-27.384872,-21.876617,-19.580849
CTGTTACCAGCTATGTCCGA,20,3487,3,6.59,,,,,,,,,,-87.40439564,-27.028229,-25.496155,-19.632652,-17.895638
CTGCTACCGGTTTGGACCGA,20,8113,1,2.2,,,,,,,,,,-94.66592294,-27.155563,-26.504349,-17.697235,-14.41301
CTGCTACCGGGTTGGGCCGA,20,1800,8,17.56,,,,,,,,,,-95.17276136,-27.32772,-27.022774,-17.074905,-14.923805
CTGCTACCGGGTCGTTCCGA,20,1397,11,24.15,,,,,,,,,,-96.40740329,-27.960457,-26.935379,-16.679,-12.972675
CTGCTACCGGGGGGGACCGA,20,8113,1,2.2,,,,,,,,,,-97.80674065,-27.565369,-29.766022,-18.91906,-14.115082
CTGTTATCGGATACTTCCGA,20,8113,1,2.2,,,,,,,,,,-86.49030983,-27.390152,-25.95874,-22.304977,-19.796906
CTGTCACCGGGTTGCTCCGA,20,8113,1,2.2,,,,,,,,,,-83.29881808,-27.86544,-26.55114,-22.260155,-18.919067
CTGCTACCGGCAATGTCCGA,20,4644,2,4.39,,,,,,,,,,-104.0498509,-26.958794,-26.413292,-12.415871,-9.0805435
CTGTTACCGTGCAGCACCGA,20,8113,1,2.2,,,,,,,,,,-81.84815145,-26.85952,-26.921532,-21.371254,-20.64507
CTGTTACCGGGACGTTGCGA,20,8113,1,2.2,,,,,,,,,,-89.54749343,-27.610481,-27.648933,-18.849937,-18.928295
CTGATACCGGCGACGTCCGA,20,4644,2,4.39,,,,,,,,,,-95.22666871,-27.344498,-28.164223,-17.546196,-12.224365
CTGTTACGGGGTAGGACCGA,20,1303,12,26.34,,,,,,,,,,-87.52923357,-27.223877,-27.517288,-21.563354,-19.268219
CTGTTATCGGGTACGCCCGA,20,8113,1,2.2,,,,,,,,,,-87.63541063,-27.215607,-27.077179,-20.848038,-18.647976
CTGGTACCGGCTAGCTCCGA,20,3487,3,6.59,,,,,,,,,,-91.2661382,-27.753662,-27.582191,-18.142128,-16.135952
CTGCTACCGGGCAGCTCCGA,20,1397,11,24.15,,,,,,,,,,-99.90136748,-27.79486,-28.956116,-16.863762,-13.571838
CTGATACCGGGTAGTCCCGA,20,3487,3,6.59,,,,,,,,,,-95.46150919,-26.888641,-26.13514,-18.034363,-13.532116
CTGCTACTGGGCAGGTCCGA,20,8113,1,2.2,,,,,,,,,,-96.38083879,-27.35057,-27.335884,-20.288956,-18.302338
CTGTTACCGGTCATGTCCGA,20,1133,14,30.73,,,,,,,,,,-93.64666431,-27.469246,-25.93879,-17.944107,-14.011532
CTGTAACCGGGAACGCCCGA,20,8113,1,2.2,,,,,,,,,,-90.11115425,-26.857742,-29.020767,-24.321518,-20.786514
CTGTCACCGGACAGATCCGA,20,8113,1,2.2,,,,,,,,,,-89.37595849,-27.110489,-27.433678,-22.887032,-18.596241
CTGAAACCGGGTACGTCCGA,20,8113,1,2.2,,,,,,,,,,-88.35207693,-27.058403,-27.422401,-22.06752,-17.825691
CTGCTACCCGGTAGGACCGA,20,8113,1,2.2,,,,,,,,,,-94.11989191,-27.24797,-28.217926,-17.289421,-16.236809
CTGTCACCGGGGGGGTCGGA,20,8113,1,2.2,,,,,,,,,,-82.61767291,-28.854095,-30.33294,-26.355408,-23.865116
CTGTTACCGGCTAAGCCCGA,20,2923,4,8.78,,,,,,,,,,-98.5023282,-27.052803,-27.489166,-17.113617,-14.154797
CTGTTACCGGCTCTGTCCGA,20,1999,7,15.37,,,,,,,,,,-91.84866758,-28.053604,-26.93155,-19.01876,-14.379684
CTGTTACCGGCTTGCACCGA,20,8113,1,2.2,,,,,,,,,,-88.99626486,-27.115791,-26.627777,-18.667892,-15.560478
CTGTTACTGGCTAACCCCGA,20,8113,1,2.2,,,,,,,,,,-85.39599713,-26.60228,-26.509056,-21.389236,-20.286732
CTGTTACCGGGAAGTTCCGA,20,223,130,285.4,,,,,,,,,,-97.58128478,-27.527138,-26.99459,-17.735077,-14.052311
CTGTTACCGGGTACGTGCGA,20,2216,6,13.17,,,,,,,,,,-92.96095812,-27.246384,-27.260307,-18.316666,-16.652382
CTGTTACTAGGTAGCTCCGA,20,8113,1,2.2,,,,,,,,,,-78.95762128,-27.178787,-26.322693,-23.96537,-23.4613
CTGGTACGGGGTTGGTCCGA,20,4644,2,4.39,,,,,,,,,,-85.10734869,-27.505966,-25.511017,-20.557274,-19.606663
CTGATATCCGGTAGGACCGA,20,8113,1,2.2,,,,,,,,,,-81.8431889,-26.852821,-27.008377,-23.411491,-22.813011
CTGTTACCGGCTTATTCCGA,20,4644,2,4.39,,,,,,,,,,-94.27345627,-27.583542,-26.033302,-18.550674,-15.409683
CTGTTACCTGGTAATTCCGA,20,4644,2,4.39,,,,,,,,,,-87.04472043,-27.044838,-25.325508,-19.985321,-18.702682
CTGGTACCCGCGATGTCGGA,20,8113,1,2.2,,,,,,,,,,-89.57944636,-27.999535,-28.739998,-21.371696,-18.277939
CTGGTACCGGCGCGGACCGA,20,8113,1,2.2,,,,,,,,,,-89.49216024,-27.441414,-29.80584,-22.992676,-19.067932
CTGTTACCGGATACACCCGA,20,8113,1,2.2,,,,,,,,,,-94.40212606,-26.240158,-26.320732,-18.068428,-15.119503
CTGATACCGGGAAGGGCCGA,20,1514,10,21.95,,,,,,,,,,-95.71756652,-26.85067,-27.793198,-18.604752,-15.223446
CTGTTACCGGGAAGATGCGA,20,4644,2,4.39,,,,,,,,,,-96.74080139,-27.052025,-27.445473,-17.00914,-16.506897
CTGCTACCGGGTGAAACCGA,20,8113,1,2.2,,,,,,,,,,-102.8984841,-26.374954,-26.916695,-13.961014,-10.203194
CTGTTACTGGTTTAGTCCGA,20,8113,1,2.2,,,,,,,,,,-88.26258052,-27.218643,-25.57286,-22.278793,-19.362762
CTGTCACCGGATAGCTCCGA,20,3487,3,6.59,,,,,,,,,,-85.0119215,-27.587982,-27.350334,-22.764297,-19.095928
CTGCTATCGGGTTGGTCCGA,20,8113,1,2.2,,,,,,,,,,-94.0353869,-27.582962,-26.22834,-19.91555,-17.639019
CTGTTTCTGGGTAGATCCGA,20,4644,2,4.39,,,,,,,,,,-80.05033149,-27.677094,-25.977623,-23.7538,-21.785141
CTGTAACCGGGTAGACCCGA,20,8113,1,2.2,,,,,,,,,,-88.54832025,-26.799088,-27.67044,-23.37764,-19.600918
CTGTTACCGGCCGTGTCCGA,20,8113,1,2.2,,,,,,,,,,-91.66811462,-28.084595,-27.754456,-19.545288,-15.3494
CTGCTACCGGGTCACACCGA,20,8113,1,2.2,,,,,,,,,,-98.92773262,-26.885551,-27.604805,-15.614464,-11.888454
CTGTAACCGGGACGGGCCGA,20,8113,1,2.2,,,,,,,,,,-83.81374371,-27.388306,-29.569763,-26.355118,-24.119835
CTGCTACCGGCGAGGGCCGA,20,8113,1,2.2,,,,,,,,,,-98.8466667,-27.502068,-29.192764,-17.177597,-12.199474
CTGTTACCGGGGAGGGCGGA,20,8113,1,2.2,,,,,,,,,,-89.35324826,-27.8675,-29.475883,-21.429245,-21.032063
CTGTTACCGGGAGGCTCCGA,20,2216,6,13.17,,,,,,,,,,-95.02237944,-27.969704,-28.670456,-19.693474,-15.667526
CTGTTACTGGGAGGGTCCGA,20,4644,2,4.39,,,,,,,,,,-89.5352339,-27.515587,-27.454689,-23.174797,-20.152607
CTGTAACCGGACGGGTCCGA,20,8113,1,2.2,,,,,,,,,,-85.18773971,-27.643196,-28.80719,-25.244812,-21.177536
CTGTTACCGCGTACGACCGA,20,8113,1,2.2,,,,,,,,,,-89.49191535,-27.134544,-27.637459,-18.508469,-18.079704
CTGATACCGGGTTCGTCCGA,20,688,24,52.69,,,,,,,,,,-93.52668026,-27.44931,-26.079475,-17.749977,-12.8255005
CTGTTACTGAGTAGATCCGA,20,8113,1,2.2,,,,,,,,,,-82.31801914,-26.78608,-25.366661,-21.585548,-20.598568
CTGTTACCGCGTAGGACCGA,20,1303,12,26.34,,,,,,,,,,-89.98191787,-27.320847,-27.885864,-19.097221,-18.36668
CTGTAACCGGCTAGCACCGA,20,8113,1,2.2,,,,,,,,,,-83.94421409,-27.028702,-28.468048,-24.051949,-21.551582
CTGTTACCGGGACCATCCGA,20,3487,3,6.59,,,,,,,,,,-97.10288774,-27.371613,-27.432693,-17.98957,-13.946465
CTGACACCGGGCAGGTTCGA,20,8113,1,2.2,,,,,,,,,,-81.64376189,-28.101334,-27.880669,-24.303207,-22.260376
CTGCTACCGGATAGGGCCGA,20,2923,4,8.78,,,,,,,,,,-96.22269456,-26.981316,-27.500542,-16.999023,-14.756096
CTGTTACCGGGGGACTCCGA,20,8113,1,2.2,,,,,,,,,,-96.41771016,-27.963371,-29.052345,-19.60035,-15.30122
CTGTTATGGGTTAGGTCCGA,20,8113,1,2.2,,,,,,,,,,-79.26460992,-28.130028,-27.026634,-25.549644,-23.094952
CTGTTACCGGGGCAATCCGA,20,2923,4,8.78,,,,,,,,,,-98.46004779,-27.281609,-27.56855,-17.482925,-13.348759
CTGCTACCGTGCAAGTCCGA,20,8113,1,2.2,,,,,,,,,,-96.4631184,-27.021599,-26.868523,-16.510307,-14.716873
CTGTTACCGGATATCACCGA,20,8113,1,2.2,,,,,,,,,,-91.20302888,-26.67456,-26.03009,-18.770378,-15.740513
CTGATACCGGGCAGCGCCGA,20,8113,1,2.2,,,,,,,,,,-89.99768901,-27.029892,-28.536598,-20.86805,-18.058475
CTGATTCCTGTTAGGTCCGA,20,8113,1,2.2,,,,,,,,,,-73.8368454,-27.661125,-26.186646,-24.966461,-23.755543
CTGGTATCCGGTAGGTGCGA,20,8113,1,2.2,,,,,,,,,,-79.53497227,-27.278854,-27.379707,-24.587868,-26.316423
CTGTTACCGAACTGGTCCGA,20,8113,1,2.2,,,,,,,,,,-83.18777132,-27.111153,-26.274727,-19.964363,-19.10073
CTGTTACCGGGGAGCACCGA,20,8113,1,2.2,,,,,,,,,,-93.56738894,-27.198593,-28.463043,-19.535393,-16.237453
CTGTTACCGGCTACATCGGA,20,8113,1,2.2,,,,,,,,,,-93.52627405,-27.610054,-27.881706,-18.619308,-17.429195
CTGTTACCGGATAGACCCGA,20,2216,6,13.17,,,,,,,,,,-95.10018901,-26.586838,-26.477455,-18.148888,-14.734524
CTGTTACCAGGAAGATCCGA,20,4644,2,4.39,,,,,,,,,,-92.22346307,-26.97837,-26.64402,-19.830116,-18.204712
CTGTTACCGGGAACATGCGA,20,8113,1,2.2,,,,,,,,,,-96.30182014,-26.802513,-27.456123,-17.008018,-16.391457
CTGTCACCGCCTAGGTCCGA,20,8113,1,2.2,,,,,,,,,,-81.5337018,-28.498444,-28.580269,-23.658752,-21.726002
CTGATATCGGCTTAGTCCGA,20,8113,1,2.2,,,,,,,,,,-90.77230013,-27.400246,-26.424088,-21.344597,-17.183311
CTGCTATCTGGTATGTCCGA,20,8113,1,2.2,,,,,,,,,,-85.92015242,-27.086708,-25.48536,-21.797447,-21.166233
CTGATATCGGGTACATCCGA,20,8113,1,2.2,,,,,,,,,,-91.74302756,-26.766762,-25.55336,-20.128853,-17.181297
CTGGTACCGCGTTGGTCCGA,20,8113,1,2.2,,,,,,,,,,-86.64698562,-27.689209,-26.035988,-18.523071,-18.980827
CTGCTACCGGGATGTCCCGA,20,8113,1,2.2,,,,,,,,,,-100.0770778,-27.024338,-26.578796,-15.593964,-12.493717
CTGTTTCCGGGAGGTTCCGA,20,8113,1,2.2,,,,,,,,,,-83.43613496,-28.44123,-27.734337,-23.09832,-20.675758
CTGTTATCAGGTAGGGCCGA,20,8113,1,2.2,,,,,,,,,,-75.55421716,-27.315117,-27.583061,-26.26931,-25.83966